symbol,exchange,price_limit_ratio,valid_from,valid_to,record_mode,source_id
SH.588000,SSE,0.20,2020-11-16,,CURRENT_SNAPSHOT_RULE_INFERENCE,SSE_CURRENT_20260804
SH.588010,SSE,0.20,2022-10-26,,CURRENT_SNAPSHOT_RULE_INFERENCE,SSE_CURRENT_20260804
SH.588020,SSE,0.20,2023-08-31,,CURRENT_SNAPSHOT_RULE_INFERENCE,SSE_CURRENT_20260804
SH.588030,SSE,0.20,2023-09-15,,CURRENT_SNAPSHOT_RULE_INFERENCE,SSE_CURRENT_20260804
SH.588040,SSE,0.20,2025-04-14,,CURRENT_SNAPSHOT_RULE_INFERENCE,SSE_CURRENT_20260804
SH.588050,SSE,0.20,2020-11-16,,CURRENT_SNAPSHOT_RULE_INFERENCE,SSE_CURRENT_20260804
SH.588060,SSE,0.20,2021-07-29,,CURRENT_SNAPSHOT_RULE_INFERENCE,SSE_CURRENT_20260804
SH.588070,SSE,0.20,2024-11-14,,CURRENT_SNAPSHOT_RULE_INFERENCE,SSE_CURRENT_20260804
SH.588080,SSE,0.20,2020-11-16,,CURRENT_SNAPSHOT_RULE_INFERENCE,SSE_CURRENT_20260804
SH.588090,SSE,0.20,2020-11-16,,CURRENT_SNAPSHOT_RULE_INFERENCE,SSE_CURRENT_20260804
SH.588100,SSE,0.20,2022-05-27,,CURRENT_SNAPSHOT_RULE_INFERENCE,SSE_CURRENT_20260804
SH.588110,SSE,0.20,2023-08-31,,CURRENT_SNAPSHOT_RULE_INFERENCE,SSE_CURRENT_20260804
SH.588120,SSE,0.20,2023-09-15,,CURRENT_SNAPSHOT_RULE_INFERENCE,SSE_CURRENT_20260804
SH.588130,SSE,0.20,2025-05-28,,CURRENT_SNAPSHOT_RULE_INFERENCE,SSE_CURRENT_20260804
SH.588140,SSE,0.20,2025-10-15,,CURRENT_SNAPSHOT_RULE_INFERENCE,SSE_CURRENT_20260804
SH.588150,SSE,0.20,2021-12-20,,CURRENT_SNAPSHOT_RULE_INFERENCE,SSE_CURRENT_20260804
SH.588160,SSE,0.20,2022-10-26,,CURRENT_SNAPSHOT_RULE_INFERENCE,SSE_CURRENT_20260804
SH.588170,SSE,0.20,2025-04-08,,CURRENT_SNAPSHOT_RULE_INFERENCE,SSE_CURRENT_20260804
SH.588180,SSE,0.20,2021-07-01,,CURRENT_SNAPSHOT_RULE_INFERENCE,SSE_CURRENT_20260804
SH.588190,SSE,0.20,2023-09-15,,CURRENT_SNAPSHOT_RULE_INFERENCE,SSE_CURRENT_20260804
SH.588200,SSE,0.20,2022-10-26,,CURRENT_SNAPSHOT_RULE_INFERENCE,SSE_CURRENT_20260804
SH.588210,SSE,0.20,2023-11-16,,CURRENT_SNAPSHOT_RULE_INFERENCE,SSE_CURRENT_20260804
SH.588220,SSE,0.20,2023-09-15,,CURRENT_SNAPSHOT_RULE_INFERENCE,SSE_CURRENT_20260804
SH.588230,SSE,0.20,2024-12-24,,CURRENT_SNAPSHOT_RULE_INFERENCE,SSE_CURRENT_20260804
SH.588240,SSE,0.20,2025-02-25,,CURRENT_SNAPSHOT_RULE_INFERENCE,SSE_CURRENT_20260804
SH.588250,SSE,0.20,2025-03-21,,CURRENT_SNAPSHOT_RULE_INFERENCE,SSE_CURRENT_20260804
SH.588260,SSE,0.20,2022-05-27,,CURRENT_SNAPSHOT_RULE_INFERENCE,SSE_CURRENT_20260804
SH.588270,SSE,0.20,2025-06-16,,CURRENT_SNAPSHOT_RULE_INFERENCE,SSE_CURRENT_20260804
SH.588280,SSE,0.20,2021-10-29,,CURRENT_SNAPSHOT_RULE_INFERENCE,SSE_CURRENT_20260804
SH.588290,SSE,0.20,2022-10-26,,CURRENT_SNAPSHOT_RULE_INFERENCE,SSE_CURRENT_20260804
SH.588300,SSE,0.20,2021-07-05,,CURRENT_SNAPSHOT_RULE_INFERENCE,SSE_CURRENT_20260804
SH.588310,SSE,0.20,2021-12-02,,CURRENT_SNAPSHOT_RULE_INFERENCE,SSE_CURRENT_20260804
SH.588320,SSE,0.20,2023-01-06,,CURRENT_SNAPSHOT_RULE_INFERENCE,SSE_CURRENT_20260804
SH.588330,SSE,0.20,2021-07-06,,CURRENT_SNAPSHOT_RULE_INFERENCE,SSE_CURRENT_20260804
SH.588350,SSE,0.20,2022-11-10,,CURRENT_SNAPSHOT_RULE_INFERENCE,SSE_CURRENT_20260804
SH.588360,SSE,0.20,2021-07-06,,CURRENT_SNAPSHOT_RULE_INFERENCE,SSE_CURRENT_20260804
SH.588370,SSE,0.20,2022-12-13,,CURRENT_SNAPSHOT_RULE_INFERENCE,SSE_CURRENT_20260804
SH.588380,SSE,0.20,2021-07-06,,CURRENT_SNAPSHOT_RULE_INFERENCE,SSE_CURRENT_20260804
SH.588390,SSE,0.20,2021-08-30,,CURRENT_SNAPSHOT_RULE_INFERENCE,SSE_CURRENT_20260804
SH.588400,SSE,0.20,2021-07-05,,CURRENT_SNAPSHOT_RULE_INFERENCE,SSE_CURRENT_20260804
SH.588410,SSE,0.20,2026-01-05,,CURRENT_SNAPSHOT_RULE_INFERENCE,SSE_CURRENT_20260804
SH.588420,SSE,0.20,2026-01-05,,CURRENT_SNAPSHOT_RULE_INFERENCE,SSE_CURRENT_20260804
SH.588430,SSE,0.20,2025-12-29,,CURRENT_SNAPSHOT_RULE_INFERENCE,SSE_CURRENT_20260804
SH.588450,SSE,0.20,2024-05-22,,CURRENT_SNAPSHOT_RULE_INFERENCE,SSE_CURRENT_20260804
SH.588460,SSE,0.20,2023-01-05,,CURRENT_SNAPSHOT_RULE_INFERENCE,SSE_CURRENT_20260804
SH.588470,SSE,0.20,2026-05-28,,CURRENT_SNAPSHOT_RULE_INFERENCE,SSE_CURRENT_20260804
SH.588480,SSE,0.20,2026-05-12,,CURRENT_SNAPSHOT_RULE_INFERENCE,SSE_CURRENT_20260804
SH.588500,SSE,0.20,2024-07-19,,CURRENT_SNAPSHOT_RULE_INFERENCE,SSE_CURRENT_20260804
SH.588510,SSE,0.20,2026-05-29,,CURRENT_SNAPSHOT_RULE_INFERENCE,SSE_CURRENT_20260804
SH.588520,SSE,0.20,2025-07-08,,CURRENT_SNAPSHOT_RULE_INFERENCE,SSE_CURRENT_20260804
SH.588550,SSE,0.20,2025-09-12,,CURRENT_SNAPSHOT_RULE_INFERENCE,SSE_CURRENT_20260804
SH.588660,SSE,0.20,2025-03-17,,CURRENT_SNAPSHOT_RULE_INFERENCE,SSE_CURRENT_20260804
SH.588670,SSE,0.20,2025-06-13,,CURRENT_SNAPSHOT_RULE_INFERENCE,SSE_CURRENT_20260804
SH.588680,SSE,0.20,2024-07-05,,CURRENT_SNAPSHOT_RULE_INFERENCE,SSE_CURRENT_20260804
SH.588690,SSE,0.20,2025-08-29,,CURRENT_SNAPSHOT_RULE_INFERENCE,SSE_CURRENT_20260804
SH.588700,SSE,0.20,2024-01-05,,CURRENT_SNAPSHOT_RULE_INFERENCE,SSE_CURRENT_20260804
SH.588710,SSE,0.20,2025-06-04,,CURRENT_SNAPSHOT_RULE_INFERENCE,SSE_CURRENT_20260804
SH.588720,SSE,0.20,2025-04-15,,CURRENT_SNAPSHOT_RULE_INFERENCE,SSE_CURRENT_20260804
SH.588730,SSE,0.20,2025-01-24,,CURRENT_SNAPSHOT_RULE_INFERENCE,SSE_CURRENT_20260804
SH.588750,SSE,0.20,2024-12-26,,CURRENT_SNAPSHOT_RULE_INFERENCE,SSE_CURRENT_20260804
SH.588760,SSE,0.20,2025-01-23,,CURRENT_SNAPSHOT_RULE_INFERENCE,SSE_CURRENT_20260804
SH.588770,SSE,0.20,2025-03-24,,CURRENT_SNAPSHOT_RULE_INFERENCE,SSE_CURRENT_20260804
SH.588780,SSE,0.20,2024-12-26,,CURRENT_SNAPSHOT_RULE_INFERENCE,SSE_CURRENT_20260804
SH.588790,SSE,0.20,2025-01-09,,CURRENT_SNAPSHOT_RULE_INFERENCE,SSE_CURRENT_20260804
SH.588800,SSE,0.20,2023-11-16,,CURRENT_SNAPSHOT_RULE_INFERENCE,SSE_CURRENT_20260804
SH.588810,SSE,0.20,2025-01-09,,CURRENT_SNAPSHOT_RULE_INFERENCE,SSE_CURRENT_20260804
SH.588820,SSE,0.20,2025-01-06,,CURRENT_SNAPSHOT_RULE_INFERENCE,SSE_CURRENT_20260804
SH.588830,SSE,0.20,2024-08-09,,CURRENT_SNAPSHOT_RULE_INFERENCE,SSE_CURRENT_20260804
SH.588840,SSE,0.20,2025-03-10,,CURRENT_SNAPSHOT_RULE_INFERENCE,SSE_CURRENT_20260804
SH.588850,SSE,0.20,2025-04-24,,CURRENT_SNAPSHOT_RULE_INFERENCE,SSE_CURRENT_20260804
SH.588860,SSE,0.20,2024-08-23,,CURRENT_SNAPSHOT_RULE_INFERENCE,SSE_CURRENT_20260804
SH.588870,SSE,0.20,2025-01-27,,CURRENT_SNAPSHOT_RULE_INFERENCE,SSE_CURRENT_20260804
SH.588880,SSE,0.20,2023-11-16,,CURRENT_SNAPSHOT_RULE_INFERENCE,SSE_CURRENT_20260804
SH.588890,SSE,0.20,2024-04-23,,CURRENT_SNAPSHOT_RULE_INFERENCE,SSE_CURRENT_20260804
SH.588900,SSE,0.20,2023-12-18,,CURRENT_SNAPSHOT_RULE_INFERENCE,SSE_CURRENT_20260804
SH.588910,SSE,0.20,2025-04-07,,CURRENT_SNAPSHOT_RULE_INFERENCE,SSE_CURRENT_20260804
SH.588920,SSE,0.20,2025-07-28,,CURRENT_SNAPSHOT_RULE_INFERENCE,SSE_CURRENT_20260804
SH.588930,SSE,0.20,2025-01-14,,CURRENT_SNAPSHOT_RULE_INFERENCE,SSE_CURRENT_20260804
SH.588940,SSE,0.20,2025-06-03,,CURRENT_SNAPSHOT_RULE_INFERENCE,SSE_CURRENT_20260804
SH.588950,SSE,0.20,2025-01-24,,CURRENT_SNAPSHOT_RULE_INFERENCE,SSE_CURRENT_20260804
SH.588960,SSE,0.20,2025-02-19,,CURRENT_SNAPSHOT_RULE_INFERENCE,SSE_CURRENT_20260804
SH.588980,SSE,0.20,2025-08-01,,CURRENT_SNAPSHOT_RULE_INFERENCE,SSE_CURRENT_20260804
SH.588990,SSE,0.20,2024-08-16,,CURRENT_SNAPSHOT_RULE_INFERENCE,SSE_CURRENT_20260804
SH.589000,SSE,0.20,2025-03-05,,CURRENT_SNAPSHOT_RULE_INFERENCE,SSE_CURRENT_20260804
SH.589010,SSE,0.20,2025-04-09,,CURRENT_SNAPSHOT_RULE_INFERENCE,SSE_CURRENT_20260804
SH.589020,SSE,0.20,2025-09-04,,CURRENT_SNAPSHOT_RULE_INFERENCE,SSE_CURRENT_20260804
SH.589030,SSE,0.20,2026-01-19,,CURRENT_SNAPSHOT_RULE_INFERENCE,SSE_CURRENT_20260804
SH.589050,SSE,0.20,2025-08-18,,CURRENT_SNAPSHOT_RULE_INFERENCE,SSE_CURRENT_20260804
SH.589060,SSE,0.20,2025-03-27,,CURRENT_SNAPSHOT_RULE_INFERENCE,SSE_CURRENT_20260804
SH.589070,SSE,0.20,2026-01-23,,CURRENT_SNAPSHOT_RULE_INFERENCE,SSE_CURRENT_20260804
SH.589080,SSE,0.20,2025-03-05,,CURRENT_SNAPSHOT_RULE_INFERENCE,SSE_CURRENT_20260804
SH.589090,SSE,0.20,2025-08-27,,CURRENT_SNAPSHOT_RULE_INFERENCE,SSE_CURRENT_20260804
SH.589100,SSE,0.20,2025-04-07,,CURRENT_SNAPSHOT_RULE_INFERENCE,SSE_CURRENT_20260804
SH.589110,SSE,0.20,2025-10-15,,CURRENT_SNAPSHOT_RULE_INFERENCE,SSE_CURRENT_20260804
SH.589120,SSE,0.20,2025-09-19,,CURRENT_SNAPSHOT_RULE_INFERENCE,SSE_CURRENT_20260804
SH.589130,SSE,0.20,2026-01-08,,CURRENT_SNAPSHOT_RULE_INFERENCE,SSE_CURRENT_20260804
SH.589150,SSE,0.20,2026-01-06,,CURRENT_SNAPSHOT_RULE_INFERENCE,SSE_CURRENT_20260804
SH.589160,SSE,0.20,2026-01-30,,CURRENT_SNAPSHOT_RULE_INFERENCE,SSE_CURRENT_20260804
SH.589170,SSE,0.20,2026-02-06,,CURRENT_SNAPSHOT_RULE_INFERENCE,SSE_CURRENT_20260804
SH.589180,SSE,0.20,2025-06-16,,CURRENT_SNAPSHOT_RULE_INFERENCE,SSE_CURRENT_20260804
SH.589190,SSE,0.20,2026-01-27,,CURRENT_SNAPSHOT_RULE_INFERENCE,SSE_CURRENT_20260804
SH.589200,SSE,0.20,2025-08-08,,CURRENT_SNAPSHOT_RULE_INFERENCE,SSE_CURRENT_20260804
SH.589210,SSE,0.20,2025-12-23,,CURRENT_SNAPSHOT_RULE_INFERENCE,SSE_CURRENT_20260804
SH.589220,SSE,0.20,2026-01-26,,CURRENT_SNAPSHOT_RULE_INFERENCE,SSE_CURRENT_20260804
SH.589230,SSE,0.20,2026-02-02,,CURRENT_SNAPSHOT_RULE_INFERENCE,SSE_CURRENT_20260804
SH.589250,SSE,0.20,2026-04-01,,CURRENT_SNAPSHOT_RULE_INFERENCE,SSE_CURRENT_20260804
SH.589260,SSE,0.20,2026-04-02,,CURRENT_SNAPSHOT_RULE_INFERENCE,SSE_CURRENT_20260804
SH.589270,SSE,0.20,2026-04-28,,CURRENT_SNAPSHOT_RULE_INFERENCE,SSE_CURRENT_20260804
SH.589280,SSE,0.20,2026-05-20,,CURRENT_SNAPSHOT_RULE_INFERENCE,SSE_CURRENT_20260804
SH.589290,SSE,0.20,2026-06-26,,CURRENT_SNAPSHOT_RULE_INFERENCE,SSE_CURRENT_20260804
SH.589300,SSE,0.20,2025-04-17,,CURRENT_SNAPSHOT_RULE_INFERENCE,SSE_CURRENT_20260804
SH.589310,SSE,0.20,2026-07-03,,CURRENT_SNAPSHOT_RULE_INFERENCE,SSE_CURRENT_20260804
SH.589320,SSE,0.20,2026-05-28,,CURRENT_SNAPSHOT_RULE_INFERENCE,SSE_CURRENT_20260804
SH.589330,SSE,0.20,2026-05-29,,CURRENT_SNAPSHOT_RULE_INFERENCE,SSE_CURRENT_20260804
SH.589350,SSE,0.20,2026-06-30,,CURRENT_SNAPSHOT_RULE_INFERENCE,SSE_CURRENT_20260804
SH.589360,SSE,0.20,2026-06-26,,CURRENT_SNAPSHOT_RULE_INFERENCE,SSE_CURRENT_20260804
SH.589380,SSE,0.20,2025-07-01,,CURRENT_SNAPSHOT_RULE_INFERENCE,SSE_CURRENT_20260804
SH.589390,SSE,0.20,2026-07-10,,CURRENT_SNAPSHOT_RULE_INFERENCE,SSE_CURRENT_20260804
SH.589400,SSE,0.20,2026-07-09,,CURRENT_SNAPSHOT_RULE_INFERENCE,SSE_CURRENT_20260804
SH.589410,SSE,0.20,2026-07-16,,CURRENT_SNAPSHOT_RULE_INFERENCE,SSE_CURRENT_20260804
SH.589420,SSE,0.20,2026-07-09,,CURRENT_SNAPSHOT_RULE_INFERENCE,SSE_CURRENT_20260804
SH.589500,SSE,0.20,2025-03-03,,CURRENT_SNAPSHOT_RULE_INFERENCE,SSE_CURRENT_20260804
SH.589520,SSE,0.20,2025-03-13,,CURRENT_SNAPSHOT_RULE_INFERENCE,SSE_CURRENT_20260804
SH.589550,SSE,0.20,2025-07-28,,CURRENT_SNAPSHOT_RULE_INFERENCE,SSE_CURRENT_20260804
SH.589560,SSE,0.20,2025-09-05,,CURRENT_SNAPSHOT_RULE_INFERENCE,SSE_CURRENT_20260804
SH.589580,SSE,0.20,2025-06-11,,CURRENT_SNAPSHOT_RULE_INFERENCE,SSE_CURRENT_20260804
SH.589600,SSE,0.20,2025-03-07,,CURRENT_SNAPSHOT_RULE_INFERENCE,SSE_CURRENT_20260804
SH.589630,SSE,0.20,2025-03-12,,CURRENT_SNAPSHOT_RULE_INFERENCE,SSE_CURRENT_20260804
SH.589660,SSE,0.20,2025-03-05,,CURRENT_SNAPSHOT_RULE_INFERENCE,SSE_CURRENT_20260804
SH.589680,SSE,0.20,2025-03-05,,CURRENT_SNAPSHOT_RULE_INFERENCE,SSE_CURRENT_20260804
SH.589700,SSE,0.20,2025-06-05,,CURRENT_SNAPSHOT_RULE_INFERENCE,SSE_CURRENT_20260804
SH.589720,SSE,0.20,2025-08-01,,CURRENT_SNAPSHOT_RULE_INFERENCE,SSE_CURRENT_20260804
SH.589770,SSE,0.20,2025-03-05,,CURRENT_SNAPSHOT_RULE_INFERENCE,SSE_CURRENT_20260804
SH.589780,SSE,0.20,2025-09-26,,CURRENT_SNAPSHOT_RULE_INFERENCE,SSE_CURRENT_20260804
SH.589800,SSE,0.20,2025-03-04,,CURRENT_SNAPSHOT_RULE_INFERENCE,SSE_CURRENT_20260804
SH.589820,SSE,0.20,2025-09-15,,CURRENT_SNAPSHOT_RULE_INFERENCE,SSE_CURRENT_20260804
SH.589850,SSE,0.20,2025-08-11,,CURRENT_SNAPSHOT_RULE_INFERENCE,SSE_CURRENT_20260804
SH.589860,SSE,0.20,2025-03-05,,CURRENT_SNAPSHOT_RULE_INFERENCE,SSE_CURRENT_20260804
SH.589880,SSE,0.20,2025-02-28,,CURRENT_SNAPSHOT_RULE_INFERENCE,SSE_CURRENT_20260804
SH.589890,SSE,0.20,2025-03-05,,CURRENT_SNAPSHOT_RULE_INFERENCE,SSE_CURRENT_20260804
SH.589900,SSE,0.20,2025-03-05,,CURRENT_SNAPSHOT_RULE_INFERENCE,SSE_CURRENT_20260804
SH.589950,SSE,0.20,2025-10-17,,CURRENT_SNAPSHOT_RULE_INFERENCE,SSE_CURRENT_20260804
SH.589960,SSE,0.20,2025-09-22,,CURRENT_SNAPSHOT_RULE_INFERENCE,SSE_CURRENT_20260804
SH.589980,SSE,0.20,2025-05-12,,CURRENT_SNAPSHOT_RULE_INFERENCE,SSE_CURRENT_20260804
SH.589990,SSE,0.20,2025-03-05,,CURRENT_SNAPSHOT_RULE_INFERENCE,SSE_CURRENT_20260804
SZ.159009,SZSE,0.20,2026-04-14,,CURRENT_SNAPSHOT_RULE_INFERENCE,SZSE_CURRENT_20260804
SZ.159012,SZSE,0.20,2026-05-20,,CURRENT_SNAPSHOT_RULE_INFERENCE,SZSE_CURRENT_20260804
SZ.159022,SZSE,0.20,2026-04-24,,CURRENT_SNAPSHOT_RULE_INFERENCE,SZSE_CURRENT_20260804
SZ.159069,SZSE,0.20,2026-07-21,,CURRENT_SNAPSHOT_RULE_INFERENCE,SZSE_CURRENT_20260804
SZ.159076,SZSE,0.20,2026-07-08,,CURRENT_SNAPSHOT_RULE_INFERENCE,SZSE_CURRENT_20260804
SZ.159107,SZSE,0.20,2025-09-22,,CURRENT_SNAPSHOT_RULE_INFERENCE,SZSE_CURRENT_20260804
SZ.159122,SZSE,0.20,2025-11-03,,CURRENT_SNAPSHOT_RULE_INFERENCE,SZSE_CURRENT_20260804
SZ.159139,SZSE,0.20,2025-12-19,,CURRENT_SNAPSHOT_RULE_INFERENCE,SZSE_CURRENT_20260804
SZ.159140,SZSE,0.20,2025-12-18,,CURRENT_SNAPSHOT_RULE_INFERENCE,SZSE_CURRENT_20260804
SZ.159141,SZSE,0.20,2025-12-11,,CURRENT_SNAPSHOT_RULE_INFERENCE,SZSE_CURRENT_20260804
SZ.159142,SZSE,0.20,2025-12-12,,CURRENT_SNAPSHOT_RULE_INFERENCE,SZSE_CURRENT_20260804
SZ.159149,SZSE,0.20,2026-01-20,,CURRENT_SNAPSHOT_RULE_INFERENCE,SZSE_CURRENT_20260804
SZ.159187,SZSE,0.20,2026-04-01,,CURRENT_SNAPSHOT_RULE_INFERENCE,SZSE_CURRENT_20260804
SZ.159190,SZSE,0.20,2026-03-30,,CURRENT_SNAPSHOT_RULE_INFERENCE,SZSE_CURRENT_20260804
SZ.159205,SZSE,0.20,2025-06-12,,CURRENT_SNAPSHOT_RULE_INFERENCE,SZSE_CURRENT_20260804
SZ.159242,SZSE,0.20,2025-07-24,,CURRENT_SNAPSHOT_RULE_INFERENCE,SZSE_CURRENT_20260804
SZ.159243,SZSE,0.20,2026-01-05,,CURRENT_SNAPSHOT_RULE_INFERENCE,SZSE_CURRENT_20260804
SZ.159246,SZSE,0.20,2025-07-10,,CURRENT_SNAPSHOT_RULE_INFERENCE,SZSE_CURRENT_20260804
SZ.159247,SZSE,0.20,2026-02-02,,CURRENT_SNAPSHOT_RULE_INFERENCE,SZSE_CURRENT_20260804
SZ.159256,SZSE,0.20,2025-08-04,,CURRENT_SNAPSHOT_RULE_INFERENCE,SZSE_CURRENT_20260804
SZ.159261,SZSE,0.20,2025-07-07,,CURRENT_SNAPSHOT_RULE_INFERENCE,SZSE_CURRENT_20260804
SZ.159270,SZSE,0.20,2025-07-24,,CURRENT_SNAPSHOT_RULE_INFERENCE,SZSE_CURRENT_20260804
SZ.159279,SZSE,0.20,2025-09-29,,CURRENT_SNAPSHOT_RULE_INFERENCE,SZSE_CURRENT_20260804
SZ.159287,SZSE,0.20,2025-08-27,,CURRENT_SNAPSHOT_RULE_INFERENCE,SZSE_CURRENT_20260804
SZ.159288,SZSE,0.20,2025-09-26,,CURRENT_SNAPSHOT_RULE_INFERENCE,SZSE_CURRENT_20260804
SZ.159289,SZSE,0.20,2025-09-15,,CURRENT_SNAPSHOT_RULE_INFERENCE,SZSE_CURRENT_20260804
SZ.159290,SZSE,0.20,2025-09-17,,CURRENT_SNAPSHOT_RULE_INFERENCE,SZSE_CURRENT_20260804
SZ.159291,SZSE,0.20,2025-09-01,,CURRENT_SNAPSHOT_RULE_INFERENCE,SZSE_CURRENT_20260804
SZ.159292,SZSE,0.20,2025-09-02,,CURRENT_SNAPSHOT_RULE_INFERENCE,SZSE_CURRENT_20260804
SZ.159293,SZSE,0.20,2026-01-13,,CURRENT_SNAPSHOT_RULE_INFERENCE,SZSE_CURRENT_20260804
SZ.159295,SZSE,0.20,2025-11-04,,CURRENT_SNAPSHOT_RULE_INFERENCE,SZSE_CURRENT_20260804
SZ.159298,SZSE,0.20,2025-09-08,,CURRENT_SNAPSHOT_RULE_INFERENCE,SZSE_CURRENT_20260804
SZ.159363,SZSE,0.20,2024-12-16,,CURRENT_SNAPSHOT_RULE_INFERENCE,SZSE_CURRENT_20260804
SZ.159367,SZSE,0.20,2025-02-14,,CURRENT_SNAPSHOT_RULE_INFERENCE,SZSE_CURRENT_20260804
SZ.159368,SZSE,0.20,2025-03-24,,CURRENT_SNAPSHOT_RULE_INFERENCE,SZSE_CURRENT_20260804
SZ.159369,SZSE,0.20,2025-08-21,,CURRENT_SNAPSHOT_RULE_INFERENCE,SZSE_CURRENT_20260804
SZ.159370,SZSE,0.20,2025-01-20,,CURRENT_SNAPSHOT_RULE_INFERENCE,SZSE_CURRENT_20260804
SZ.159371,SZSE,0.20,2025-02-12,,CURRENT_SNAPSHOT_RULE_INFERENCE,SZSE_CURRENT_20260804
SZ.159372,SZSE,0.20,2025-06-09,,CURRENT_SNAPSHOT_RULE_INFERENCE,SZSE_CURRENT_20260804
SZ.159373,SZSE,0.20,2025-02-10,,CURRENT_SNAPSHOT_RULE_INFERENCE,SZSE_CURRENT_20260804
SZ.159375,SZSE,0.20,2025-01-10,,CURRENT_SNAPSHOT_RULE_INFERENCE,SZSE_CURRENT_20260804
SZ.159377,SZSE,0.20,2025-04-15,,CURRENT_SNAPSHOT_RULE_INFERENCE,SZSE_CURRENT_20260804
SZ.159381,SZSE,0.20,2025-03-24,,CURRENT_SNAPSHOT_RULE_INFERENCE,SZSE_CURRENT_20260804
SZ.159382,SZSE,0.20,2025-05-09,,CURRENT_SNAPSHOT_RULE_INFERENCE,SZSE_CURRENT_20260804
SZ.159383,SZSE,0.20,2025-02-14,,CURRENT_SNAPSHOT_RULE_INFERENCE,SZSE_CURRENT_20260804
SZ.159387,SZSE,0.20,2025-06-10,,CURRENT_SNAPSHOT_RULE_INFERENCE,SZSE_CURRENT_20260804
SZ.159388,SZSE,0.20,2025-04-07,,CURRENT_SNAPSHOT_RULE_INFERENCE,SZSE_CURRENT_20260804
SZ.159541,SZSE,0.20,2023-10-31,,CURRENT_SNAPSHOT_RULE_INFERENCE,SZSE_CURRENT_20260804
SZ.159563,SZSE,0.20,2024-02-23,,CURRENT_SNAPSHOT_RULE_INFERENCE,SZSE_CURRENT_20260804
SZ.159571,SZSE,0.20,2024-01-02,,CURRENT_SNAPSHOT_RULE_INFERENCE,SZSE_CURRENT_20260804
SZ.159572,SZSE,0.20,2023-12-25,,CURRENT_SNAPSHOT_RULE_INFERENCE,SZSE_CURRENT_20260804
SZ.159573,SZSE,0.20,2023-12-25,,CURRENT_SNAPSHOT_RULE_INFERENCE,SZSE_CURRENT_20260804
SZ.159575,SZSE,0.20,2024-01-02,,CURRENT_SNAPSHOT_RULE_INFERENCE,SZSE_CURRENT_20260804
SZ.159597,SZSE,0.20,2024-05-27,,CURRENT_SNAPSHOT_RULE_INFERENCE,SZSE_CURRENT_20260804
SZ.159603,SZSE,0.20,2022-06-08,,CURRENT_SNAPSHOT_RULE_INFERENCE,SZSE_CURRENT_20260804
SZ.159675,SZSE,0.20,2022-12-02,,CURRENT_SNAPSHOT_RULE_INFERENCE,SZSE_CURRENT_20260804
SZ.159676,SZSE,0.20,2023-04-12,,CURRENT_SNAPSHOT_RULE_INFERENCE,SZSE_CURRENT_20260804
SZ.159681,SZSE,0.20,2023-01-03,,CURRENT_SNAPSHOT_RULE_INFERENCE,SZSE_CURRENT_20260804
SZ.159682,SZSE,0.20,2023-01-03,,CURRENT_SNAPSHOT_RULE_INFERENCE,SZSE_CURRENT_20260804
SZ.159773,SZSE,0.20,2021-10-08,,CURRENT_SNAPSHOT_RULE_INFERENCE,SZSE_CURRENT_20260804
SZ.159777,SZSE,0.20,2021-10-18,,CURRENT_SNAPSHOT_RULE_INFERENCE,SZSE_CURRENT_20260804
SZ.159780,SZSE,0.20,2021-07-05,,CURRENT_SNAPSHOT_RULE_INFERENCE,SZSE_CURRENT_20260804
SZ.159781,SZSE,0.20,2021-07-05,,CURRENT_SNAPSHOT_RULE_INFERENCE,SZSE_CURRENT_20260804
SZ.159782,SZSE,0.20,2021-07-07,,CURRENT_SNAPSHOT_RULE_INFERENCE,SZSE_CURRENT_20260804
SZ.159783,SZSE,0.20,2021-07-05,,CURRENT_SNAPSHOT_RULE_INFERENCE,SZSE_CURRENT_20260804
SZ.159804,SZSE,0.20,2020-08-24,,EFFECTIVE_DATED_OFFICIAL_SEED_CONFIRMED_CURRENT,SZSE_CURRENT_20260804_WITH_2020_SEED
SZ.159808,SZSE,0.20,2020-09-04,,CURRENT_SNAPSHOT_RULE_INFERENCE,SZSE_CURRENT_20260804
SZ.159810,SZSE,0.20,2020-08-24,,EFFECTIVE_DATED_OFFICIAL_SEED_CONFIRMED_CURRENT,SZSE_CURRENT_20260804_WITH_2020_SEED
SZ.159814,SZSE,0.20,2020-08-24,,EFFECTIVE_DATED_OFFICIAL_SEED_CONFIRMED_CURRENT,SZSE_CURRENT_20260804_WITH_2020_SEED
SZ.159821,SZSE,0.20,2020-10-29,,CURRENT_SNAPSHOT_RULE_INFERENCE,SZSE_CURRENT_20260804
SZ.159836,SZSE,0.20,2021-05-25,,CURRENT_SNAPSHOT_RULE_INFERENCE,SZSE_CURRENT_20260804
SZ.159908,SZSE,0.20,2020-08-24,,EFFECTIVE_DATED_OFFICIAL_SEED_CONFIRMED_CURRENT,SZSE_CURRENT_20260804_WITH_2020_SEED
SZ.159915,SZSE,0.20,2020-08-24,,EFFECTIVE_DATED_OFFICIAL_SEED_CONFIRMED_CURRENT,SZSE_CURRENT_20260804_WITH_2020_SEED
SZ.159948,SZSE,0.20,2020-08-24,,EFFECTIVE_DATED_OFFICIAL_SEED_CONFIRMED_CURRENT,SZSE_CURRENT_20260804_WITH_2020_SEED
SZ.159949,SZSE,0.20,2020-08-24,,EFFECTIVE_DATED_OFFICIAL_SEED_CONFIRMED_CURRENT,SZSE_CURRENT_20260804_WITH_2020_SEED
SZ.159952,SZSE,0.20,2020-08-24,,EFFECTIVE_DATED_OFFICIAL_SEED_CONFIRMED_CURRENT,SZSE_CURRENT_20260804_WITH_2020_SEED
SZ.159955,SZSE,0.20,2020-08-24,2026-08-03,SNAPSHOT_DERIVED_REMOVAL_CUTOFF,SZSE_CURRENT_20260804_WITH_2020_SEED
SZ.159956,SZSE,0.20,2020-08-24,,EFFECTIVE_DATED_OFFICIAL_SEED_CONFIRMED_CURRENT,SZSE_CURRENT_20260804_WITH_2020_SEED
SZ.159957,SZSE,0.20,2020-08-24,,EFFECTIVE_DATED_OFFICIAL_SEED_CONFIRMED_CURRENT,SZSE_CURRENT_20260804_WITH_2020_SEED
SZ.159958,SZSE,0.20,2020-08-24,,EFFECTIVE_DATED_OFFICIAL_SEED_CONFIRMED_CURRENT,SZSE_CURRENT_20260804_WITH_2020_SEED
SZ.159964,SZSE,0.20,2020-08-24,,EFFECTIVE_DATED_OFFICIAL_SEED_CONFIRMED_CURRENT,SZSE_CURRENT_20260804_WITH_2020_SEED
SZ.159966,SZSE,0.20,2020-08-24,,EFFECTIVE_DATED_OFFICIAL_SEED_CONFIRMED_CURRENT,SZSE_CURRENT_20260804_WITH_2020_SEED
SZ.159967,SZSE,0.20,2020-08-24,,EFFECTIVE_DATED_OFFICIAL_SEED_CONFIRMED_CURRENT,SZSE_CURRENT_20260804_WITH_2020_SEED
SZ.159971,SZSE,0.20,2020-08-24,,EFFECTIVE_DATED_OFFICIAL_SEED_CONFIRMED_CURRENT,SZSE_CURRENT_20260804_WITH_2020_SEED
SZ.159977,SZSE,0.20,2020-08-24,,EFFECTIVE_DATED_OFFICIAL_SEED_CONFIRMED_CURRENT,SZSE_CURRENT_20260804_WITH_2020_SEED
SZ.159991,SZSE,0.20,2020-08-24,,EFFECTIVE_DATED_OFFICIAL_SEED_CONFIRMED_CURRENT,SZSE_CURRENT_20260804_WITH_2020_SEED
