trade_date,symbol,turnover_rule,total_quantity,available_quantity,today_buy_quantity,raw_close,market_value,portfolio_weight
2024-01-02,SH.510300,T1,0,0,0,3.45300000,0,0E+3
2024-01-02,SH.518880,T0,0,0,0,4.66600000,0,0E+3
2024-01-02,SH.588000,T1,0,0,0,0.88600000,0,0E+3
2024-01-03,SH.510300,T1,0,0,0,3.44300000,0,0E+3
2024-01-03,SH.518880,T0,96500,96500,0,4.66300000,449979.500,0.4504635302706923432539038117
2024-01-03,SH.588000,T1,514800,0,514800,0.87400000,449935.200,0.4504191826184304253869651002
2024-01-04,SH.510300,T1,0,0,0,3.41300000,0,0E+3
2024-01-04,SH.518880,T0,96200,96200,0,4.65100000,447426.200,0.4502915474082879170350759715
2024-01-04,SH.588000,T1,516300,514800,1500,0.86600000,447115.800,0.4499791595858592515491306076
2024-01-05,SH.510300,T1,0,0,0,3.39600000,0,0E+3
2024-01-05,SH.518880,T0,95200,95200,0,4.66400000,444012.800,0.4502757374643775735381405270
2024-01-05,SH.588000,T1,522600,516300,6300,0.84900000,443687.400,0.4499457475970338652882222568
2024-01-08,SH.510300,T1,0,0,0,3.34900000,0,0E+3
2024-01-08,SH.518880,T0,94100,94100,0,4.65000000,437565.000,0.4503218136053233382765388606
2024-01-08,SH.588000,T1,530600,522600,8000,0.82400000,437214.400,0.4499609921779924814612091278
2024-01-09,SH.510300,T1,0,0,0,3.35700000,0,0E+3
2024-01-09,SH.518880,T0,94100,94100,0,4.64900000,437470.900,0.4502685757446853832842871265
2024-01-09,SH.588000,T1,530600,530600,0,0.82400000,437214.400,0.4500045721511240474312911452
2024-01-10,SH.510300,T1,0,0,0,3.34100000,0,0E+3
2024-01-10,SH.518880,T0,94000,94000,0,4.63100000,435314.000,0.4503145243898888558947012672
2024-01-10,SH.588000,T1,531800,530600,1200,0.81800000,435012.400,0.4500025315282855293788119507
2024-01-11,SH.510300,T1,0,0,0,3.36000000,0,0E+3
2024-01-11,SH.518880,T0,94400,94400,0,4.63100000,437166.400,0.4495175306720376664922092008
2024-01-11,SH.588000,T1,528000,528000,0,0.82900000,437712.000,0.4500785453445620502299304651
2024-01-12,SH.510300,T1,0,0,0,3.34900000,0,0E+3
2024-01-12,SH.518880,T0,93800,93800,0,4.64600000,435794.800,0.4501476758162280822154732365
2024-01-12,SH.588000,T1,532600,528000,4600,0.81800000,435666.800,0.4500154601438417269984683971
2024-01-15,SH.510300,T1,0,0,0,3.34500000,0,0E+3
2024-01-15,SH.518880,T0,93300,93300,0,4.67300000,435990.900,0.4504177424557678788758930281
2024-01-15,SH.588000,T1,535800,532600,3200,0.81300000,435605.400,0.4500194863460263716166666159
2024-01-16,SH.510300,T1,0,0,0,3.36700000,0,0E+3
2024-01-16,SH.518880,T0,93300,93300,0,4.67700000,436364.100,0.4496372643465263844556372255
2024-01-16,SH.588000,T1,534600,534600,0,0.81700000,436768.200,0.4500536561132240374292858895
2024-01-17,SH.510300,T1,0,0,0,3.29200000,0,0E+3
2024-01-17,SH.518880,T0,92800,92800,0,4.63100000,429756.800,0.4502852203429547646151269484
2024-01-17,SH.588000,T1,540200,534600,5600,0.79500000,429459.000,0.4499731951728629081770150097
2024-01-18,SH.510300,T1,0,0,0,3.26800000,0,0E+3
2024-01-18,SH.518880,T0,93400,93400,0,4.61600000,431134.400,0.4495929398930292359005232469
2024-01-18,SH.588000,T1,535500,535500,0,0.80600000,431613.000,0.4500920306198021489232418943
2024-01-19,SH.510300,T1,0,0,0,3.27500000,0,0E+3
2024-01-19,SH.518880,T0,93100,93100,0,4.64300000,432263.300,0.4503465683455491069230859983
2024-01-19,SH.588000,T1,537900,535500,2400,0.80300000,431933.700,0.4500031798854908669900594167
2024-01-22,SH.510300,T1,0,0,0,3.20600000,0,0E+3
2024-01-22,SH.518880,T0,91900,91900,0,4.62500000,425037.500,0.4504310533114907888448486961
2024-01-22,SH.588000,T1,547200,537900,9300,0.77600000,424627.200,0.4499962402392943246018982707
2024-01-23,SH.510300,T1,0,0,0,3.22800000,0,0E+3
2024-01-23,SH.518880,T0,92200,92200,0,4.63200000,427070.400,0.4496780143332540079048829050
2024-01-23,SH.588000,T1,543800,543800,0,0.78600000,427426.800,0.4500532809036095552067265829
2024-01-24,SH.510300,T1,0,0,0,3.27900000,0,0E+3
2024-01-24,SH.518880,T0,92400,92400,0,4.62600000,427442.400,0.4498221381428947679387101709
2024-01-24,SH.588000,T1,542700,542700,0,0.78800000,427647.600,0.4500380818647785165008112244
2024-01-25,SH.510300,T1,0,0,0,3.33500000,0,0E+3
2024-01-25,SH.518880,T0,93500,93500,0,4.60500000,430567.500,0.4499278579329131881201001054
2024-01-25,SH.588000,T1,535700,535700,0,0.80400000,430702.800,0.4500692416629400088958266746
2024-01-26,SH.510300,T1,0,0,0,3.32900000,0,0E+3
2024-01-26,SH.518880,T0,92300,92300,0,4.62500000,426887.500,0.4499994330832008148624679031
2024-01-26,SH.588000,T1,543800,535700,8100,0.78500000,426883.000,0.4499946894506304669284879174
2024-01-29,SH.510300,T1,0,0,0,3.29900000,0,0E+3
2024-01-29,SH.518880,T0,91100,91100,0,4.63400000,422157.400,0.4500474315985842496901725875
2024-01-29,SH.588000,T1,552500,543800,8700,0.76400000,422110.000,0.4499969000947949689777290435
2024-01-30,SH.510300,T1,128100,0,128100,3.24300000,415428.300,0.4505117600512515154691805133
2024-01-30,SH.518880,T0,89400,89400,0,4.64700000,415441.800,0.4505264001438034477652201281
2024-01-30,SH.588000,T1,0,0,0,0.73500000,0,0E+3
2024-01-31,SH.510300,T1,128400,128100,300,3.22200000,413704.800,0.4496987715174316450416968103
2024-01-31,SH.518880,T0,89000,89000,0,4.65300000,414117.000,0.4501468345653331567575052501
2024-01-31,SH.588000,T1,0,0,0,0.72200000,0,0E+3
2024-02-01,SH.510300,T1,128700,128400,300,3.21800000,414156.600,0.4497937507778408136655900540
2024-02-01,SH.518880,T0,88800,88800,0,4.66800000,414518.400,0.4501866827727225149505248117
2024-02-01,SH.588000,T1,0,0,0,0.72600000,0,0E+3
2024-02-02,SH.510300,T1,129500,128700,800,3.18800000,412846.000,0.4497856749676266116017188344
2024-02-02,SH.518880,T0,88300,88300,0,4.67900000,413155.700,0.4501230855845091149119435970
2024-02-02,SH.588000,T1,0,0,0,0.70700000,0,0E+3
2024-02-05,SH.510300,T1,128700,128700,0,3.20800000,412869.600,0.4501066936068253749326324691
2024-02-05,SH.518880,T0,88900,88900,0,4.64300000,412762.700,0.4499901521963011570377322429
2024-02-05,SH.588000,T1,0,0,0,0.70900000,0,0E+3
2024-02-06,SH.510300,T1,0,0,0,3.31100000,0,0E+3
2024-02-06,SH.518880,T0,90200,90200,0,4.63300000,417896.600,0.4500455236758642425674258595
2024-02-06,SH.588000,T1,552700,0,552700,0.75700000,418393.900,0.4505810811293683086158904340
2024-02-07,SH.510300,T1,0,0,0,3.34000000,0,0E+3
2024-02-07,SH.518880,T0,91100,91100,0,4.64200000,422886.200,0.4496826190902908946429806186
2024-02-07,SH.588000,T1,544800,544800,0,0.77700000,423309.600,0.4501328480666037399540639266
2024-02-08,SH.510300,T1,0,0,0,3.36200000,0,0E+3
2024-02-08,SH.518880,T0,91400,91400,0,4.66200000,426106.800,0.4498963404060266463574529298
2024-02-08,SH.588000,T1,542300,542300,0,0.78600000,426247.800,0.4500452124352860943576641465
2024-02-19,SH.510300,T1,0,0,0,3.38900000,0,0E+3
2024-02-19,SH.518880,T0,92200,92200,0,4.64400000,428176.800,0.4497812441508594080406423933
2024-02-19,SH.588000,T1,536900,536900,0,0.79800000,428446.200,0.4500642372209515791356810527
2024-02-20,SH.510300,T1,0,0,0,3.40100000,0,0E+3
2024-02-20,SH.518880,T0,91900,91900,0,4.64200000,426599.800,0.4502498610319933875003660525
2024-02-20,SH.588000,T1,539700,536900,2800,0.79000000,426363.000,0.4499999331907417600168086605
2024-02-21,SH.510300,T1,0,0,0,3.44900000,0,0E+3
2024-02-21,SH.518880,T0,91900,91900,0,4.64200000,426599.800,0.4499960514041046878477720323
2024-02-21,SH.588000,T1,539400,539400,0,0.79100000,426665.400,0.4500652491415909906250420026
2024-02-22,SH.510300,T1,0,0,0,3.47500000,0,0E+3
2024-02-22,SH.518880,T0,92300,92300,0,4.63900000,428179.700,0.4497530145421202606371068824
2024-02-22,SH.588000,T1,536200,536200,0,0.79900000,428423.800,0.4500094132243785077133263243
2024-02-23,SH.510300,T1,0,0,0,3.47800000,0,0E+3
2024-02-23,SH.518880,T0,92500,92500,0,4.63000000,428275.000,0.4497445103588066586747978164
2024-02-23,SH.588000,T1,535000,535000,0,0.80100000,428535.000,0.4500175442101715287495288827
2024-02-26,SH.510300,T1,0,0,0,3.44300000,0,0E+3
2024-02-26,SH.518880,T0,92500,92500,0,4.65100000,430217.500,0.4496069461234376864696912231
2024-02-26,SH.588000,T1,534300,534300,0,0.80600000,430645.800,0.4500545491498712191853872809
2024-02-27,SH.510300,T1,0,0,0,3.48400000,0,0E+3
2024-02-27,SH.518880,T0,94100,94100,0,4.64600000,437188.600,0.4495902900872297218061626808
2024-02-27,SH.588000,T1,523500,523500,0,0.83600000,437646.000,0.4500606651123010500035450893
2024-02-28,SH.510300,T1,0,0,0,3.44800000,0,0E+3
2024-02-28,SH.518880,T0,92800,92800,0,4.64500000,431056.000,0.4501233258091471042012087522
2024-02-28,SH.588000,T1,533300,523500,9800,0.80800000,430906.400,0.4499671084045847076522951521
2024-02-29,SH.510300,T1,0,0,0,3.50300000,0,0E+3
2024-02-29,SH.518880,T0,94700,94700,0,4.64700000,440070.900,0.4496966229364036222401830729
2024-02-29,SH.588000,T1,520000,520000,0,0.84700000,440440.000,0.4500737963044355156850094669
2024-03-01,SH.510300,T1,0,0,0,3.53000000,0,0E+3
2024-03-01,SH.518880,T0,94900,94900,0,4.66700000,442898.300,0.4498088144735492074968957030
2024-03-01,SH.588000,T1,518300,518300,0,0.85500000,443146.500,0.4500608871226253834797358483
2024-03-04,SH.510300,T1,0,0,0,3.52700000,0,0E+3
2024-03-04,SH.518880,T0,94400,94400,0,4.72500000,446040.000,0.4502519384903522499061303849
2024-03-04,SH.588000,T1,520700,518300,2400,0.85600000,445719.200,0.4499281091883441228283573452
2024-03-05,SH.510300,T1,0,0,0,3.55600000,0,0E+3
2024-03-05,SH.518880,T0,93800,93800,0,4.78900000,449208.200,0.4504726885490470774215462934
2024-03-05,SH.588000,T1,523600,520700,2900,0.85700000,448725.200,0.4499883289390284051479889388
2024-03-06,SH.510300,T1,0,0,0,3.54200000,0,0E+3
2024-03-06,SH.518880,T0,93000,93000,0,4.82400000,448632.000,0.4500748616935636303187301735
2024-03-06,SH.588000,T1,527800,523600,4200,0.85000000,448630.000,0.4500728552612908831066261830
2024-03-07,SH.510300,T1,126800,0,126800,3.52300000,446716.400,0.4503597191553031329745310957
2024-03-07,SH.518880,T0,91500,91500,0,4.88500000,446977.500,0.4506229486285695043189000288
2024-03-07,SH.588000,T1,0,0,0,0.83200000,0,0E+3
2024-03-08,SH.510300,T1,0,0,0,3.53300000,0,0E+3
2024-03-08,SH.518880,T0,91500,91500,0,4.88100000,446611.500,0.4503227098740362345187493108
2024-03-08,SH.588000,T1,531300,0,531300,0.84100000,446823.300,0.4505362698695834178637170760
2024-03-11,SH.510300,T1,125900,0,125900,3.58100000,450847.900,0.4504671611012327881363720451
2024-03-11,SH.518880,T0,92000,92000,0,4.89900000,450708.000,0.4503273792461147705808721117
2024-03-11,SH.588000,T1,0,0,0,0.85700000,0,0E+3
2024-03-12,SH.510300,T1,125500,125500,0,3.58600000,450043.000,0.4502124559164948654188898814
2024-03-12,SH.518880,T0,92100,92100,0,4.87900000,449355.900,0.4495250972008605290954067492
2024-03-12,SH.588000,T1,0,0,0,0.85600000,0,0E+3
2024-03-13,SH.510300,T1,125700,125500,200,3.56500000,448120.500,0.4498507117589107165678668805
2024-03-13,SH.518880,T0,92100,92100,0,4.87000000,448527.000,0.4502587812722001045924826655
2024-03-13,SH.588000,T1,0,0,0,0.85300000,0,0E+3
2024-03-14,SH.510300,T1,0,0,0,3.55200000,0,0E+3
2024-03-14,SH.518880,T0,91900,91900,0,4.87700000,448196.300,0.4508531233535476538987066102
2024-03-14,SH.588000,T1,531900,0,531900,0.84200000,447859.800,0.4505146286448486557464752893
2024-03-15,SH.510300,T1,0,0,0,3.56100000,0,0E+3
2024-03-15,SH.518880,T0,91800,91800,0,4.89900000,449728.200,0.4502789271502188897196382952
2024-03-15,SH.588000,T1,530700,530700,0,0.84700000,449502.900,0.4500533512528503361891862699
2024-03-18,SH.510300,T1,0,0,0,3.59200000,0,0E+3
2024-03-18,SH.518880,T0,92900,92900,0,4.86000000,451494.000,0.4496066770595734871813889400
2024-03-18,SH.588000,T1,523100,523100,0,0.86400000,451958.400,0.4500691357873228391715527894
2024-03-19,SH.510300,T1,0,0,0,3.56900000,0,0E+3
2024-03-19,SH.518880,T0,92300,92300,0,4.87000000,449501.000,0.4500260363761192908542538409
2024-03-19,SH.588000,T1,527500,523100,4400,0.85200000,449430.000,0.4499549534450853121319581129
2024-03-20,SH.510300,T1,0,0,0,3.57200000,0,0E+3
2024-03-20,SH.518880,T0,92300,92300,0,4.88000000,450424.000,0.4500611516982778144604257156
2024-03-20,SH.588000,T1,527400,527400,0,0.85400000,450399.600,0.4500367713541988178290898312
2024-03-21,SH.510300,T1,0,0,0,3.57000000,0,0E+3
2024-03-21,SH.518880,T0,91000,91000,0,4.97800000,452998.000,0.4504704015673973023883529041
2024-03-21,SH.588000,T1,534900,527400,7500,0.84600000,452525.400,0.4500004385393469534572125115
2024-03-22,SH.510300,T1,0,0,0,3.53900000,0,0E+3
2024-03-22,SH.518880,T0,90600,90600,0,4.94600000,448107.600,0.4502707366404797961792287091
2024-03-22,SH.588000,T1,538200,534900,3300,0.83200000,447782.400,0.4499439668120825897276588513
2024-03-25,SH.510300,T1,0,0,0,3.52000000,0,0E+3
2024-03-25,SH.518880,T0,89900,89900,0,4.95600000,445544.400,0.4502146476213422795761092199
2024-03-25,SH.588000,T1,543000,538200,4800,0.82000000,445260.000,0.4499272665078471716939061320
2024-03-26,SH.510300,T1,0,0,0,3.53100000,0,0E+3
2024-03-26,SH.518880,T0,89300,89300,0,4.96600000,443463.800,0.4501806666145422844094571767
2024-03-26,SH.588000,T1,547200,543000,4200,0.81000000,443232.000,0.4499453556860713451771543096
2024-03-27,SH.510300,T1,0,0,0,3.49300000,0,0E+3
2024-03-27,SH.518880,T0,88000,88000,0,4.99000000,439120.000,0.4500524859670679074389867416
2024-03-27,SH.588000,T1,556500,547200,9300,0.78900000,439078.500,0.4500099527684715480881060758
2024-03-28,SH.510300,T1,0,0,0,3.51000000,0,0E+3
2024-03-28,SH.518880,T0,88100,88100,0,5.02900000,443054.900,0.4499420641892913612221276389
2024-03-28,SH.588000,T1,554600,554600,0,0.79900000,443125.400,0.4500136600920233816578934097
2024-03-29,SH.510300,T1,0,0,0,3.52600000,0,0E+3
2024-03-29,SH.518880,T0,87300,87300,0,5.12600000,447499.800,0.4503021564039052957489283911
2024-03-29,SH.588000,T1,559000,554600,4400,0.80000000,447200.000,0.4500004789808318311179597767
2024-04-01,SH.510300,T1,0,0,0,3.58400000,0,0E+3
2024-04-01,SH.518880,T0,87600,87600,0,5.15500000,451578.000,0.4499756277899275123300424722
2024-04-01,SH.588000,T1,555500,555500,0,0.81300000,451621.500,0.4500189734352177209911959315
2024-04-02,SH.510300,T1,0,0,0,3.57200000,0,0E+3
2024-04-02,SH.518880,T0,87300,87300,0,5.15900000,450380.700,0.4503765475282317897028989393
2024-04-02,SH.588000,T1,558300,555500,2800,0.80600000,449989.800,0.4499856511322965602257147189
2024-04-03,SH.510300,T1,0,0,0,3.55800000,0,0E+3
2024-04-03,SH.518880,T0,86000,86000,0,5.23100000,449866.000,0.4500581208106116338942767889
2024-04-03,SH.588000,T1,566500,558300,8200,0.79400000,449801.000,0.4499930930515618507228365645
2024-04-08,SH.510300,T1,0,0,0,3.52900000,0,0E+3
2024-04-08,SH.518880,T0,84200,84200,0,5.35400000,450806.800,0.4503298016674777741920203282
2024-04-08,SH.588000,T1,579000,566500,12500,0.77800000,450462.000,0.4499853665000957685600258494
2024-04-09,SH.510300,T1,0,0,0,3.52300000,0,0E+3
2024-04-09,SH.518880,T0,84300,84300,0,5.36900000,452606.700,0.4497450084905751495693024938
2024-04-09,SH.588000,T1,577000,577000,0,0.78500000,452945.000,0.4500811695248072136839063983
2024-04-10,SH.510300,T1,0,0,0,3.49700000,0,0E+3
2024-04-10,SH.518880,T0,83700,83700,0,5.38800000,450975.600,0.4505146694314113344355123386
2024-04-10,SH.588000,T1,582700,577000,5700,0.77300000,450427.100,0.4499667300391623322346440909
2024-04-11,SH.510300,T1,0,0,0,3.49400000,0,0E+3
2024-04-11,SH.518880,T0,83900,83900,0,5.34800000,448697.200,0.4494860390087395577490584426
2024-04-11,SH.588000,T1,580500,580500,0,0.77400000,449307.000,0.4500969110770019168239877620
2024-04-12,SH.510300,T1,0,0,0,3.46600000,0,0E+3
2024-04-12,SH.518880,T0,82700,82700,0,5.50400000,455180.800,0.4503479272465874267567540346
2024-04-12,SH.588000,T1,588400,580500,7900,0.77300000,454833.200,0.4500040178824162802814619140
2024-04-15,SH.510300,T1,0,0,0,3.53900000,0,0E+3
2024-04-15,SH.518880,T0,83900,83900,0,5.41700000,454486.300,0.4497305256161563194456318876
2024-04-15,SH.588000,T1,579400,579400,0,0.78500000,454829.000,0.4500696395809307400842166327
2024-04-16,SH.510300,T1,0,0,0,3.50700000,0,0E+3
2024-04-16,SH.518880,T0,82900,82900,0,5.45200000,451970.800,0.4503316737671887111852536899
2024-04-16,SH.588000,T1,588000,579400,8600,0.76800000,451584.000,0.4499462765437106710253883709
2024-04-17,SH.510300,T1,128400,0,128400,3.55300000,456205.200,0.4500874577938429785352926221
2024-04-17,SH.518880,T0,0,0,0,5.46100000,0,0E+3
2024-04-17,SH.588000,T1,581600,581600,0,0.78500000,456556.000,0.4504335535424098079288860767
2024-04-18,SH.510300,T1,0,0,0,3.55900000,0,0E+3
2024-04-18,SH.518880,T0,83600,83600,0,5.44500000,455202.000,0.4501385761636894605348121776
2024-04-18,SH.588000,T1,583100,581600,1500,0.78100000,455401.100,0.4503354614816673924674321597
2024-04-19,SH.510300,T1,0,0,0,3.53100000,0,0E+3
2024-04-19,SH.518880,T0,82600,82600,0,5.47100000,451904.600,0.4500718672999583797812350105
2024-04-19,SH.588000,T1,590600,583100,7500,0.76500000,451809.000,0.4499766550128653162870659180
2024-04-22,SH.510300,T1,0,0,0,3.52400000,0,0E+3
2024-04-22,SH.518880,T0,83500,83500,0,5.36400000,447894.000,0.4497802483751937822919292690
2024-04-22,SH.588000,T1,585100,585100,0,0.76600000,448186.600,0.4500740806227223977694722111
2024-04-23,SH.510300,T1,0,0,0,3.49900000,0,0E+3
2024-04-23,SH.518880,T0,84500,84500,0,5.23200000,442104.000,0.4497448094641410899102552983
2024-04-23,SH.588000,T1,579900,579900,0,0.76300000,442463.700,0.4501107260990601396135846481
2024-04-24,SH.510300,T1,0,0,0,3.51300000,0,0E+3
2024-04-24,SH.518880,T0,84500,84500,0,5.28700000,446751.500,0.4496966583012095227194992947
2024-04-24,SH.588000,T1,578400,578400,0,0.77300000,447103.200,0.4500506768433398466000916327
2024-04-25,SH.510300,T1,0,0,0,3.52300000,0,0E+3
2024-04-25,SH.518880,T0,84400,84400,0,5.28800000,446307.200,0.4505282036962403161809427304
2024-04-25,SH.588000,T1,580400,578400,2000,0.76800000,445747.200,0.4499629074292970659329939455
2024-04-26,SH.510300,T1,0,0,0,3.57300000,0,0E+3
2024-04-26,SH.518880,T0,84800,84800,0,5.32900000,451899.200,0.4496052291455112928820812667
2024-04-26,SH.588000,T1,574800,574800,0,0.78700000,452367.600,0.4500712514118303248467007368
2024-04-29,SH.510300,T1,0,0,0,3.61600000,0,0E+3
2024-04-29,SH.518880,T0,86400,86400,0,5.29400000,457401.600,0.4499867237164542281101966882
2024-04-29,SH.588000,T1,563400,563400,0,0.81200000,457480.800,0.4500646398158258594618717317
2024-04-30,SH.510300,T1,0,0,0,3.59800000,0,0E+3
2024-04-30,SH.518880,T0,86100,86100,0,5.28600000,455124.600,0.4500542487784340210383540311
2024-04-30,SH.588000,T1,566000,563400,2600,0.80400000,455064.000,0.4499943238974762061857292240
2024-05-06,SH.510300,T1,0,0,0,3.64800000,0,0E+3
2024-05-06,SH.518880,T0,86800,86800,0,5.25400000,456047.200,0.4499335528268136203036261812
2024-05-06,SH.588000,T1,561100,561100,0,0.81300000,456174.300,0.4500589489581006625464918119
2024-05-07,SH.510300,T1,0,0,0,3.65000000,0,0E+3
2024-05-07,SH.518880,T0,86400,86400,0,5.26800000,455155.200,0.4502648781117420290516325386
2024-05-07,SH.588000,T1,564300,561100,3200,0.80600000,454825.800,0.4499390172826226257703570357
2024-05-08,SH.510300,T1,0,0,0,3.62100000,0,0E+3
2024-05-08,SH.518880,T0,86000,86000,0,5.26100000,452446.000,0.4501219801556004012797569012
2024-05-08,SH.588000,T1,567500,564300,3200,0.79700000,452297.500,0.4499742429360137397564147921
2024-05-09,SH.510300,T1,0,0,0,3.65600000,0,0E+3
2024-05-09,SH.518880,T0,86900,86900,0,5.25000000,456225.000,0.4497432601081708914847129745
2024-05-09,SH.588000,T1,560200,560200,0,0.81500000,456563.000,0.4500764580300659252100060491
2024-05-10,SH.510300,T1,0,0,0,3.65800000,0,0E+3
2024-05-10,SH.518880,T0,85400,85400,0,5.36900000,458512.600,0.4501547615558004524336503639
2024-05-10,SH.588000,T1,570100,560200,9900,0.80400000,458360.400,0.4500053358808925157076794711
2024-05-13,SH.510300,T1,0,0,0,3.65500000,0,0E+3
2024-05-13,SH.518880,T0,85400,85400,0,5.33700000,455779.800,0.4501940670841943055000757210
2024-05-13,SH.588000,T1,570900,570100,800,0.79800000,455578.200,0.4499949377591909298085930900
2024-05-14,SH.510300,T1,0,0,0,3.64900000,0,0E+3
2024-05-14,SH.518880,T0,85400,85400,0,5.32900000,455096.600,0.4503334282827213672089658079
2024-05-14,SH.588000,T1,571300,570900,400,0.79600000,454754.800,0.4499952056596847763767951776
2024-05-15,SH.510300,T1,0,0,0,3.62300000,0,0E+3
2024-05-15,SH.518880,T0,84500,84500,0,5.37000000,453765.000,0.4505197758543062104714791097
2024-05-15,SH.588000,T1,578100,571300,6800,0.78400000,453230.400,0.4499889991919992628221054191
2024-05-16,SH.510300,T1,0,0,0,3.63500000,0,0E+3
2024-05-16,SH.518880,T0,83900,83900,0,5.41700000,454486.300,0.4502426776671213026367226903
2024-05-16,SH.588000,T1,581600,578100,3500,0.78100000,454229.600,0.4499883745223243086714769905
2024-05-17,SH.510300,T1,0,0,0,3.67600000,0,0E+3
2024-05-17,SH.518880,T0,84200,84200,0,5.41600000,456027.200,0.4494822046657256864573399328
2024-05-17,SH.588000,T1,578000,578000,0,0.79000000,456620.000,0.4500664966792850578872281305
2024-05-20,SH.510300,T1,0,0,0,3.68400000,0,0E+3
2024-05-20,SH.518880,T0,83200,83200,0,5.55000000,461760.000,0.4503893405460548806726770800
2024-05-20,SH.588000,T1,584700,578000,6700,0.78900000,461328.300,0.4499682709897621487513621227
2024-05-21,SH.510300,T1,0,0,0,3.67200000,0,0E+3
2024-05-21,SH.518880,T0,83400,83400,0,5.48100000,457115.400,0.4499229368801856577571366489
2024-05-21,SH.588000,T1,584000,584000,0,0.78300000,457272.000,0.4500770728640432068005614987
2024-05-22,SH.510300,T1,0,0,0,3.68000000,0,0E+3
2024-05-22,SH.518880,T0,83600,83600,0,5.49200000,459131.200,0.4499544734542935812660250659
2024-05-22,SH.588000,T1,582000,582000,0,0.78900000,459198.000,0.4500199383123270732422370299
2024-05-23,SH.510300,T1,0,0,0,3.64300000,0,0E+3
2024-05-23,SH.518880,T0,84100,84100,0,5.36600000,451280.600,0.4499915591296244282885932071
2024-05-23,SH.588000,T1,580900,580900,0,0.77700000,451359.300,0.4500700343304274352038169333
2024-05-24,SH.510300,T1,0,0,0,3.60200000,0,0E+3
2024-05-24,SH.518880,T0,83800,83800,0,5.31900000,445732.200,0.4504154445811468225952312247
2024-05-24,SH.588000,T1,585100,580900,4200,0.76100000,445261.100,0.4499393948007132387793780882
2024-05-27,SH.510300,T1,0,0,0,3.63200000,0,0E+3
2024-05-27,SH.518880,T0,84100,84100,0,5.33800000,448925.800,0.4499984662940883476292155851
2024-05-27,SH.588000,T1,581600,581600,0,0.77200000,448995.200,0.4500680321189101995506811537
2024-05-28,SH.510300,T1,0,0,0,3.60900000,0,0E+3
2024-05-28,SH.518880,T0,84000,84000,0,5.33400000,448056.000,0.4500705658104001560529101477
2024-05-28,SH.588000,T1,582500,581600,900,0.76900000,447942.500,0.4499565554875398876540671341
2024-05-29,SH.510300,T1,0,0,0,3.61000000,0,0E+3
2024-05-29,SH.518880,T0,83700,83700,0,5.37000000,449469.000,0.4501283529628318386684317442
2024-05-29,SH.588000,T1,584300,582500,1800,0.76900000,449326.700,0.4499858442144496121508242610
2024-05-30,SH.510300,T1,0,0,0,3.59600000,0,0E+3
2024-05-30,SH.518880,T0,84500,84500,0,5.31700000,449286.500,0.4498464287982358809816525537
2024-05-30,SH.588000,T1,578500,578500,0,0.77700000,449494.500,0.4500546880207810343820867616
2024-05-31,SH.510300,T1,0,0,0,3.58200000,0,0E+3
2024-05-31,SH.518880,T0,84400,84400,0,5.34300000,450949.200,0.4502648923694906641530175496
2024-05-31,SH.588000,T1,579200,578500,700,0.77800000,450617.600,0.4499337955667693751381281993
2024-06-03,SH.510300,T1,0,0,0,3.58700000,0,0E+3
2024-06-03,SH.518880,T0,85100,85100,0,5.29600000,450689.600,0.4499740112795762140221788832
2024-06-03,SH.588000,T1,574200,574200,0,0.78500000,450747.000,0.4500313201419228216978050194
2024-06-04,SH.510300,T1,0,0,0,3.61200000,0,0E+3
2024-06-04,SH.518880,T0,84900,84900,0,5.34600000,453875.400,0.4502147984689712715440139186
2024-06-04,SH.588000,T1,574900,574200,700,0.78900000,453596.100,0.4499377510828111410849887256
2024-06-05,SH.510300,T1,0,0,0,3.59900000,0,0E+3
2024-06-05,SH.518880,T0,85000,85000,0,5.32400000,452540.000,0.4499853033869197776027335544
2024-06-05,SH.588000,T1,574400,574400,0,0.78800000,452627.200,0.4500720111220489140428426240
2024-06-06,SH.510300,T1,0,0,0,3.59900000,0,0E+3
2024-06-06,SH.518880,T0,84000,84000,0,5.39800000,453432.000,0.4503795127684352934081849134
2024-06-06,SH.588000,T1,581500,574400,7100,0.77900000,452988.500,0.4499389983938150613720107351
2024-06-07,SH.510300,T1,0,0,0,3.57600000,0,0E+3
2024-06-07,SH.518880,T0,83800,83800,0,5.39900000,452436.200,0.4503989155397272227901527527
2024-06-07,SH.588000,T1,583200,581500,1700,0.77500000,451980.000,0.4499447697722815065564896027
2024-06-11,SH.510300,T1,0,0,0,3.55100000,0,0E+3
2024-06-11,SH.518880,T0,86100,86100,0,5.23700000,450905.700,0.4500073103556863217398281462
2024-06-11,SH.588000,T1,568000,568000,0,0.79400000,450992.000,0.4500934384105849307606636495
2024-06-12,SH.510300,T1,0,0,0,3.54700000,0,0E+3
2024-06-12,SH.518880,T0,85800,85800,0,5.26700000,451908.600,0.4501087102406853600298515898
2024-06-12,SH.588000,T1,569700,568000,1700,0.79300000,451772.100,0.4499727539013993770863004497
2024-06-13,SH.510300,T1,0,0,0,3.53400000,0,0E+3
2024-06-13,SH.518880,T0,85900,85900,0,5.26900000,452607.100,0.4499666108836453122984685621
2024-06-13,SH.588000,T1,568700,568700,0,0.79600000,452685.200,0.4500442552518180888609451790
2024-06-14,SH.510300,T1,0,0,0,3.55400000,0,0E+3
2024-06-14,SH.518880,T0,85700,85700,0,5.27100000,451724.700,0.4502910233639128947374871568
2024-06-14,SH.588000,T1,570700,568700,2000,0.79100000,451423.700,0.4499909786729041060187919346
2024-06-17,SH.510300,T1,0,0,0,3.54400000,0,0E+3
2024-06-17,SH.518880,T0,85700,85700,0,5.27900000,452410.300,0.4499016980706465606197524889
2024-06-17,SH.588000,T1,570000,570000,0,0.79400000,452580.000,0.4500704570890919601195807908
2024-06-18,SH.510300,T1,0,0,0,3.55500000,0,0E+3
2024-06-18,SH.518880,T0,85700,85700,0,5.28400000,452838.800,0.4501382903064854949415376774
2024-06-18,SH.588000,T1,570100,570000,100,0.79400000,452659.400,0.4499599601605682645765766540
2024-06-19,SH.510300,T1,0,0,0,3.54500000,0,0E+3
2024-06-19,SH.518880,T0,85200,85200,0,5.30500000,451986.000,0.4502781001193065714867231455
2024-06-19,SH.588000,T1,573900,570100,3800,0.78700000,451659.300,0.4499526346064168415904327461
2024-06-20,SH.510300,T1,0,0,0,3.52200000,0,0E+3
2024-06-20,SH.518880,T0,85000,85000,0,5.35100000,454835.000,0.4503332040460980210300492411
2024-06-20,SH.588000,T1,574500,573900,600,0.79100000,454429.500,0.4499317175416718164777881245
2024-06-21,SH.510300,T1,0,0,0,3.51600000,0,0E+3
2024-06-21,SH.518880,T0,85000,85000,0,5.37600000,456960.000,0.4504668407721926322352898166
2024-06-21,SH.588000,T1,574200,574200,0,0.79500000,456489.000,0.4500025334323736049029569614
2024-06-24,SH.510300,T1,0,0,0,3.49900000,0,0E+3
2024-06-24,SH.518880,T0,84700,84700,0,5.29000000,448063.000,0.4503005936331289108352494573
2024-06-24,SH.588000,T1,578500,574200,4300,0.77400000,447759.000,0.4499950754795110687262292618
2024-06-25,SH.510300,T1,0,0,0,3.47800000,0,0E+3
2024-06-25,SH.518880,T0,83500,83500,0,5.30200000,442717.000,0.4505026365710129043962076486
2024-06-25,SH.588000,T1,588800,578500,10300,0.75100000,442188.800,0.4499651476274286078453589645
2024-06-26,SH.510300,T1,0,0,0,3.49900000,0,0E+3
2024-06-26,SH.518880,T0,84300,84300,0,5.27100000,444345.300,0.4498494377438587995240229779
2024-06-26,SH.588000,T1,581900,581900,0,0.76400000,444571.600,0.4500785409385171772458809258
2024-06-27,SH.510300,T1,0,0,0,3.48000000,0,0E+3
2024-06-27,SH.518880,T0,83900,83900,0,5.24200000,439803.800,0.4500848225004165627986541688
2024-06-27,SH.588000,T1,586300,581900,4400,0.75000000,439725.000,0.4500041804413596996584345209
2024-06-28,SH.510300,T1,0,0,0,3.48700000,0,0E+3
2024-06-28,SH.518880,T0,83200,83200,0,5.29700000,440710.400,0.4502449725902549739225788111
2024-06-28,SH.588000,T1,591200,586300,4900,0.74500000,440444.000,0.4499728091452851163357077615
2024-07-01,SH.510300,T1,0,0,0,3.50100000,0,0E+3
2024-07-01,SH.518880,T0,83100,83100,0,5.29900000,440346.900,0.4503462581662549140642115896
2024-07-01,SH.588000,T1,592200,591200,1000,0.74300000,440004.600,0.4499961852483569816452841948
2024-07-02,SH.510300,T1,0,0,0,3.49600000,0,0E+3
2024-07-02,SH.518880,T0,82500,82500,0,5.30600000,437745.000,0.4504259364281338382854913152
2024-07-02,SH.588000,T1,597400,592200,5200,0.73200000,437296.800,0.4499647526231627030667690975
2024-07-03,SH.510300,T1,0,0,0,3.49000000,0,0E+3
2024-07-03,SH.518880,T0,82300,82300,0,5.34000000,439482.000,0.4503649847371921325538507507
2024-07-03,SH.588000,T1,598200,597400,800,0.73400000,439078.800,0.4499518002112137401103702154
2024-07-04,SH.510300,T1,0,0,0,3.47500000,0,0E+3
2024-07-04,SH.518880,T0,81500,81500,0,5.36500000,437247.500,0.4501701801781005726167574618
2024-07-04,SH.588000,T1,604500,598200,6300,0.72300000,437053.500,0.4499704465833869344345205115
2024-07-05,SH.510300,T1,0,0,0,3.45800000,0,0E+3
2024-07-05,SH.518880,T0,81700,81700,0,5.38100000,439627.700,0.4497835935992948066796664010
2024-07-05,SH.588000,T1,601800,601800,0,0.73100000,439915.800,0.4500783490328490545894419040
2024-07-08,SH.510300,T1,0,0,0,3.43400000,0,0E+3
2024-07-08,SH.518880,T0,81400,81400,0,5.38400000,438257.600,0.4502158327064740886882730653
2024-07-08,SH.588000,T1,605000,601800,3200,0.72400000,438020.000,0.4499717495876620971940643312
2024-07-09,SH.510300,T1,0,0,0,3.47100000,0,0E+3
2024-07-09,SH.518880,T0,82400,82400,0,5.36200000,441828.800,0.4496912059921703727103417143
2024-07-09,SH.588000,T1,595900,595900,0,0.74200000,442157.800,0.4500260605937070404255782549
2024-07-10,SH.510300,T1,0,0,0,3.46300000,0,0E+3
2024-07-10,SH.518880,T0,82300,82300,0,5.39700000,444173.100,0.4504869498496694758521171677
2024-07-10,SH.588000,T1,597100,595900,1200,0.74300000,443645.300,0.4499516472567599647868258490
2024-07-11,SH.510300,T1,0,0,0,3.50900000,0,0E+3
2024-07-11,SH.518880,T0,82400,82400,0,5.41700000,446360.800,0.4497816190512924140190383504
2024-07-11,SH.588000,T1,594700,594700,0,0.75100000,446619.700,0.4500425032086207000288974801
2024-07-12,SH.510300,T1,0,0,0,3.51900000,0,0E+3
2024-07-12,SH.518880,T0,82300,82300,0,5.44600000,448205.800,0.4502917363928754565867223551
2024-07-12,SH.588000,T1,595600,594700,900,0.75200000,447891.200,0.4499756722538812744082628553
2024-07-15,SH.510300,T1,0,0,0,3.52600000,0,0E+3
2024-07-15,SH.518880,T0,82100,82100,0,5.44200000,446788.200,0.4500991795255992353165033185
2024-07-15,SH.588000,T1,597100,595600,1500,0.74800000,446630.800,0.4499406130933225339183043114
2024-07-16,SH.510300,T1,0,0,0,3.55100000,0,0E+3
2024-07-16,SH.518880,T0,82300,82300,0,5.50500000,453061.500,0.4497533442238482705086049320
2024-07-16,SH.588000,T1,593400,593400,0,0.76400000,453357.600,0.4500472821665440887869128393
2024-07-17,SH.510300,T1,0,0,0,3.55600000,0,0E+3
2024-07-17,SH.518880,T0,81700,81700,0,5.57600000,455559.200,0.4501590964309642140291131134
2024-07-17,SH.588000,T1,597600,593400,4200,0.76200000,455371.200,0.4499733249436821631513403162
2024-07-18,SH.510300,T1,0,0,0,3.57700000,0,0E+3
2024-07-18,SH.518880,T0,82000,82000,0,5.57300000,456986.000,0.4498247499464497743581877334
2024-07-18,SH.588000,T1,594500,594500,0,0.76900000,457170.500,0.4500063587186334298385943227
2024-07-19,SH.510300,T1,0,0,0,3.60000000,0,0E+3
2024-07-19,SH.518880,T0,84000,84000,0,5.42500000,455700.000,0.4499974571736842328383064071
2024-07-19,SH.588000,T1,581300,581300,0,0.78400000,455739.200,0.4500361666323658400841419603
2024-07-22,SH.510300,T1,0,0,0,3.57100000,0,0E+3
2024-07-22,SH.518880,T0,84100,84100,0,5.42100000,455906.100,0.4495811278895652688439598241
2024-07-22,SH.588000,T1,579900,579900,0,0.78700000,456381.300,0.4500497352452754061194967158
2024-07-23,SH.510300,T1,0,0,0,3.50100000,0,0E+3
2024-07-23,SH.518880,T0,83000,83000,0,5.39400000,447702.000,0.4504968423155064358479277533
2024-07-23,SH.588000,T1,591500,579900,11600,0.75600000,447174.000,0.4499655462017017456787355097
2024-07-24,SH.510300,T1,0,0,0,3.47900000,0,0E+3
2024-07-24,SH.518880,T0,81900,81900,0,5.46500000,447583.500,0.4503971811849494909996684296
2024-07-24,SH.588000,T1,599400,591500,7900,0.74600000,447152.400,0.4499633711253542831209822022
2024-07-25,SH.510300,T1,0,0,0,3.45900000,0,0E+3
2024-07-25,SH.518880,T0,83000,83000,0,5.32700000,442141.000,0.4494999483997307849700980987
2024-07-25,SH.588000,T1,591800,591800,0,0.74800000,442666.400,0.4500340931021881878221821387
2024-07-26,SH.510300,T1,0,0,0,3.47400000,0,0E+3
2024-07-26,SH.518880,T0,83100,83100,0,5.35000000,444585.000,0.4497639013421878046785985097
2024-07-26,SH.588000,T1,590800,590800,0,0.75300000,444872.400,0.4500546492199743804179163662
2024-07-29,SH.510300,T1,0,0,0,3.45400000,0,0E+3
2024-07-29,SH.518880,T0,82200,82200,0,5.38700000,442811.400,0.4500759000227419692795145954
2024-07-29,SH.588000,T1,598300,590800,7500,0.74000000,442742.000,0.4500053614876871394068690440
2024-07-30,SH.510300,T1,0,0,0,3.43100000,0,0E+3
2024-07-30,SH.518880,T0,82200,82200,0,5.39400000,443386.800,0.4495803132568727765701867490
2024-07-30,SH.588000,T1,597400,597400,0,0.74300000,443868.200,0.4500684377630643423873037400
2024-07-31,SH.510300,T1,0,0,0,3.50800000,0,0E+3
2024-07-31,SH.518880,T0,83600,83600,0,5.43600000,454449.600,0.4497015658739073361761655073
2024-07-31,SH.588000,T1,584600,584600,0,0.77800000,454818.800,0.4500669085172293824240139822
2024-08-01,SH.510300,T1,0,0,0,3.48300000,0,0E+3
2024-08-01,SH.518880,T0,83100,83100,0,5.48000000,455388.000,0.4500401775209603805287411547
2024-08-01,SH.588000,T1,588300,584600,3700,0.77400000,455344.200,0.4499968918837116650055671605
2024-08-02,SH.510300,T1,0,0,0,3.44700000,0,0E+3
2024-08-02,SH.518880,T0,82400,82400,0,5.50500000,453612.000,0.4505113605168676242615636550
2024-08-02,SH.588000,T1,594600,588300,6300,0.76200000,453085.200,0.4499881614288358132326204354
2024-08-05,SH.510300,T1,0,0,0,3.40800000,0,0E+3
2024-08-05,SH.518880,T0,82300,82300,0,5.36600000,441621.800,0.4501087861577148238239939985
2024-08-05,SH.588000,T1,598200,594600,3600,0.73800000,441471.600,0.4499556996486681944081944073
2024-08-06,SH.510300,T1,0,0,0,3.40800000,0,0E+3
2024-08-06,SH.518880,T0,83100,83100,0,5.32700000,442673.700,0.4499181520580934763674540753
2024-08-06,SH.588000,T1,592000,592000,0,0.74800000,442816.000,0.4500627808287610509301332874
2024-08-07,SH.510300,T1,0,0,0,3.40100000,0,0E+3
2024-08-07,SH.518880,T0,82700,82700,0,5.35200000,442610.400,0.4505358715800332686152301921
2024-08-07,SH.588000,T1,595800,592000,3800,0.74200000,442083.600,0.4499996385924026988728416191
2024-08-08,SH.510300,T1,0,0,0,3.40500000,0,0E+3
2024-08-08,SH.518880,T0,82700,82700,0,5.34900000,442362.300,0.4495818247619753003472952755
2024-08-08,SH.588000,T1,594400,594400,0,0.74500000,442828.000,0.4500551251670768469695362201
2024-08-09,SH.510300,T1,0,0,0,3.39300000,0,0E+3
2024-08-09,SH.518880,T0,82300,82300,0,5.39600000,444090.800,0.4503823765248321317544845457
2024-08-09,SH.588000,T1,598000,594400,3600,0.74200000,443716.000,0.4500022666132520965837906678
2024-08-12,SH.510300,T1,0,0,0,3.38900000,0,0E+3
2024-08-12,SH.518880,T0,81900,81900,0,5.43700000,445290.300,0.4500647265897945095837569745
2024-08-12,SH.588000,T1,600000,598000,2000,0.74200000,445200.000,0.4499734583883289522962629212
2024-08-13,SH.510300,T1,0,0,0,3.39400000,0,0E+3
2024-08-13,SH.518880,T0,81800,81800,0,5.47400000,447773.200,0.4501062406282168834825407719
2024-08-13,SH.588000,T1,600000,600000,0,0.74600000,447600.000,0.4499321382011917574494973114
2024-08-14,SH.510300,T1,0,0,0,3.37000000,0,0E+3
2024-08-14,SH.518880,T0,81500,81500,0,5.45600000,444664.000,0.4503702865588308507928549900
2024-08-14,SH.588000,T1,603600,600000,3600,0.73600000,444249.600,0.4499505686442931785176796686
2024-08-15,SH.510300,T1,0,0,0,3.40800000,0,0E+3
2024-08-15,SH.518880,T0,81800,81800,0,5.44300000,445237.400,0.4495163964743594361263844637
2024-08-15,SH.588000,T1,599900,599900,0,0.74300000,445725.700,0.4500093893280559802906000340
2024-08-16,SH.510300,T1,0,0,0,3.41000000,0,0E+3
2024-08-16,SH.518880,T0,81700,81700,0,5.45300000,445510.100,0.4502434695234310429693742068
2024-08-16,SH.588000,T1,601700,599900,1800,0.74000000,445258.000,0.4499886910601215535415641992
2024-08-19,SH.510300,T1,0,0,0,3.41900000,0,0E+3
2024-08-19,SH.518880,T0,81200,81200,0,5.51300000,447655.600,0.4504608498978079478712556713
2024-08-19,SH.588000,T1,605100,601700,3400,0.73900000,447168.900,0.4499710999747750111041763806
2024-08-20,SH.510300,T1,0,0,0,3.40300000,0,0E+3
2024-08-20,SH.518880,T0,80600,80600,0,5.51300000,444347.800,0.4501549843113145091178839504
2024-08-20,SH.588000,T1,610100,605100,5000,0.72800000,444152.800,0.4499574358550361021374105749
2024-08-21,SH.510300,T1,0,0,0,3.38800000,0,0E+3
2024-08-21,SH.518880,T0,80300,80300,0,5.53700000,444621.100,0.4501121126356986540127171330
2024-08-21,SH.588000,T1,612200,610100,2100,0.72600000,444457.200,0.4499461884920604168498998840
2024-08-22,SH.510300,T1,0,0,0,3.37900000,0,0E+3
2024-08-22,SH.518880,T0,80100,80100,0,5.52300000,442392.300,0.4503279846999910744132114304
2024-08-22,SH.588000,T1,614800,612200,2600,0.71900000,442041.200,0.4499705866272213474848121826
2024-08-23,SH.510300,T1,0,0,0,3.39300000,0,0E+3
2024-08-23,SH.518880,T0,80200,80200,0,5.50400000,441420.800,0.4497596639487305316033337782
2024-08-23,SH.588000,T1,613500,613500,0,0.72000000,441720.000,0.4500645161248252244113204374
2024-08-26,SH.510300,T1,0,0,0,3.39400000,0,0E+3
2024-08-26,SH.518880,T0,79800,79800,0,5.53800000,441932.400,0.4504442242382036825067289104
2024-08-26,SH.588000,T1,617400,613500,3900,0.71500000,441441.000,0.4499433596449069400873366989
2024-08-27,SH.510300,T1,0,0,0,3.37700000,0,0E+3
2024-08-27,SH.518880,T0,79500,79500,0,5.53400000,439953.000,0.4505645203128088728916936131
2024-08-27,SH.588000,T1,620600,617400,3200,0.70800000,439384.800,0.4499826155174290527709601250
2024-08-28,SH.510300,T1,0,0,0,3.35700000,0,0E+3
2024-08-28,SH.518880,T0,79300,79300,0,5.52800000,438370.400,0.4503141779582789826537918615
2024-08-28,SH.588000,T1,622200,620600,1600,0.70400000,438028.800,0.4499632707729613879884710841
2024-08-29,SH.510300,T1,0,0,0,3.34700000,0,0E+3
2024-08-29,SH.518880,T0,79600,79600,0,5.53500000,440586.000,0.4497533270117674531265198383
2024-08-29,SH.588000,T1,618400,618400,0,0.71300000,440919.200,0.4500934599450888044980608232
2024-08-30,SH.510300,T1,0,0,0,3.39200000,0,0E+3
2024-08-30,SH.518880,T0,80400,80400,0,5.52200000,443968.800,0.4494347858660064281040291007
2024-08-30,SH.588000,T1,610700,610700,0,0.72800000,444589.600,0.4500632289346761562258407714
2024-09-02,SH.510300,T1,0,0,0,3.33200000,0,0E+3
2024-09-02,SH.518880,T0,79600,79600,0,5.49100000,437083.600,0.4505758277735153588192975197
2024-09-02,SH.588000,T1,620900,610700,10200,0.70300000,436492.700,0.4499666874245492337449952056
2024-09-03,SH.510300,T1,0,0,0,3.34400000,0,0E+3
2024-09-03,SH.518880,T0,79600,79600,0,5.50100000,437879.600,0.4495917856766359834572454829
2024-09-03,SH.588000,T1,619100,619100,0,0.70800000,438322.800,0.4500468401697246888179616506
2024-09-04,SH.510300,T1,0,0,0,3.32300000,0,0E+3
2024-09-04,SH.518880,T0,79800,79800,0,5.46300000,435947.400,0.4498680777599448116155431329
2024-09-04,SH.588000,T1,618600,618600,0,0.70500000,436113.000,0.4500389657011896656066520005
2024-09-05,SH.510300,T1,0,0,0,3.33000000,0,0E+3
2024-09-05,SH.518880,T0,79600,79600,0,5.50200000,437959.200,0.4505031034691498401394593763
2024-09-05,SH.588000,T1,620500,618600,1900,0.70500000,437452.500,0.4499818907111399199825163002
2024-09-06,SH.510300,T1,0,0,0,3.30200000,0,0E+3
2024-09-06,SH.518880,T0,79000,79000,0,5.51700000,435843.000,0.4503681431980294619771732813
2024-09-06,SH.588000,T1,625700,620500,5200,0.69600000,435487.200,0.4500004856118118127719056086
2024-09-09,SH.510300,T1,0,0,0,3.26100000,0,0E+3
2024-09-09,SH.518880,T0,78800,78800,0,5.47700000,431587.600,0.4500654938669207300281643457
2024-09-09,SH.588000,T1,628100,625700,2400,0.68700000,431504.700,0.4499790446050754691158505192
2024-09-10,SH.510300,T1,0,0,0,3.26100000,0,0E+3
2024-09-10,SH.518880,T0,78800,78800,0,5.51300000,434424.400,0.4502200606254211294101986562
2024-09-10,SH.588000,T1,627500,627500,0,0.69200000,434230.000,0.4500185922461459738996947743
2024-09-11,SH.510300,T1,0,0,0,3.25400000,0,0E+3
2024-09-11,SH.518880,T0,78700,78700,0,5.54200000,436155.400,0.4500725018456175207156087088
2024-09-11,SH.588000,T1,627500,627500,0,0.69500000,436112.500,0.4500282329673021840451497402
2024-09-12,SH.510300,T1,0,0,0,3.24300000,0,0E+3
2024-09-12,SH.518880,T0,78600,78600,0,5.53100000,434736.600,0.4504749379576379045322407514
2024-09-12,SH.588000,T1,629300,627500,1800,0.69000000,434217.000,0.4499365273941776652627728661
2024-09-13,SH.510300,T1,0,0,0,3.22800000,0,0E+3
2024-09-13,SH.518880,T0,77600,77600,0,5.61100000,435413.600,0.4503075263886886679686380512
2024-09-13,SH.588000,T1,637000,629300,7700,0.68300000,435071.000,0.4499532072802805595915775841
2024-09-18,SH.510300,T1,0,0,0,3.23800000,0,0E+3
2024-09-18,SH.518880,T0,77400,77400,0,5.60900000,434136.600,0.4505493519123100761836517594
2024-09-18,SH.588000,T1,639500,637000,2500,0.67800000,433581.000,0.4499727471756385320698229854
2024-09-19,SH.510300,T1,0,0,0,3.26500000,0,0E+3
2024-09-19,SH.518880,T0,77600,77600,0,5.60000000,434560.000,0.4498275570802067160096870638
2024-09-19,SH.588000,T1,636600,636600,0,0.68300000,434797.800,0.4500737117954903895117744708
2024-09-20,SH.510300,T1,0,0,0,3.27400000,0,0E+3
2024-09-20,SH.518880,T0,77000,77000,0,5.66300000,436051.000,0.4505834941601686925347002925
2024-09-20,SH.588000,T1,642300,636600,5700,0.67800000,435479.400,0.4499928441553253314951594253
2024-09-23,SH.510300,T1,0,0,0,3.28300000,0,0E+3
2024-09-23,SH.518880,T0,76400,76400,0,5.71100000,436320.400,0.4503450969990501878444218355
2024-09-23,SH.588000,T1,646800,642300,4500,0.67400000,435943.200,0.4499557726158949612475106759
2024-09-24,SH.510300,T1,0,0,0,3.42700000,0,0E+3
2024-09-24,SH.518880,T0,77700,77700,0,5.69700000,442656.900,0.4498860793695278796094631786
2024-09-24,SH.588000,T1,633500,633500,0,0.69900000,442816.500,0.4500482858510429687215625728
2024-09-25,SH.510300,T1,0,0,0,3.47400000,0,0E+3
2024-09-25,SH.518880,T0,77500,77500,0,5.74000000,444850.000,0.4503015354622369150732488456
2024-09-25,SH.588000,T1,635000,633500,1500,0.70000000,444500.000,0.4499472462919283101046624972
2024-09-26,SH.510300,T1,0,0,0,3.64000000,0,0E+3
2024-09-26,SH.518880,T0,78700,78700,0,5.75100000,452603.700,0.4496809139103469708076581433
2024-09-26,SH.588000,T1,622200,622200,0,0.72800000,452961.600,0.4500365026938423624291850129
2024-09-27,SH.510300,T1,0,0,0,3.86900000,0,0E+3
2024-09-27,SH.518880,T0,82200,82200,0,5.70800000,469197.600,0.4499042360702636184206188645
2024-09-27,SH.588000,T1,592600,592600,0,0.79200000,469339.200,0.4500400134907524472815686214
2024-09-30,SH.510300,T1,0,0,0,4.23300000,0,0E+3
2024-09-30,SH.518880,T0,89600,89600,0,5.70700000,511347.200,0.4499999010408409940592814785
2024-09-30,SH.588000,T1,538400,538400,0,0.95000000,511480.000,0.4501167687715300907904478417
2024-10-08,SH.510300,T1,0,0,0,4.41200000,0,0E+3
2024-10-08,SH.518880,T0,97600,97600,0,5.71400000,557686.400,0.4500568033634280914282130990
2024-10-08,SH.588000,T1,489100,489100,0,1.14000000,557574.000,0.4499660957817154132680920504
2024-10-09,SH.510300,T1,0,0,0,4.02200000,0,0E+3
2024-10-09,SH.518880,T0,96600,96600,0,5.64000000,544824.000,0.4501252187743115673167550606
2024-10-09,SH.588000,T1,496800,489100,7700,1.09600000,544492.800,0.4498515864224730800417904679
2024-10-10,SH.510300,T1,0,0,0,4.08600000,0,0E+3
2024-10-10,SH.518880,T0,93500,93500,0,5.67600000,530706.000,0.4501155959606365563042011992
2024-10-10,SH.588000,T1,517000,496800,20200,1.02600000,530442.000,0.4498916857027280192783068073
2024-10-11,SH.510300,T1,0,0,0,3.97700000,0,0E+3
2024-10-11,SH.518880,T0,89900,89900,0,5.73900000,515936.100,0.4501628500893974476803708830
2024-10-11,SH.588000,T1,542200,517000,25200,0.95100000,515632.200,0.4498976922720976543835845858
2024-10-14,SH.510300,T1,0,0,0,4.04000000,0,0E+3
2024-10-14,SH.518880,T0,90300,90300,0,5.79900000,523649.700,0.4498867993439513506080260734
2024-10-14,SH.588000,T1,537700,537700,0,0.97400000,523719.800,0.4499470248432383949616800956
2024-10-15,SH.510300,T1,0,0,0,3.93100000,0,0E+3
2024-10-15,SH.518880,T0,89200,89200,0,5.79900000,517270.800,0.4502387184153788600329105219
2024-10-15,SH.588000,T1,546400,537700,8700,0.94600000,516894.400,0.4499110953335974244619941131
2024-10-16,SH.510300,T1,0,0,0,3.90600000,0,0E+3
2024-10-16,SH.518880,T0,87600,87600,0,5.88400000,515438.400,0.4506092073730938375378570739
2024-10-16,SH.588000,T1,557500,546400,11100,0.92300000,514572.500,0.4498522158244153495673759642
2024-10-17,SH.510300,T1,133600,0,133600,3.86300000,516096.800,0.4502509380241688751702260736
2024-10-17,SH.518880,T0,87500,87500,0,5.90500000,516687.500,0.4507662739632618448506485303
2024-10-17,SH.588000,T1,0,0,0,0.92600000,0,0E+3
2024-10-18,SH.510300,T1,0,0,0,4.01600000,0,0E+3
2024-10-18,SH.518880,T0,88500,88500,0,5.94500000,526132.500,0.4500898885025119807686391962
2024-10-18,SH.588000,T1,505800,0,505800,1.04100000,526537.800,0.4504366099687017107431333197
2024-10-21,SH.510300,T1,0,0,0,4.01600000,0,0E+3
2024-10-21,SH.518880,T0,88300,88300,0,6.02000000,531566.000,0.4504286125680978225202549989
2024-10-21,SH.588000,T1,505800,505800,0,1.05000000,531090.000,0.4500252684498088150150352494
2024-10-22,SH.510300,T1,130600,0,130600,4.04000000,527624.000,0.4501290895041107922391498049
2024-10-22,SH.518880,T0,87800,87800,0,6.01800000,528380.400,0.4507743930598643390892735538
2024-10-22,SH.588000,T1,0,0,0,1.03700000,0,0E+3
2024-10-23,SH.510300,T1,130600,130600,0,4.05500000,529583.000,0.4497706858108441656123943149
2024-10-23,SH.518880,T0,87600,87600,0,6.05600000,530505.600,0.4505542427504156488873370434
2024-10-23,SH.588000,T1,0,0,0,1.03200000,0,0E+3
2024-10-24,SH.510300,T1,130800,130600,200,4.01100000,524638.800,0.4498103612104036631540798849
2024-10-24,SH.518880,T0,87600,87600,0,5.99500000,525162.000,0.4502589379854825997416182343
2024-10-24,SH.588000,T1,0,0,0,1.02900000,0,0E+3
2024-10-25,SH.510300,T1,0,0,0,4.04000000,0,0E+3
2024-10-25,SH.518880,T0,87800,87800,0,5.99800000,526624.400,0.4504170132027086670154234713
2024-10-25,SH.588000,T1,504000,0,504000,1.04500000,526680.000,0.4504645673721206247634618408
2024-10-28,SH.510300,T1,0,0,0,4.04600000,0,0E+3
2024-10-28,SH.518880,T0,87400,87400,0,6.01700000,525885.800,0.4503126018512973383696704713
2024-10-28,SH.588000,T1,505700,504000,1700,1.03900000,525422.300,0.4499157098056135105950198870
2024-10-29,SH.510300,T1,0,0,0,4.01300000,0,0E+3
2024-10-29,SH.518880,T0,86600,86600,0,6.06800000,525488.800,0.4504059258713344912392243185
2024-10-29,SH.588000,T1,510600,505700,4900,1.02800000,524896.800,0.4498985119966413864217408236
2024-10-30,SH.510300,T1,0,0,0,3.97100000,0,0E+3
2024-10-30,SH.518880,T0,85300,85300,0,6.14000000,523742.000,0.4504532328835576612657225824
2024-10-30,SH.588000,T1,519000,510600,8400,1.00800000,523152.000,0.4499457933285834582800029412
2024-10-31,SH.510300,T1,132100,0,132100,3.97100000,524569.100,0.4504033240452567808647162779
2024-10-31,SH.518880,T0,85900,85900,0,6.10300000,524247.700,0.4501273649230970014774631595
2024-10-31,SH.588000,T1,0,0,0,1.02000000,0,0E+3
2024-11-01,SH.510300,T1,131400,131400,0,3.97900000,522840.600,0.4502424881629995808368150573
2024-11-01,SH.518880,T0,86300,86300,0,6.05100000,522201.300,0.4496919570399716338257585788
2024-11-01,SH.588000,T1,0,0,0,0.99000000,0,0E+3
2024-11-04,SH.510300,T1,130000,130000,0,4.03200000,524160.000,0.4501912578502293835941548485
2024-11-04,SH.518880,T0,87200,87200,0,6.00600000,523723.200,0.4498160984686875257744930528
2024-11-04,SH.588000,T1,0,0,0,1.00400000,0,0E+3
2024-11-05,SH.510300,T1,0,0,0,4.13700000,0,0E+3
2024-11-05,SH.518880,T0,88200,88200,0,6.00600000,529729.200,0.4501701897516402646942846947
2024-11-05,SH.588000,T1,504800,0,504800,1.05000000,530040.000,0.4504343112970918082268424311
2024-11-06,SH.510300,T1,0,0,0,4.11100000,0,0E+3
2024-11-06,SH.518880,T0,88300,88300,0,5.99400000,529270.200,0.4496104424352904295854769217
2024-11-06,SH.588000,T1,503200,503200,0,1.05300000,529869.600,0.4501196275343111435487673825
2024-11-07,SH.510300,T1,0,0,0,4.24800000,0,0E+3
2024-11-07,SH.518880,T0,90800,90800,0,5.86000000,532088.000,0.4499989407745084026832987387
2024-11-07,SH.588000,T1,489600,489600,0,1.08700000,532195.200,0.4500896022561637440944330805
2024-11-08,SH.510300,T1,0,0,0,4.19400000,0,0E+3
2024-11-08,SH.518880,T0,90300,90300,0,5.89800000,532589.400,0.4502331711095827882682160956
2024-11-08,SH.588000,T1,492400,489600,2800,1.08100000,532284.400,0.4499753343648251518030108063
2024-11-11,SH.510300,T1,0,0,0,4.21500000,0,0E+3
2024-11-11,SH.518880,T0,92000,92000,0,5.90500000,543260.000,0.4498480005869834920150501821
2024-11-11,SH.588000,T1,481100,481100,0,1.13000000,543643.000,0.4501651448350871894664395063
2024-11-12,SH.510300,T1,128000,0,128000,4.16900000,533632.000,0.4501612104742088379945833669
2024-11-12,SH.518880,T0,92000,92000,0,5.80700000,534244.000,0.4506774813515366890395969437
2024-11-12,SH.588000,T1,0,0,0,1.10500000,0,0E+3
2024-11-13,SH.510300,T1,127500,127500,0,4.19500000,534862.500,0.4503240201143811265978315866
2024-11-13,SH.518880,T0,92200,92200,0,5.79600000,534391.200,0.4499272121297497347448496370
2024-11-13,SH.588000,T1,0,0,0,1.11600000,0,0E+3
2024-11-14,SH.510300,T1,127500,127500,0,4.12400000,525810.000,0.4501896169796225245722741437
2024-11-14,SH.518880,T0,92500,92500,0,5.68000000,525400.000,0.4498385819233062787133619275
2024-11-14,SH.588000,T1,0,0,0,1.08000000,0,0E+3
2024-11-15,SH.510300,T1,128600,127500,1100,4.05500000,521473.000,0.4497630430739125398165694239
2024-11-15,SH.518880,T0,91900,91900,0,5.68300000,522267.700,0.4504484605170607724103800866
2024-11-15,SH.588000,T1,0,0,0,1.04000000,0,0E+3
2024-11-18,SH.510300,T1,0,0,0,4.03800000,0,0E+3
2024-11-18,SH.518880,T0,91000,91000,0,5.75800000,523978.000,0.4505687444307977626785068699
2024-11-18,SH.588000,T1,513500,0,513500,1.02000000,523770.000,0.4503898852060944241134580903
2024-11-19,SH.510300,T1,0,0,0,4.05800000,0,0E+3
2024-11-19,SH.518880,T0,91200,91200,0,5.85800000,534249.600,0.4495377751528435680298595558
2024-11-19,SH.588000,T1,508400,508400,0,1.05200000,534836.800,0.4500318673928185717418831746
2024-11-20,SH.510300,T1,0,0,0,4.06800000,0,0E+3
2024-11-20,SH.518880,T0,91400,91400,0,5.85700000,535329.800,0.4499081429564366228370572643
2024-11-20,SH.588000,T1,507600,507600,0,1.05500000,535518.000,0.4500663122055694029894379727
2024-11-21,SH.510300,T1,0,0,0,4.07300000,0,0E+3
2024-11-21,SH.518880,T0,91200,91200,0,5.93300000,541089.600,0.4503944148733911929615066665
2024-11-21,SH.588000,T1,508100,507600,500,1.06400000,540618.400,0.4500021954548543333912553404
2024-11-22,SH.510300,T1,0,0,0,3.95300000,0,0E+3
2024-11-22,SH.518880,T0,88900,88900,0,6.01000000,534289.000,0.4501107082420794695013182294
2024-11-22,SH.588000,T1,522600,508100,14500,1.02200000,534097.200,0.4499491267125311710294231448
2024-11-25,SH.510300,T1,0,0,0,3.93100000,0,0E+3
2024-11-25,SH.518880,T0,89000,89000,0,5.91600000,526524.000,0.4495082804619512977357517384
2024-11-25,SH.588000,T1,522900,522600,300,1.00800000,527083.200,0.4499856851584785655634173954
2024-11-26,SH.510300,T1,0,0,0,3.92300000,0,0E+3
2024-11-26,SH.518880,T0,89400,89400,0,5.84400000,522453.600,0.4497026943399440298606866632
2024-11-26,SH.588000,T1,521800,521800,0,1.00200000,522843.600,0.4500383874058786471580804754
2024-11-27,SH.510300,T1,0,0,0,3.98700000,0,0E+3
2024-11-27,SH.518880,T0,90400,90400,0,5.89900000,533269.600,0.4498432228930908924295877257
2024-11-27,SH.588000,T1,514000,514000,0,1.03800000,533532.000,0.4500645722099976635078069301
2024-11-28,SH.510300,T1,0,0,0,3.95800000,0,0E+3
2024-11-28,SH.518880,T0,90500,90500,0,5.86900000,531144.500,0.4498639151164921055908308615
2024-11-28,SH.588000,T1,513900,513900,0,1.03400000,531372.600,0.4500571091701593691119353227
2024-11-29,SH.510300,T1,0,0,0,4.00100000,0,0E+3
2024-11-29,SH.518880,T0,91000,91000,0,5.92300000,538993.000,0.4495691316440515178851670438
2024-11-29,SH.588000,T1,509000,509000,0,1.06000000,539540.000,0.4500253793411631615990616331
2024-12-02,SH.510300,T1,0,0,0,4.03100000,0,0E+3
2024-12-02,SH.518880,T0,91800,91800,0,5.87200000,539049.600,0.4498359856556448139687568385
2024-12-02,SH.588000,T1,505000,505000,0,1.06800000,539340.000,0.4500783239678045841531267499
2024-12-03,SH.510300,T1,0,0,0,4.03500000,0,0E+3
2024-12-03,SH.518880,T0,91000,91000,0,5.93100000,539721.000,0.4504550216165304321092457799
2024-12-03,SH.588000,T1,510100,505000,5100,1.05700000,539175.700,0.4499999103214585448848665697
2024-12-04,SH.510300,T1,0,0,0,4.01400000,0,0E+3
2024-12-04,SH.518880,T0,90700,90700,0,5.92900000,537760.300,0.4502334869490520378822071788
2024-12-04,SH.588000,T1,511800,510100,1700,1.05000000,537390.000,0.4499234576288935323740322888
2024-12-05,SH.510300,T1,0,0,0,4.00700000,0,0E+3
2024-12-05,SH.518880,T0,90700,90700,0,5.92700000,537578.900,0.4495741109531456386821843072
2024-12-05,SH.588000,T1,511100,511100,0,1.05300000,538188.300,0.4500837486327771252457620873
2024-12-06,SH.510300,T1,0,0,0,4.05700000,0,0E+3
2024-12-06,SH.518880,T0,91500,91500,0,5.90300000,540124.500,0.4498364867737943906478744173
2024-12-06,SH.588000,T1,506400,506400,0,1.06700000,540328.800,0.4500066356825142991023314189
2024-12-09,SH.510300,T1,0,0,0,4.05400000,0,0E+3
2024-12-09,SH.518880,T0,90800,90800,0,5.93600000,538988.800,0.4502332177591832922488934163
2024-12-09,SH.588000,T1,511100,506400,4700,1.05400000,538699.400,0.4499914734164075098118987519
2024-12-10,SH.510300,T1,0,0,0,4.08500000,0,0E+3
2024-12-10,SH.518880,T0,90800,90800,0,5.96100000,541258.800,0.4495520064290315339355195727
2024-12-10,SH.588000,T1,509700,509700,0,1.06300000,541811.100,0.4500107288981179563940414249
2024-12-11,SH.510300,T1,0,0,0,4.07500000,0,0E+3
2024-12-11,SH.518880,T0,90400,90400,0,6.01100000,543394.400,0.4503955320415499945589354806
2024-12-11,SH.588000,T1,512600,509700,2900,1.05900000,542843.400,0.4499388325647889273727407509
2024-12-12,SH.510300,T1,0,0,0,4.11700000,0,0E+3
2024-12-12,SH.518880,T0,90200,90200,0,6.05200000,545890.400,0.4503198470077449388671642978
2024-12-12,SH.588000,T1,513100,512600,500,1.06300000,545425.300,0.4499361733603547261595088451
2024-12-13,SH.510300,T1,0,0,0,4.02000000,0,0E+3
2024-12-13,SH.518880,T0,89800,89800,0,6.00100000,538889.800,0.4502614369403134064907576877
2024-12-13,SH.588000,T1,516800,513100,3700,1.04200000,538505.600,0.4499404242878704238795192692
2024-12-16,SH.510300,T1,0,0,0,3.99600000,0,0E+3
2024-12-16,SH.518880,T0,89600,89600,0,5.94700000,532851.200,0.4503515054254269236237793345
2024-12-16,SH.588000,T1,519400,516800,2600,1.02500000,532385.000,0.4499574857219349655840988273
2024-12-17,SH.510300,T1,0,0,0,4.00700000,0,0E+3
2024-12-17,SH.518880,T0,89400,89400,0,5.94000000,531036.000,0.4502464890444171295148927800
2024-12-17,SH.588000,T1,520800,519400,1400,1.01900000,530695.200,0.4499575368764542468520626226
2024-12-18,SH.510300,T1,0,0,0,4.02400000,0,0E+3
2024-12-18,SH.518880,T0,89900,89900,0,5.93200000,533286.800,0.4496537399641143824966297626
2024-12-18,SH.588000,T1,516700,516700,0,1.03300000,533751.100,0.4500452258052515310399523898
2024-12-19,SH.510300,T1,0,0,0,4.03000000,0,0E+3
2024-12-19,SH.518880,T0,90800,90800,0,5.88500000,534358.000,0.4498145989797138723812096257
2024-12-19,SH.588000,T1,511600,511600,0,1.04500000,534622.000,0.4500368302443915687239398540
2024-12-20,SH.510300,T1,0,0,0,4.01800000,0,0E+3
2024-12-20,SH.518880,T0,91500,91500,0,5.89200000,539118.000,0.4497139040442553890257793755
2024-12-20,SH.588000,T1,506600,506600,0,1.06500000,539529.000,0.4500567462690785056067312178
2024-12-23,SH.510300,T1,0,0,0,4.02200000,0,0E+3
2024-12-23,SH.518880,T0,90600,90600,0,5.95100000,539160.600,0.4502021945936432928684737598
2024-12-23,SH.588000,T1,512200,506600,5600,1.05200000,538834.400,0.4499298157219741715674482469
2024-12-24,SH.510300,T1,0,0,0,4.06900000,0,0E+3
2024-12-24,SH.518880,T0,91400,91400,0,5.92100000,541179.400,0.4496458634423666382087551923
2024-12-24,SH.588000,T1,506700,506700,0,1.06900000,541662.300,0.4500470871169121195215897309
2024-12-25,SH.510300,T1,0,0,0,4.07200000,0,0E+3
2024-12-25,SH.518880,T0,91400,91400,0,5.93600000,542550.400,0.4497066755454914536933581339
2024-12-25,SH.588000,T1,506500,506500,0,1.07200000,542968.000,0.4500528139092412495299520178
2024-12-26,SH.510300,T1,0,0,0,4.07300000,0,0E+3
2024-12-26,SH.518880,T0,91700,91700,0,5.94000000,544698.000,0.4496563938504078953625933712
2024-12-26,SH.588000,T1,504300,504300,0,1.08100000,545148.300,0.4500281232750630963643994652
2024-12-27,SH.510300,T1,0,0,0,4.06700000,0,0E+3
2024-12-27,SH.518880,T0,91500,91500,0,5.94500000,543967.500,0.4501995500862278410284279095
2024-12-27,SH.588000,T1,506200,504300,1900,1.07400000,543658.800,0.4499440631295408725339397725
2024-12-30,SH.510300,T1,0,0,0,4.08600000,0,0E+3
2024-12-30,SH.518880,T0,91700,91700,0,5.92300000,543139.100,0.4497024589512709485310890782
2024-12-30,SH.588000,T1,504700,504700,0,1.07700000,543561.900,0.4500525243390226264291430840
2024-12-31,SH.510300,T1,0,0,0,4.02200000,0,0E+3
2024-12-31,SH.518880,T0,90500,90500,0,5.92800000,536484.000,0.4500477178477137407066034223
2024-12-31,SH.588000,T1,513300,504700,8600,1.04500000,536398.500,0.4499759932857958092774640359
