order_id,signal_date,execution_date,symbol,side,target_value_gap,requested_quantity,approved_quantity,passed,reason_code,message,base_trade_price,price_limit_down,price_limit_up,price_limit_source,price_limit_fallback_reason
39ba95100b1b32516608f8c874832369,2024-01-02,2024-01-03,SH.518880,BUY,450000.00000,96500,96500,True,APPROVED,approved,4.66300000,4.19900000,5.13300000,TUSHARE_EXPLICIT,
7df45f4d1cb7c95658dd8dfeeb0dee46,2024-01-02,2024-01-03,SH.588000,BUY,450000.00000,514800,514800,True,APPROVED,approved,0.87400000,0.70900000,1.06300000,TUSHARE_EXPLICIT,
15478d653af39e18908a36e28cee241c,2024-01-03,2024-01-04,SH.518880,SELL,-1679.41220,300,300,True,APPROVED,approved,4.65100000,4.19700000,5.12900000,TUSHARE_EXPLICIT,
9d64c5eb87b336f8504a57e583f80cf2,2024-01-03,2024-01-04,SH.588000,BUY,1325.28780,1500,1500,True,APPROVED,approved,0.86600000,0.69900000,1.04900000,TUSHARE_EXPLICIT,
24e9588c35bc66db4a22c0572576f60c,2024-01-04,2024-01-05,SH.518880,SELL,-4927.21720,1000,1000,True,APPROVED,approved,4.66400000,4.18600000,5.11600000,TUSHARE_EXPLICIT,
eca8dd74709c4295f8715dddc77bcf05,2024-01-04,2024-01-05,SH.588000,BUY,5410.88280,6300,6300,True,APPROVED,approved,0.84900000,0.69300000,1.03900000,TUSHARE_EXPLICIT,
86e7ae7980563f20797486272f966898,2024-01-05,2024-01-08,SH.518880,SELL,-5418.11220,1100,1100,True,APPROVED,approved,4.65000000,4.19800000,5.13000000,TUSHARE_EXPLICIT,
b04ffe5633741a5bf02093e454e70811,2024-01-05,2024-01-08,SH.588000,BUY,6639.48780,8000,8000,True,APPROVED,approved,0.82400000,0.67900000,1.01900000,TUSHARE_EXPLICIT,
a7ee6cf16e0f89a39526c0315ef77ead,2024-01-09,2024-01-10,SH.518880,SELL,-787.7264564067277313069110,100,100,True,APPROVED,approved,4.63100000,4.18400000,5.11400000,TUSHARE_EXPLICIT,
b2632542b798b9f4136e4daae81edfd3,2024-01-09,2024-01-10,SH.588000,BUY,1010.0820564067277313069110,1200,1200,True,APPROVED,approved,0.81800000,0.65900000,0.98900000,TUSHARE_EXPLICIT,
4edbd1ba14e3bfd5c9027ef8c2d05911,2024-01-10,2024-01-11,SH.588000,SELL,-3193.9274030625948219140528,3800,3800,True,APPROVED,approved,0.82900000,0.65400000,0.98200000,TUSHARE_EXPLICIT,
b9e875e528c97687a7c0492489289ebd,2024-01-10,2024-01-11,SH.518880,BUY,2302.4530030625948219140528,400,400,True,APPROVED,approved,4.63100000,4.16800000,5.09400000,TUSHARE_EXPLICIT,
fdaf9674de0f2739aa9dd34b142b4ffd,2024-01-11,2024-01-12,SH.518880,SELL,-2948.9795882535938789140629,600,600,True,APPROVED,approved,4.64600000,4.16800000,5.09400000,TUSHARE_EXPLICIT,
de4edaf09a5bdf81a000c993cf3febbf,2024-01-11,2024-01-12,SH.588000,BUY,3781.0051882535938789140629,4600,4600,True,APPROVED,approved,0.81800000,0.66300000,0.99500000,TUSHARE_EXPLICIT,
b93eaae66bc2826caf060796888df918,2024-01-12,2024-01-15,SH.518880,SELL,-2760.0356772949409406979447,500,500,True,APPROVED,approved,4.67300000,4.18100000,5.11100000,TUSHARE_EXPLICIT,
acee32c3a872380631d6f4cabbcd1a10,2024-01-12,2024-01-15,SH.588000,BUY,2615.1412772949409406979447,3200,3200,True,APPROVED,approved,0.81300000,0.65400000,0.98200000,TUSHARE_EXPLICIT,
dd6480d607e5a4fc1d090c30c03455f0,2024-01-15,2024-01-16,SH.588000,SELL,-1003.8270738953720324950884,1200,1200,True,APPROVED,approved,0.81700000,0.65000000,0.97600000,TUSHARE_EXPLICIT,
30f4afbff3b3cae8fd7c7618b8c1ce91,2024-01-16,2024-01-17,SH.518880,SELL,-2580.02220,500,500,True,APPROVED,approved,4.63100000,4.20900000,5.14500000,TUSHARE_EXPLICIT,
087453a236504a706c4d18f7817be54d,2024-01-16,2024-01-17,SH.588000,BUY,4485.27780,5600,5600,True,APPROVED,approved,0.79500000,0.65400000,0.98000000,TUSHARE_EXPLICIT,
71300d5f0b1598e23c634b4f0e6decf8,2024-01-17,2024-01-18,SH.588000,SELL,-3843.4791454248654328547562,4700,4700,True,APPROVED,approved,0.80600000,0.63600000,0.95400000,TUSHARE_EXPLICIT,
4b07d9d6c57d660cd70be781c66ae287,2024-01-17,2024-01-18,SH.518880,BUY,3141.8247454248654328547562,600,600,True,APPROVED,approved,4.61600000,4.16800000,5.09400000,TUSHARE_EXPLICIT,
8b1ba62cde3db21d0a3712e41b0bb3dd,2024-01-18,2024-01-19,SH.518880,SELL,-1745.1391998723911125719943,300,300,True,APPROVED,approved,4.64300000,4.15400000,5.07800000,TUSHARE_EXPLICIT,
6a00a8a929e3d2df81c5a804deed2eb8,2024-01-18,2024-01-19,SH.588000,BUY,1955.7047998723911125719943,2400,2400,True,APPROVED,approved,0.80300000,0.64500000,0.96700000,TUSHARE_EXPLICIT,
2d0f1e80b187bf2d40293e5a3c660f43,2024-01-19,2024-01-22,SH.518880,SELL,-5971.5872787139108977559613,1200,1200,True,APPROVED,approved,4.62500000,4.17900000,5.10700000,TUSHARE_EXPLICIT,
19a6a78d926d9784d2eca56950deea33,2024-01-19,2024-01-22,SH.588000,BUY,7255.7928787139108977559613,9300,9300,True,APPROVED,approved,0.77600000,0.64200000,0.96400000,TUSHARE_EXPLICIT,
c764bfe9f645ade15eb4826fcfbf898c,2024-01-22,2024-01-23,SH.588000,SELL,-2691.2648111737106227625801,3400,3400,True,APPROVED,approved,0.78600000,0.62100000,0.93100000,TUSHARE_EXPLICIT,
468d9c4f7fdd8f7ae2ac981127e37b17,2024-01-22,2024-01-23,SH.518880,BUY,1676.5304111737106227625801,300,300,True,APPROVED,approved,4.63200000,4.16300000,5.08800000,TUSHARE_EXPLICIT,
145570267fe2b2c10e4b4542fcff9644,2024-01-23,2024-01-24,SH.588000,SELL,-872.4059549775567183606520,1100,1100,True,APPROVED,approved,0.78800000,0.62900000,0.94300000,TUSHARE_EXPLICIT,
3b4649997a1983dbc55ce5a598f788eb,2024-01-23,2024-01-24,SH.518880,BUY,1074.1615549775567183606520,200,200,True,APPROVED,approved,4.62600000,4.16900000,5.09500000,TUSHARE_EXPLICIT,
e70605e2cffa7c792bf96af82ab10655,2024-01-24,2024-01-25,SH.588000,SELL,-5659.6316289980690315315459,7000,7000,True,APPROVED,approved,0.80400000,0.63000000,0.94600000,TUSHARE_EXPLICIT,
9db4632e5f0781c09c6fa2ee7b434b9e,2024-01-24,2024-01-25,SH.518880,BUY,5118.1772289980690315315459,1100,1100,True,APPROVED,approved,4.60500000,4.16300000,5.08900000,TUSHARE_EXPLICIT,
f1a8c222c659170eaaf77377b866b4ec,2024-01-25,2024-01-26,SH.518880,SELL,-5564.9708853736144750981441,1200,1200,True,APPROVED,approved,4.62500000,4.14500000,5.06600000,TUSHARE_EXPLICIT,
496ba5ca16cdfb993b653cf9b4210204,2024-01-25,2024-01-26,SH.588000,BUY,6398.5764853736144750981441,8100,8100,True,APPROVED,approved,0.78500000,0.64300000,0.96500000,TUSHARE_EXPLICIT,
6ced7a0884e9b7de9cf81cd0d14da751,2024-01-26,2024-01-29,SH.518880,SELL,-5620.2481987246049599510985,1200,1200,True,APPROVED,approved,4.63400000,4.16300000,5.08800000,TUSHARE_EXPLICIT,
6ac12d6c344041ce8491a744a596f5aa,2024-01-26,2024-01-29,SH.588000,BUY,6684.7337987246049599510985,8700,8700,True,APPROVED,approved,0.76400000,0.62800000,0.94200000,TUSHARE_EXPLICIT,
d3cff97241a90e8d97afeb128e113469,2024-01-29,2024-01-30,SH.518880,SELL,-7905.98220,1700,1700,True,APPROVED,approved,4.64700000,4.17100000,5.09700000,TUSHARE_EXPLICIT,
7646a6398c7457c9a0a51fd93eca0991,2024-01-29,2024-01-30,SH.588000,SELL,-406087.500,552500,552500,True,APPROVED,approved,0.73500000,0.61100000,0.91700000,TUSHARE_EXPLICIT,
0b809f49e8892fe2d0805364ccda4cb9,2024-01-29,2024-01-30,SH.510300,BUY,415435.71780,128100,128100,True,APPROVED,approved,3.24300000,2.96900000,3.62900000,TUSHARE_EXPLICIT,
5ce657cb20244d453998831d0deedb9a,2024-01-30,2024-01-31,SH.518880,SELL,-1990.97190,400,400,True,APPROVED,approved,4.65300000,4.18200000,5.11200000,TUSHARE_EXPLICIT,
5be5d0708ac04df4b6a10a63d530fee1,2024-01-30,2024-01-31,SH.510300,BUY,1249.02810,300,300,True,APPROVED,approved,3.22200000,2.91900000,3.56700000,TUSHARE_EXPLICIT,
ad9715f577e601aa50bcb86ba9e9493f,2024-01-31,2024-02-01,SH.518880,SELL,-1100.45190,200,200,True,APPROVED,approved,4.66800000,4.18800000,5.11800000,TUSHARE_EXPLICIT,
cb98ff94a80de767776405c547a75b46,2024-01-31,2024-02-01,SH.510300,BUY,1160.34810,300,300,True,APPROVED,approved,3.21800000,2.90000000,3.54400000,TUSHARE_EXPLICIT,
ad438b18e06b1ca1164f6211b9b021f4,2024-02-01,2024-02-02,SH.518880,SELL,-2446.58190,500,500,True,APPROVED,approved,4.67900000,4.20100000,5.13500000,TUSHARE_EXPLICIT,
4e6c3823b6cd8e276b08b33ebbf4246a,2024-02-01,2024-02-02,SH.510300,BUY,2753.01810,800,800,True,APPROVED,approved,3.18800000,2.89600000,3.54000000,TUSHARE_EXPLICIT,
dd0779a2eb8b06cc395e41c3c43033cb,2024-02-02,2024-02-05,SH.510300,SELL,-2658.23690,800,800,True,APPROVED,approved,3.20800000,2.86900000,3.50700000,TUSHARE_EXPLICIT,
6b90c25c63129c5ea5d9e959c3f0a4d3,2024-02-02,2024-02-05,SH.518880,BUY,2800.86310,600,600,True,APPROVED,approved,4.64300000,4.21100000,5.14700000,TUSHARE_EXPLICIT,
0e4627e47d265fc982a9b90c790a9ace,2024-02-05,2024-02-06,SH.510300,SELL,-426125.700,128700,128700,True,APPROVED,approved,3.31100000,2.88700000,3.52900000,TUSHARE_EXPLICIT,
c76b9b7802bf682b790086155fc17dec,2024-02-05,2024-02-06,SH.518880,BUY,6401.2513474530694354954780,1300,1300,True,APPROVED,approved,4.63300000,4.17900000,5.10700000,TUSHARE_EXPLICIT,
3e46f4cc90e9c528dd1b9b6adba47253,2024-02-05,2024-02-06,SH.588000,BUY,418398.9048525469305645045220,552700,552700,True,APPROVED,approved,0.75700000,0.56700000,0.85100000,TUSHARE_EXPLICIT,
b7fbf13872b8740b01be78c1e12aa66f,2024-02-06,2024-02-07,SH.588000,SELL,-6191.2653798054068295164907,7900,7900,True,APPROVED,approved,0.77700000,0.60600000,0.90800000,TUSHARE_EXPLICIT,
efd5a2433fbba33aeb8d110f6f4f3c1a,2024-02-06,2024-02-07,SH.518880,BUY,4422.8419798054068295164907,900,900,True,APPROVED,approved,4.64200000,4.17000000,5.09600000,TUSHARE_EXPLICIT,
99be6af725b4f6f984135894c4864c78,2024-02-07,2024-02-08,SH.588000,SELL,-2001.79170,2500,2500,True,APPROVED,approved,0.78600000,0.62200000,0.93200000,TUSHARE_EXPLICIT,
fd1b91fc2edd8c8ff00c19c1744c37e2,2024-02-07,2024-02-08,SH.518880,BUY,1502.80830,300,300,True,APPROVED,approved,4.66200000,4.17800000,5.10600000,TUSHARE_EXPLICIT,
c0cc9cc7ce31b07b1495893f6ad80406,2024-02-08,2024-02-19,SH.588000,SELL,-4362.34170,5400,5400,True,APPROVED,approved,0.79800000,0.62900000,0.94300000,TUSHARE_EXPLICIT,
00722b69686e4cf0c46ea52c3fdac3a4,2024-02-08,2024-02-19,SH.518880,BUY,3931.45830,800,800,True,APPROVED,approved,4.64400000,4.19600000,5.12800000,TUSHARE_EXPLICIT,
fee096b6c0a4e2a7cca8830c28b9b3a8,2024-02-19,2024-02-20,SH.518880,SELL,-1623.17170,300,300,True,APPROVED,approved,4.64200000,4.18000000,5.10800000,TUSHARE_EXPLICIT,
0027443f651ca6a8fb1f76464f9748af,2024-02-19,2024-02-20,SH.588000,BUY,2218.22830,2800,2800,True,APPROVED,approved,0.79000000,0.63800000,0.95800000,TUSHARE_EXPLICIT,
9e52c2933d7aa3943418b7dd8745f203,2024-02-20,2024-02-21,SH.588000,SELL,-296.77170,300,300,True,APPROVED,approved,0.79100000,0.63200000,0.94800000,TUSHARE_EXPLICIT,
8b136481bd7ced2b5777f2476cdd3b23,2024-02-21,2024-02-22,SH.588000,SELL,-2559.28170,3200,3200,True,APPROVED,approved,0.79900000,0.63300000,0.94900000,TUSHARE_EXPLICIT,
9df9fcf15412cad3f8e76d7feddd101f,2024-02-21,2024-02-22,SH.518880,BUY,2097.21830,400,400,True,APPROVED,approved,4.63900000,4.17800000,5.10600000,TUSHARE_EXPLICIT,
b81240b5a2c9f1215073c2372b58e8a7,2024-02-22,2024-02-23,SH.588000,SELL,-972.59670,1200,1200,True,APPROVED,approved,0.80100000,0.63900000,0.95900000,TUSHARE_EXPLICIT,
212e2aeb14a08023e5a4df132805efc7,2024-02-22,2024-02-23,SH.518880,BUY,1174.60330,200,200,True,APPROVED,approved,4.63000000,4.17500000,5.10300000,TUSHARE_EXPLICIT,
3db7e7e43eebbbb7a26a342adf87dc31,2024-02-23,2024-02-26,SH.588000,SELL,-613.83170,700,700,True,APPROVED,approved,0.80600000,0.64100000,0.96100000,TUSHARE_EXPLICIT,
75b8166c24932408a5d97ad6274469ef,2024-02-26,2024-02-27,SH.588000,SELL,-9076.27170,10800,10800,True,APPROVED,approved,0.83600000,0.64500000,0.96700000,TUSHARE_EXPLICIT,
7068f666fde9a6dce9946cb9c3b70b03,2024-02-26,2024-02-27,SH.518880,BUY,7843.52830,1600,1600,True,APPROVED,approved,4.64600000,4.18600000,5.11600000,TUSHARE_EXPLICIT,
583f63d92c07b35f0b59a5ed952da0f5,2024-02-27,2024-02-28,SH.518880,SELL,-6145.93670,1300,1300,True,APPROVED,approved,4.64500000,4.18100000,5.11100000,TUSHARE_EXPLICIT,
f126476dddd4ace3b7578562f8bce605,2024-02-27,2024-02-28,SH.588000,BUY,7960.56330,9800,9800,True,APPROVED,approved,0.80800000,0.66900000,1.00300000,TUSHARE_EXPLICIT,
122984443833603c9096bf4ad911f8aa,2024-02-28,2024-02-29,SH.588000,SELL,-11324.26670,13300,13300,True,APPROVED,approved,0.84700000,0.64600000,0.97000000,TUSHARE_EXPLICIT,
165c3be566b8e2c97d9a2f77db78fd85,2024-02-28,2024-02-29,SH.518880,BUY,9139.23330,1900,1900,True,APPROVED,approved,4.64700000,4.18100000,5.11000000,TUSHARE_EXPLICIT,
246faafebbb9790e4a9352cb9446871a,2024-02-29,2024-03-01,SH.588000,SELL,-1507.91670,1700,1700,True,APPROVED,approved,0.85500000,0.67800000,1.01600000,TUSHARE_EXPLICIT,
bc9af072e7ae082f7286ccf80adb8db0,2024-02-29,2024-03-01,SH.518880,BUY,1127.18330,200,200,True,APPROVED,approved,4.66700000,4.18200000,5.11200000,TUSHARE_EXPLICIT,
4e16430f91f80e46e69a4ec89fc5f005,2024-03-01,2024-03-04,SH.518880,SELL,-2605.82670,500,500,True,APPROVED,approved,4.72500000,4.20000000,5.13400000,TUSHARE_EXPLICIT,
be128e45201586aac7e7d97fe254a294,2024-03-01,2024-03-04,SH.588000,BUY,2131.87330,2400,2400,True,APPROVED,approved,0.85600000,0.68400000,1.02600000,TUSHARE_EXPLICIT,
2cda514d16eec4fe8ffd5a0cbb5797d0,2024-03-04,2024-03-05,SH.518880,SELL,-3338.14670,600,600,True,APPROVED,approved,4.78900000,4.25300000,5.19800000,TUSHARE_EXPLICIT,
e0de14b7a0753306a9ce2fada402ab86,2024-03-04,2024-03-05,SH.588000,BUY,2503.55330,2900,2900,True,APPROVED,approved,0.85700000,0.68500000,1.02700000,TUSHARE_EXPLICIT,
4ca3f135d8ce8bef1590bf7f3cc81380,2024-03-05,2024-03-06,SH.518880,SELL,-4007.9173234674578559875649,800,800,True,APPROVED,approved,4.82400000,4.31000000,5.26800000,TUSHARE_EXPLICIT,
8a3451e711f1ed072fdb1f25ccbdb303,2024-03-05,2024-03-06,SH.588000,BUY,3586.4139234674578559875649,4200,4200,True,APPROVED,approved,0.85000000,0.68600000,1.02800000,TUSHARE_EXPLICIT,
ca9c7248405d44202cc15fa49a7015fa,2024-03-06,2024-03-07,SH.518880,SELL,-7469.95170,1500,1500,True,APPROVED,approved,4.88500000,4.34200000,5.30600000,TUSHARE_EXPLICIT,
81cc5dafb5abf6811fdbba7c325e90c3,2024-03-06,2024-03-07,SH.588000,SELL,-439129.600,527800,527800,True,APPROVED,approved,0.83200000,0.68000000,1.02000000,TUSHARE_EXPLICIT,
675f020ff92a78896fa899ef0824633c,2024-03-06,2024-03-07,SH.510300,BUY,446835.04830,126800,126800,True,APPROVED,approved,3.52300000,3.18800000,3.89600000,TUSHARE_EXPLICIT,
46b1fb6014f10dba1c013ed4f10775a8,2024-03-07,2024-03-08,SH.510300,SELL,-447984.400,126800,126800,True,APPROVED,approved,3.53300000,3.17100000,3.87500000,TUSHARE_EXPLICIT,
71894c697ad86945b91639d923ec0927,2024-03-07,2024-03-08,SH.588000,BUY,446846.7293339680398652525130,531300,531300,True,APPROVED,approved,0.84100000,0.66600000,0.99800000,TUSHARE_EXPLICIT,
12a56477fed2328e0bf309d9ece4b741,2024-03-08,2024-03-11,SH.588000,SELL,-455324.100,531300,531300,True,APPROVED,approved,0.85700000,0.67300000,1.00900000,TUSHARE_EXPLICIT,
4c5f2f6ae9894aff4339c5d02d039971,2024-03-08,2024-03-11,SH.510300,BUY,450857.95965,125900,125900,True,APPROVED,approved,3.58100000,3.18000000,3.88600000,TUSHARE_EXPLICIT,
3682a172d00a86294d6dc899cdbba3b7,2024-03-08,2024-03-11,SH.518880,BUY,2599.45965,500,500,True,APPROVED,approved,4.89900000,4.39300000,5.36900000,TUSHARE_EXPLICIT,
3ba88edbef477d0d6495175ce84cc86a,2024-03-11,2024-03-12,SH.510300,SELL,-1559.9842535697346858332679,400,400,True,APPROVED,approved,3.58600000,3.22300000,3.93900000,TUSHARE_EXPLICIT,
17376bfd36e399fc48015e1946bbfd62,2024-03-11,2024-03-12,SH.518880,BUY,885.8223535697346858332679,100,100,True,APPROVED,approved,4.87900000,4.40900000,5.38900000,TUSHARE_EXPLICIT,
9dc441e96734a71f79770447afabe175,2024-03-12,2024-03-13,SH.510300,BUY,945.6563581273343611165749,200,200,True,APPROVED,approved,3.56500000,3.22700000,3.94500000,TUSHARE_EXPLICIT,
c699380e723c3ce70faed3869b1083e0,2024-03-13,2024-03-14,SH.510300,SELL,-446486.400,125700,125700,True,APPROVED,approved,3.55200000,3.20900000,3.92200000,TUSHARE_EXPLICIT,
0e412c6610ae9d3a0576f63f041f164b,2024-03-13,2024-03-14,SH.518880,SELL,-1429.1468570386404430920328,200,200,True,APPROVED,approved,4.87700000,4.38300000,5.35700000,TUSHARE_EXPLICIT,
15b9410a28f282fef5327625340f20fb,2024-03-13,2024-03-14,SH.588000,BUY,447905.4149570386404430920328,531900,531900,True,APPROVED,approved,0.84200000,0.68200000,1.02400000,TUSHARE_EXPLICIT,
7e8b468bfa312d7d5ff2135712a2ed68,2024-03-14,2024-03-15,SH.518880,SELL,-763.31100,100,100,True,APPROVED,approved,4.89900000,4.38900000,5.36500000,TUSHARE_EXPLICIT,
77be78e5800fdc7e2835f6f521016e55,2024-03-14,2024-03-15,SH.588000,SELL,-1064.51100,1200,1200,True,APPROVED,approved,0.84700000,0.67400000,1.01000000,TUSHARE_EXPLICIT,
e9f4acfdd2a72afdbe69472c4e1c2fe8,2024-03-15,2024-03-18,SH.588000,SELL,-6626.42100,7600,7600,True,APPROVED,approved,0.86400000,0.67800000,1.01600000,TUSHARE_EXPLICIT,
bff356fe3b008a1947dcbecffb21024a,2024-03-15,2024-03-18,SH.518880,BUY,5750.37900,1100,1100,True,APPROVED,approved,4.86000000,4.40900000,5.38900000,TUSHARE_EXPLICIT,
7175352ac033aa932098a391992a4cb6,2024-03-18,2024-03-19,SH.518880,SELL,-2940.71600,600,600,True,APPROVED,approved,4.87000000,4.37400000,5.34600000,TUSHARE_EXPLICIT,
76aaa05a0545e5dc0c12f5635fac511e,2024-03-18,2024-03-19,SH.588000,BUY,3801.08400,4400,4400,True,APPROVED,approved,0.85200000,0.69100000,1.03700000,TUSHARE_EXPLICIT,
2510b5aa1548b4902dff6ce1dc95c3b2,2024-03-19,2024-03-20,SH.588000,SELL,-119.90600,100,100,True,APPROVED,approved,0.85400000,0.68200000,1.02200000,TUSHARE_EXPLICIT,
b292d0c62eb38ee1ca5750b13aa3c9db,2024-03-20,2024-03-21,SH.518880,SELL,-6934.81100,1300,1300,True,APPROVED,approved,4.97800000,4.39200000,5.36800000,TUSHARE_EXPLICIT,
24f5808205fca11e04a3e50f55972b79,2024-03-20,2024-03-21,SH.588000,BUY,6354.18900,7500,7500,True,APPROVED,approved,0.84600000,0.68300000,1.02500000,TUSHARE_EXPLICIT,
8485421b8adaf4146edead1d143bee12,2024-03-21,2024-03-22,SH.518880,SELL,-2241.31100,400,400,True,APPROVED,approved,4.94600000,4.48000000,5.47600000,TUSHARE_EXPLICIT,
b3d9e76124c0a824513368960c94f549,2024-03-21,2024-03-22,SH.588000,BUY,2807.88900,3300,3300,True,APPROVED,approved,0.83200000,0.67700000,1.01500000,TUSHARE_EXPLICIT,
1155045028b616b2ec4c869b941e0786,2024-03-22,2024-03-25,SH.518880,SELL,-3674.01600,700,700,True,APPROVED,approved,4.95600000,4.45100000,5.44100000,TUSHARE_EXPLICIT,
123b4dd7bdd80bbc93394acc362b10ce,2024-03-22,2024-03-25,SH.588000,BUY,4015.58400,4800,4800,True,APPROVED,approved,0.82000000,0.66600000,0.99800000,TUSHARE_EXPLICIT,
5713704c71b107b8cd95e9fab0158e78,2024-03-25,2024-03-26,SH.518880,SELL,-3150.37100,600,600,True,APPROVED,approved,4.96600000,4.46000000,5.45200000,TUSHARE_EXPLICIT,
0aa6e73b97af7544d13b6ca2551b4247,2024-03-25,2024-03-26,SH.588000,BUY,3463.02900,4200,4200,True,APPROVED,approved,0.81000000,0.65600000,0.98400000,TUSHARE_EXPLICIT,
f0ae2ce816c4f79b87ec353da8d0c75d,2024-03-26,2024-03-27,SH.518880,SELL,-6527.77100,1300,1300,True,APPROVED,approved,4.99000000,4.46900000,5.46300000,TUSHARE_EXPLICIT,
2ce4f41c2b3e8a477d78bc14b1825a1b,2024-03-26,2024-03-27,SH.588000,BUY,7338.42900,9300,9300,True,APPROVED,approved,0.78900000,0.64800000,0.97200000,TUSHARE_EXPLICIT,
8813f2ff9e0ffc27de40eca7ec9c22cf,2024-03-27,2024-03-28,SH.588000,SELL,-1526.06100,1900,1900,True,APPROVED,approved,0.79900000,0.63100000,0.94700000,TUSHARE_EXPLICIT,
133663e3fdffc98054ff015742b79821,2024-03-27,2024-03-28,SH.518880,BUY,565.43900,100,100,True,APPROVED,approved,5.02900000,4.49100000,5.48900000,TUSHARE_EXPLICIT,
3676b0d2558808723c3cad2c6814445d,2024-03-28,2024-03-29,SH.518880,SELL,-4393.51600,800,800,True,APPROVED,approved,5.12600000,4.52600000,5.53200000,TUSHARE_EXPLICIT,
19e87e70393118ca3cd54c9a843150c2,2024-03-28,2024-03-29,SH.588000,BUY,3527.08400,4400,4400,True,APPROVED,approved,0.80000000,0.63900000,0.95900000,TUSHARE_EXPLICIT,
32e2046f435113e34a804d272bf020aa,2024-03-29,2024-04-01,SH.588000,SELL,-2858.06100,3500,3500,True,APPROVED,approved,0.81300000,0.64000000,0.96000000,TUSHARE_EXPLICIT,
aa261d414e4ccd7870fe340261f36135,2024-03-29,2024-04-01,SH.518880,BUY,1577.43900,300,300,True,APPROVED,approved,5.15500000,4.61300000,5.63900000,TUSHARE_EXPLICIT,
84f2d984d9027caed574a1f9bdcf04b9,2024-04-01,2024-04-02,SH.518880,SELL,-1918.08600,300,300,True,APPROVED,approved,5.15900000,4.64000000,5.67100000,TUSHARE_EXPLICIT,
cf6254592568a2aaffb47a50c340b4d5,2024-04-01,2024-04-02,SH.588000,BUY,2277.31400,2800,2800,True,APPROVED,approved,0.80600000,0.65000000,0.97600000,TUSHARE_EXPLICIT,
d66acead6bda0af4fba53c14b048d182,2024-04-02,2024-04-03,SH.518880,SELL,-6848.45100,1300,1300,True,APPROVED,approved,5.23100000,4.64300000,5.67500000,TUSHARE_EXPLICIT,
5689f7dc457e4a40d1bf9d8025181264,2024-04-02,2024-04-03,SH.588000,BUY,6527.64900,8200,8200,True,APPROVED,approved,0.79400000,0.64500000,0.96700000,TUSHARE_EXPLICIT,
a506e141b2421428ccb85e307da1f588,2024-04-03,2024-04-08,SH.518880,SELL,-9954.79600,1800,1800,True,APPROVED,approved,5.35400000,4.70800000,5.75400000,TUSHARE_EXPLICIT,
2af257dd16b877180a770f299192aad2,2024-04-03,2024-04-08,SH.588000,BUY,9752.20400,12500,12500,True,APPROVED,approved,0.77800000,0.63500000,0.95300000,TUSHARE_EXPLICIT,
7dc20a9bf51d45f4e2416e8528079fbc,2024-04-08,2024-04-09,SH.588000,SELL,-1646.15100,2000,2000,True,APPROVED,approved,0.78500000,0.62200000,0.93400000,TUSHARE_EXPLICIT,
f22aa18fc79307e43c049f7b7c011227,2024-04-08,2024-04-09,SH.518880,BUY,799.04900,100,100,True,APPROVED,approved,5.36900000,4.81900000,5.88900000,TUSHARE_EXPLICIT,
fe33f9902c8a7d0f5baf341e9555d28c,2024-04-09,2024-04-10,SH.518880,SELL,-3740.12100,600,600,True,APPROVED,approved,5.38800000,4.83200000,5.90600000,TUSHARE_EXPLICIT,
62a57da57d9a1f97842376385c407399,2024-04-09,2024-04-10,SH.588000,BUY,4447.27900,5700,5700,True,APPROVED,approved,0.77300000,0.62800000,0.94200000,TUSHARE_EXPLICIT,
fc4d43b54cd575665b0ddf42d60a1d1f,2024-04-10,2024-04-11,SH.588000,SELL,-1767.1860064101346034279403,2200,2200,True,APPROVED,approved,0.77400000,0.61800000,0.92800000,TUSHARE_EXPLICIT,
c12bd6a3090788fd12f7948449fab19c,2024-04-10,2024-04-11,SH.518880,BUY,1561.8240064101346034279403,200,200,True,APPROVED,approved,5.34800000,4.84900000,5.92700000,TUSHARE_EXPLICIT,
069d52b8ebf5960a1e58b8256495790f,2024-04-11,2024-04-12,SH.518880,SELL,-6973.7138806434371152656409,1200,1200,True,APPROVED,approved,5.50400000,4.81300000,5.88300000,TUSHARE_EXPLICIT,
19203f52395600a36bf56a14aef4a4d1,2024-04-11,2024-04-12,SH.588000,BUY,6139.2418806434371152656409,7900,7900,True,APPROVED,approved,0.77300000,0.61900000,0.92900000,TUSHARE_EXPLICIT,
bb3b14fbd2063adc058907a948f48ef2,2024-04-12,2024-04-15,SH.588000,SELL,-7101.9406004907453549396256,9000,9000,True,APPROVED,approved,0.78500000,0.61800000,0.92800000,TUSHARE_EXPLICIT,
458b0e8decf2fd9d75f4b3229cf32435,2024-04-12,2024-04-15,SH.518880,BUY,6759.6286004907453549396256,1200,1200,True,APPROVED,approved,5.41700000,4.95400000,6.05400000,TUSHARE_EXPLICIT,
ea08f6842fd3b8250bd56ee63acdb44f,2024-04-15,2024-04-16,SH.518880,SELL,-5775.16100,1000,1000,True,APPROVED,approved,5.45200000,4.87500000,5.95900000,TUSHARE_EXPLICIT,
9472ebd6d72f4a7dff1180cbbe36a2c2,2024-04-15,2024-04-16,SH.588000,BUY,6668.43900,8600,8600,True,APPROVED,approved,0.76800000,0.62800000,0.94200000,TUSHARE_EXPLICIT,
253104fd6e39f8b6a8b18c3539dbff65,2024-04-16,2024-04-17,SH.518880,SELL,-452716.900,82900,82900,True,APPROVED,approved,5.46100000,4.90700000,5.99700000,TUSHARE_EXPLICIT,
7f31cf010d5c3c63fc16a738e5e5d0fd,2024-04-16,2024-04-17,SH.588000,SELL,-5081.1114376879558494053897,6400,6400,True,APPROVED,approved,0.78500000,0.61400000,0.92200000,TUSHARE_EXPLICIT,
2af880b397991673701e83c14fc20c2b,2024-04-16,2024-04-17,SH.510300,BUY,456444.8394376879558494053897,128400,128400,True,APPROVED,approved,3.55300000,3.15600000,3.85800000,TUSHARE_EXPLICIT,
f5bebf59244689cd6de902190c0cdb96,2024-04-17,2024-04-18,SH.510300,SELL,-456975.600,128400,128400,True,APPROVED,approved,3.55900000,3.19800000,3.90800000,TUSHARE_EXPLICIT,
67e56d4723928eeefebb8ad8a448557e,2024-04-17,2024-04-18,SH.518880,BUY,455393.0549221637602733558060,83600,83600,True,APPROVED,approved,5.44500000,4.91500000,6.00700000,TUSHARE_EXPLICIT,
e96b02fe6afd5a1a58c7d2b40b196ac4,2024-04-17,2024-04-18,SH.588000,BUY,1210.0519778362397266441940,1500,1500,True,APPROVED,approved,0.78100000,0.62800000,0.94200000,TUSHARE_EXPLICIT,
3b8c72935847e8a49c096b0c1a0318b3,2024-04-18,2024-04-19,SH.518880,SELL,-5557.0506012738098553625171,1000,1000,True,APPROVED,approved,5.47100000,4.90100000,5.99000000,TUSHARE_EXPLICIT,
69efab068e17d16b44c2e68f71ca74b5,2024-04-18,2024-04-19,SH.588000,BUY,5793.2807012738098553625171,7500,7500,True,APPROVED,approved,0.76500000,0.62500000,0.93700000,TUSHARE_EXPLICIT,
67576c4751bcb3f9bc1e6f4b34c36540,2024-04-19,2024-04-22,SH.588000,SELL,-4255.6546422446970691668530,5500,5500,True,APPROVED,approved,0.76600000,0.61200000,0.91800000,TUSHARE_EXPLICIT,
5a8e4a99d3d7a8a4472f070e50d320bf,2024-04-19,2024-04-22,SH.518880,BUY,5031.6947422446970691668530,900,900,True,APPROVED,approved,5.36400000,4.92400000,6.01800000,TUSHARE_EXPLICIT,
1c5f784902a203bf8841a6f64a16ce22,2024-04-22,2024-04-23,SH.588000,SELL,-4042.0656739058674627379168,5200,5200,True,APPROVED,approved,0.76300000,0.61300000,0.91900000,TUSHARE_EXPLICIT,
18fe9a5e27e4f05a0c28f5f98ef5a0a1,2024-04-22,2024-04-23,SH.518880,BUY,5464.8557739058674627379168,1000,1000,True,APPROVED,approved,5.23200000,4.82800000,5.90000000,TUSHARE_EXPLICIT,
3664e9f85839d851b2b9ec13f681cd9e,2024-04-23,2024-04-24,SH.588000,SELL,-1180.4528493137664027982387,1500,1500,True,APPROVED,approved,0.77300000,0.61000000,0.91600000,TUSHARE_EXPLICIT,
e3ab8409fae9fd40584f35a4f0c2e802,2024-04-24,2024-04-25,SH.518880,SELL,-1046.51995,100,100,True,APPROVED,approved,5.28800000,4.75800000,5.81600000,TUSHARE_EXPLICIT,
c50acfe616645428f8523a32f7101edc,2024-04-24,2024-04-25,SH.588000,BUY,1578.28005,2000,2000,True,APPROVED,approved,0.76800000,0.61800000,0.92800000,TUSHARE_EXPLICIT,
9913fe805fc78a09c7184e51e20dd8b3,2024-04-25,2024-04-26,SH.588000,SELL,-4471.25495,5600,5600,True,APPROVED,approved,0.78700000,0.61400000,0.92200000,TUSHARE_EXPLICIT,
6649e8afbe02b5557d3b94bf60ea4a99,2024-04-25,2024-04-26,SH.518880,BUY,2535.94505,400,400,True,APPROVED,approved,5.32900000,4.75900000,5.81700000,TUSHARE_EXPLICIT,
b56af442fd8c9b9393d18ba4691a3642,2024-04-26,2024-04-29,SH.588000,SELL,-9310.71495,11400,11400,True,APPROVED,approved,0.81200000,0.63000000,0.94400000,TUSHARE_EXPLICIT,
673b13b4b5dbeaa0e7fa4595691a85cd,2024-04-26,2024-04-29,SH.518880,BUY,8495.68505,1600,1600,True,APPROVED,approved,5.29400000,4.79600000,5.86200000,TUSHARE_EXPLICIT,
57537ed4d0c9134ab4f48905c2554b96,2024-04-29,2024-04-30,SH.518880,SELL,-1634.58495,300,300,True,APPROVED,approved,5.28600000,4.76500000,5.82300000,TUSHARE_EXPLICIT,
9da59cc4f26002b7460a360e1aa19b53,2024-04-29,2024-04-30,SH.588000,BUY,2102.21505,2600,2600,True,APPROVED,approved,0.80400000,0.65000000,0.97400000,TUSHARE_EXPLICIT,
9dfd2439b47f0a65438ec1ff874b43f6,2024-04-30,2024-05-06,SH.588000,SELL,-4035.79995,4900,4900,True,APPROVED,approved,0.81300000,0.64300000,0.96500000,TUSHARE_EXPLICIT,
c73c1a2841c0651a656526fa43ccc003,2024-04-30,2024-05-06,SH.518880,BUY,3752.80005,700,700,True,APPROVED,approved,5.25400000,4.75700000,5.81500000,TUSHARE_EXPLICIT,
f2601bfe24887dbfbe2c78b465c3faf3,2024-05-06,2024-05-07,SH.518880,SELL,-2368.47495,400,400,True,APPROVED,approved,5.26800000,4.72900000,5.77900000,TUSHARE_EXPLICIT,
15a1b226807ff3be7135f71e06e426bf,2024-05-06,2024-05-07,SH.588000,BUY,2647.32505,3200,3200,True,APPROVED,approved,0.80600000,0.65000000,0.97600000,TUSHARE_EXPLICIT,
abb45a88d8b1e65f9a903a27fe84965d,2024-05-07,2024-05-08,SH.518880,SELL,-2220.52995,400,400,True,APPROVED,approved,5.26100000,4.74100000,5.79500000,TUSHARE_EXPLICIT,
f3f384ae99f51d7ab1932d4441b8e5a1,2024-05-07,2024-05-08,SH.588000,BUY,2582.77005,3200,3200,True,APPROVED,approved,0.79700000,0.64500000,0.96700000,TUSHARE_EXPLICIT,
c742b8db29b56f8d95e624b65b39a179,2024-05-08,2024-05-09,SH.588000,SELL,-6018.05995,7300,7300,True,APPROVED,approved,0.81500000,0.63800000,0.95600000,TUSHARE_EXPLICIT,
94f2eb31019ba66eead282a99f1213a9,2024-05-08,2024-05-09,SH.518880,BUY,4994.44005,900,900,True,APPROVED,approved,5.25000000,4.73500000,5.78700000,TUSHARE_EXPLICIT,
4de9ce272228e5ca99bf06eb2ea59e97,2024-05-09,2024-05-10,SH.518880,SELL,-8200.15495,1500,1500,True,APPROVED,approved,5.36900000,4.72500000,5.77500000,TUSHARE_EXPLICIT,
06fc2e594db37d4dfc392d235781fc77,2024-05-09,2024-05-10,SH.588000,BUY,7965.14505,9900,9900,True,APPROVED,approved,0.80400000,0.65200000,0.97800000,TUSHARE_EXPLICIT,
8e73bda84cec944e7a83b1b5dfa1bed4,2024-05-10,2024-05-13,SH.588000,BUY,646.13505,800,800,True,APPROVED,approved,0.79800000,0.64300000,0.96500000,TUSHARE_EXPLICIT,
19886af5ae73053787a7f0334f9f2de7,2024-05-13,2024-05-14,SH.588000,BUY,325.67505,400,400,True,APPROVED,approved,0.79600000,0.63800000,0.95800000,TUSHARE_EXPLICIT,
ce9624bb2e622f96543f1b87c6bad2d8,2024-05-14,2024-05-15,SH.518880,SELL,-5347.74495,900,900,True,APPROVED,approved,5.37000000,4.79600000,5.86200000,TUSHARE_EXPLICIT,
65166898ff99ceb79667150a81674264,2024-05-14,2024-05-15,SH.588000,BUY,5351.05505,6800,6800,True,APPROVED,approved,0.78400000,0.63700000,0.95500000,TUSHARE_EXPLICIT,
ec7b5559c63ad1b2a73ef880e0396506,2024-05-15,2024-05-16,SH.518880,SELL,-3488.27995,600,600,True,APPROVED,approved,5.41700000,4.83300000,5.90700000,TUSHARE_EXPLICIT,
9501a66a3b00ab6dd7e02864c8c4cf0d,2024-05-15,2024-05-16,SH.588000,BUY,2752.12005,3500,3500,True,APPROVED,approved,0.78100000,0.62700000,0.94100000,TUSHARE_EXPLICIT,
c9eb62304ce1debf52db5a61e0cceac0,2024-05-16,2024-05-17,SH.588000,SELL,-2904.93995,3600,3600,True,APPROVED,approved,0.79000000,0.62500000,0.93700000,TUSHARE_EXPLICIT,
f31f30209bcbf68c56ad73be37899b82,2024-05-16,2024-05-17,SH.518880,BUY,2156.66005,300,300,True,APPROVED,approved,5.41600000,4.87500000,5.95900000,TUSHARE_EXPLICIT,
1e86c50c28ddef7bb170c756cfb5a687,2024-05-17,2024-05-20,SH.518880,SELL,-5940.30495,1000,1000,True,APPROVED,approved,5.55000000,4.87400000,5.95800000,TUSHARE_EXPLICIT,
cc08874b7f60054a5943f5926bdd215b,2024-05-17,2024-05-20,SH.588000,BUY,5327.69505,6700,6700,True,APPROVED,approved,0.78900000,0.63200000,0.94800000,TUSHARE_EXPLICIT,
cbade4a5aaf15ab8148251255aff1ac6,2024-05-20,2024-05-21,SH.588000,SELL,-621.31995,700,700,True,APPROVED,approved,0.78300000,0.63100000,0.94700000,TUSHARE_EXPLICIT,
f21aac995398015df685faafea60d8b0,2024-05-20,2024-05-21,SH.518880,BUY,1179.58005,200,200,True,APPROVED,approved,5.48100000,4.99500000,6.10500000,TUSHARE_EXPLICIT,
cf3dcd8cc357a2072b3c786b160474c9,2024-05-21,2024-05-22,SH.588000,SELL,-1592.67495,2000,2000,True,APPROVED,approved,0.78900000,0.62600000,0.94000000,TUSHARE_EXPLICIT,
e6cb6afd04914a49cbdd84c087106f66,2024-05-21,2024-05-22,SH.518880,BUY,1150.52505,200,200,True,APPROVED,approved,5.49200000,4.93300000,6.02900000,TUSHARE_EXPLICIT,
70008dc6887af3333ad7fb4b1ce8838e,2024-05-22,2024-05-23,SH.588000,SELL,-919.26495,1100,1100,True,APPROVED,approved,0.77700000,0.63100000,0.94700000,TUSHARE_EXPLICIT,
592c45e12541c1bda9f4e9ff658d231e,2024-05-22,2024-05-23,SH.518880,BUY,2697.13505,500,500,True,APPROVED,approved,5.36600000,4.94300000,6.04100000,TUSHARE_EXPLICIT,
f1973f2b10ad9daa4e6b216d2008e8c2,2024-05-23,2024-05-24,SH.518880,SELL,-2000.02995,300,300,True,APPROVED,approved,5.31900000,4.82900000,5.90300000,TUSHARE_EXPLICIT,
1598f295dea9754d5d9fe6a755f08577,2024-05-23,2024-05-24,SH.588000,BUY,3262.97005,4200,4200,True,APPROVED,approved,0.76100000,0.62200000,0.93200000,TUSHARE_EXPLICIT,
d6d816f69c51703ccce0aee06ba34ec2,2024-05-24,2024-05-27,SH.588000,SELL,-2763.38995,3500,3500,True,APPROVED,approved,0.77200000,0.60900000,0.91300000,TUSHARE_EXPLICIT,
02906ec20970e07c07bcc610a59cf4b9,2024-05-24,2024-05-27,SH.518880,BUY,1609.41005,300,300,True,APPROVED,approved,5.33800000,4.78700000,5.85100000,TUSHARE_EXPLICIT,
d99a69b035f8f2464d7c6beeeec2256c,2024-05-27,2024-05-28,SH.518880,SELL,-598.60995,100,100,True,APPROVED,approved,5.33400000,4.80400000,5.87200000,TUSHARE_EXPLICIT,
04345886fd77d98cbda1401dd2654cdb,2024-05-27,2024-05-28,SH.588000,BUY,740.39005,900,900,True,APPROVED,approved,0.76900000,0.61800000,0.92600000,TUSHARE_EXPLICIT,
09c33f4d00ce64adb9096400dbe47deb,2024-05-28,2024-05-29,SH.518880,SELL,-1733.44995,300,300,True,APPROVED,approved,5.37000000,4.80100000,5.86700000,TUSHARE_EXPLICIT,
fb945e50fe7febdd6e55e149f5f31a15,2024-05-28,2024-05-29,SH.588000,BUY,1404.05005,1800,1800,True,APPROVED,approved,0.76900000,0.61500000,0.92300000,TUSHARE_EXPLICIT,
97310c6524c67fcee02972640ccebfce,2024-05-29,2024-05-30,SH.588000,SELL,-4553.02995,5800,5800,True,APPROVED,approved,0.77700000,0.61500000,0.92300000,TUSHARE_EXPLICIT,
ea85008f592973cf05ba91f4d9d12b3c,2024-05-29,2024-05-30,SH.518880,BUY,4415.17005,800,800,True,APPROVED,approved,5.31700000,4.83300000,5.90700000,TUSHARE_EXPLICIT,
2643fe43124010a7c7306d056dac7bc9,2024-05-30,2024-05-31,SH.518880,SELL,-794.64495,100,100,True,APPROVED,approved,5.34300000,4.78500000,5.84900000,TUSHARE_EXPLICIT,
a3b789993dd0e21179208b9e119bc4df,2024-05-30,2024-05-31,SH.588000,BUY,615.85505,700,700,True,APPROVED,approved,0.77800000,0.62200000,0.93200000,TUSHARE_EXPLICIT,
cf89683c2a10875d15915106450a9aab,2024-05-31,2024-06-03,SH.588000,SELL,-3948.67495,5000,5000,True,APPROVED,approved,0.78500000,0.62200000,0.93400000,TUSHARE_EXPLICIT,
939b9ab2ee1412e8a2c1fd4b17658e1a,2024-05-31,2024-06-03,SH.518880,BUY,3740.92505,700,700,True,APPROVED,approved,5.29600000,4.80900000,5.87700000,TUSHARE_EXPLICIT,
63387cf29689845d8295c8963c4641a8,2024-06-03,2024-06-04,SH.518880,SELL,-1280.65995,200,200,True,APPROVED,approved,5.34600000,4.76600000,5.82600000,TUSHARE_EXPLICIT,
9cef94dfc93bf65b4a4ea3fa5d494abb,2024-06-03,2024-06-04,SH.588000,BUY,620.14005,700,700,True,APPROVED,approved,0.78900000,0.62800000,0.94200000,TUSHARE_EXPLICIT,
f3db8245e083f636178564c6bf1c1989,2024-06-04,2024-06-05,SH.588000,SELL,-461.55995,500,500,True,APPROVED,approved,0.78800000,0.63100000,0.94700000,TUSHARE_EXPLICIT,
bb8d4092909fd37cab808a3ae0040683,2024-06-04,2024-06-05,SH.518880,BUY,552.04005,100,100,True,APPROVED,approved,5.32400000,4.81100000,5.88100000,TUSHARE_EXPLICIT,
1938ed5c2c2bad6140ec3d933fdf7584,2024-06-05,2024-06-06,SH.518880,SELL,-5771.03995,1000,1000,True,APPROVED,approved,5.39800000,4.79200000,5.85600000,TUSHARE_EXPLICIT,
97862ae010ffe8e0ab5ce4e875f5a91b,2024-06-05,2024-06-06,SH.588000,BUY,5601.36005,7100,7100,True,APPROVED,approved,0.77900000,0.63000000,0.94600000,TUSHARE_EXPLICIT,
56a997b5fa2b78c99ed9d54ce7d70c00,2024-06-06,2024-06-07,SH.518880,SELL,-1474.98495,200,200,True,APPROVED,approved,5.39900000,4.85800000,5.93800000,TUSHARE_EXPLICIT,
026ad1b8b9294da348aa69fff0fab18b,2024-06-06,2024-06-07,SH.588000,BUY,1378.51505,1700,1700,True,APPROVED,approved,0.77500000,0.62300000,0.93500000,TUSHARE_EXPLICIT,
7c2c45b0d43ae6b79bf9deed4422d66d,2024-06-07,2024-06-11,SH.588000,SELL,-12147.97995,15200,15200,True,APPROVED,approved,0.79400000,0.62000000,0.93000000,TUSHARE_EXPLICIT,
13d95a608c26788eda951e94a6c044b8,2024-06-07,2024-06-11,SH.518880,BUY,12052.22005,2300,2300,True,APPROVED,approved,5.23700000,4.85900000,5.93900000,TUSHARE_EXPLICIT,
6b7581c9ff70265458976f949e4745fd,2024-06-11,2024-06-12,SH.518880,SELL,-1683.57495,300,300,True,APPROVED,approved,5.26700000,4.71300000,5.76100000,TUSHARE_EXPLICIT,
40e22c8fc2af2cf5c23a9df2382d3ceb,2024-06-11,2024-06-12,SH.588000,BUY,1381.12505,1700,1700,True,APPROVED,approved,0.79300000,0.63500000,0.95300000,TUSHARE_EXPLICIT,
1ba68143fbaf67dffcff03c85481a647,2024-06-12,2024-06-13,SH.588000,SELL,-835.42995,1000,1000,True,APPROVED,approved,0.79600000,0.63400000,0.95200000,TUSHARE_EXPLICIT,
6c5d20b7e36ed6481af3d519665ece66,2024-06-12,2024-06-13,SH.518880,BUY,565.57005,100,100,True,APPROVED,approved,5.26900000,4.74000000,5.79400000,TUSHARE_EXPLICIT,
1f30fd60483b949aa58a8408f423b61a,2024-06-13,2024-06-14,SH.518880,SELL,-1340.47995,200,200,True,APPROVED,approved,5.27100000,4.74200000,5.79600000,TUSHARE_EXPLICIT,
8e19d35151678c611f570f38ba751ecf,2024-06-13,2024-06-14,SH.588000,BUY,1596.72005,2000,2000,True,APPROVED,approved,0.79100000,0.63700000,0.95500000,TUSHARE_EXPLICIT,
28a6f844e309ccba15847dee7a5285fa,2024-06-14,2024-06-17,SH.588000,SELL,-624.08495,700,700,True,APPROVED,approved,0.79400000,0.63300000,0.94900000,TUSHARE_EXPLICIT,
3556d379ed0ce2281b4241f47372641e,2024-06-17,2024-06-18,SH.588000,BUY,121.97505,100,100,True,APPROVED,approved,0.79400000,0.63500000,0.95300000,TUSHARE_EXPLICIT,
8eb8d8823bde9531d0200adacf1292c2,2024-06-18,2024-06-19,SH.518880,SELL,-2924.76995,500,500,True,APPROVED,approved,5.30500000,4.75600000,5.81200000,TUSHARE_EXPLICIT,
293240a8b2af9b70899d4525f0910a1e,2024-06-18,2024-06-19,SH.588000,BUY,3045.03005,3800,3800,True,APPROVED,approved,0.78700000,0.63500000,0.95300000,TUSHARE_EXPLICIT,
cc5e1034a21ad9128e02965303c394f1,2024-06-19,2024-06-20,SH.518880,SELL,-1401.69495,200,200,True,APPROVED,approved,5.35100000,4.77500000,5.83600000,TUSHARE_EXPLICIT,
3a815679359f3b975dd6c3baada34b18,2024-06-19,2024-06-20,SH.588000,BUY,548.60505,600,600,True,APPROVED,approved,0.79100000,0.63000000,0.94400000,TUSHARE_EXPLICIT,
a47ff0298b546f8f501bfa5075394679,2024-06-20,2024-06-21,SH.588000,SELL,-238.68495,300,300,True,APPROVED,approved,0.79500000,0.63300000,0.94900000,TUSHARE_EXPLICIT,
17b8c2409b1757fa7fd9e999f8ac528a,2024-06-21,2024-06-24,SH.518880,SELL,-1879.25995,300,300,True,APPROVED,approved,5.29000000,4.83800000,5.91400000,TUSHARE_EXPLICIT,
c3bcfc452c9856e02434215feb65a30b,2024-06-21,2024-06-24,SH.588000,BUY,3339.94005,4300,4300,True,APPROVED,approved,0.77400000,0.63600000,0.95400000,TUSHARE_EXPLICIT,
0c852cbe9bdf501611a36345db1cde01,2024-06-24,2024-06-25,SH.518880,SELL,-6845.59495,1200,1200,True,APPROVED,approved,5.30200000,4.76100000,5.81900000,TUSHARE_EXPLICIT,
1342f9714a78cdced30b365699257387,2024-06-24,2024-06-25,SH.588000,BUY,7780.30505,10300,10300,True,APPROVED,approved,0.75100000,0.61900000,0.92900000,TUSHARE_EXPLICIT,
5f170371f832f4d722d63f91ce572753,2024-06-25,2024-06-26,SH.588000,SELL,-5340.49495,6900,6900,True,APPROVED,approved,0.76400000,0.60100000,0.90100000,TUSHARE_EXPLICIT,
f78af391956648939a12570279576ca4,2024-06-25,2024-06-26,SH.518880,BUY,4374.20505,800,800,True,APPROVED,approved,5.27100000,4.77200000,5.83200000,TUSHARE_EXPLICIT,
2f242f6de7e6f1b4a92ce7e0c02131e8,2024-06-26,2024-06-27,SH.518880,SELL,-2172.66495,400,400,True,APPROVED,approved,5.24200000,4.74400000,5.79800000,TUSHARE_EXPLICIT,
f5369daa2a0aeacb839712508d0f74fb,2024-06-26,2024-06-27,SH.588000,BUY,3302.93505,4400,4400,True,APPROVED,approved,0.75000000,0.61100000,0.91700000,TUSHARE_EXPLICIT,
773bfe8017278c50d0c3a2a878a9dd0e,2024-06-27,2024-06-28,SH.518880,SELL,-3940.03495,700,700,True,APPROVED,approved,5.29700000,4.71800000,5.76600000,TUSHARE_EXPLICIT,
f8c08297afb9c4f042668169bab15a18,2024-06-27,2024-06-28,SH.588000,BUY,3684.76505,4900,4900,True,APPROVED,approved,0.74500000,0.60000000,0.90000000,TUSHARE_EXPLICIT,
ee4f062a30baac8eb0a82afd0688ec52,2024-06-28,2024-07-01,SH.518880,SELL,-863.38495,100,100,True,APPROVED,approved,5.29900000,4.76700000,5.82700000,TUSHARE_EXPLICIT,
59b2f98819ee9624680696085edccb9e,2024-06-28,2024-07-01,SH.588000,BUY,751.81505,1000,1000,True,APPROVED,approved,0.74300000,0.59600000,0.89400000,TUSHARE_EXPLICIT,
a8481560893d66f166021b96fc559ae1,2024-07-01,2024-07-02,SH.518880,SELL,-3589.89495,600,600,True,APPROVED,approved,5.30600000,4.76900000,5.82900000,TUSHARE_EXPLICIT,
575bce5f111d83c6e83ef5e938cca73f,2024-07-01,2024-07-02,SH.588000,BUY,3848.30505,5200,5200,True,APPROVED,approved,0.73200000,0.59400000,0.89200000,TUSHARE_EXPLICIT,
a1cd1f8bbc325182f93a0861abc92ab5,2024-07-02,2024-07-03,SH.518880,SELL,-1419.03495,200,200,True,APPROVED,approved,5.34000000,4.77500000,5.83700000,TUSHARE_EXPLICIT,
bd41929b31a84b685f656086c6c9c2f4,2024-07-02,2024-07-03,SH.588000,BUY,639.36505,800,800,True,APPROVED,approved,0.73400000,0.58600000,0.87800000,TUSHARE_EXPLICIT,
a6b5d055d9683dc666b68257bd2df43d,2024-07-03,2024-07-04,SH.518880,SELL,-4448.87995,800,800,True,APPROVED,approved,5.36500000,4.80600000,5.87400000,TUSHARE_EXPLICIT,
c3d5e5cdd0f74a3ca297d2026a6745f9,2024-07-03,2024-07-04,SH.588000,BUY,4592.02005,6300,6300,True,APPROVED,approved,0.72300000,0.58700000,0.88100000,TUSHARE_EXPLICIT,
479b10b5ca8d71fe167e2ca23de05ec5,2024-07-04,2024-07-05,SH.588000,SELL,-2018.2547379103287700051116,2700,2700,True,APPROVED,approved,0.73100000,0.57800000,0.86800000,TUSHARE_EXPLICIT,
8cc7ce7fd19820e0a43e65882b46e9d9,2024-07-04,2024-07-05,SH.518880,BUY,1267.6648379103287700051116,200,200,True,APPROVED,approved,5.38100000,4.82900000,5.90200000,TUSHARE_EXPLICIT,
ece08994a5f383a31f2d3378b7c74d2e,2024-07-05,2024-07-08,SH.518880,SELL,-1818.95495,300,300,True,APPROVED,approved,5.38400000,4.84300000,5.91900000,TUSHARE_EXPLICIT,
6e31b9f6e17d4521f683a2ebc8c28724,2024-07-05,2024-07-08,SH.588000,BUY,2350.64505,3200,3200,True,APPROVED,approved,0.72400000,0.58500000,0.87700000,TUSHARE_EXPLICIT,
0957aa35565e76671b0e8218036bc943,2024-07-08,2024-07-09,SH.588000,SELL,-6767.85995,9100,9100,True,APPROVED,approved,0.74200000,0.57900000,0.86900000,TUSHARE_EXPLICIT,
a2700fb2c53587f7bddb596ba089d3e9,2024-07-08,2024-07-09,SH.518880,BUY,5675.34005,1000,1000,True,APPROVED,approved,5.36200000,4.84600000,5.92200000,TUSHARE_EXPLICIT,
24394f07af43fca882ce9bff35694628,2024-07-09,2024-07-10,SH.518880,SELL,-1014.64995,100,100,True,APPROVED,approved,5.39700000,4.82600000,5.89800000,TUSHARE_EXPLICIT,
e2a4c2d0eac4e40eb153059403c2abda,2024-07-09,2024-07-10,SH.588000,BUY,944.45005,1200,1200,True,APPROVED,approved,0.74300000,0.59400000,0.89000000,TUSHARE_EXPLICIT,
7e8f006ec15e26587f8dca177ee7e2cd,2024-07-10,2024-07-11,SH.588000,SELL,-1838.86495,2400,2400,True,APPROVED,approved,0.75100000,0.59400000,0.89200000,TUSHARE_EXPLICIT,
dc420eb6afd3db0011d22d55a6c866a4,2024-07-10,2024-07-11,SH.518880,BUY,764.13505,100,100,True,APPROVED,approved,5.41700000,4.85700000,5.93700000,TUSHARE_EXPLICIT,
80a359f8ebe1d08ba0f7d821d305b961,2024-07-11,2024-07-12,SH.518880,SELL,-829.94495,100,100,True,APPROVED,approved,5.44600000,4.87500000,5.95900000,TUSHARE_EXPLICIT,
9f533f679db969aceeb0cffcb7943c05,2024-07-11,2024-07-12,SH.588000,BUY,706.05505,900,900,True,APPROVED,approved,0.75200000,0.60100000,0.90100000,TUSHARE_EXPLICIT,
ecd469ada78fce282fc7bee87c3d6f44,2024-07-12,2024-07-15,SH.518880,SELL,-1181.40495,200,200,True,APPROVED,approved,5.44200000,4.90100000,5.99100000,TUSHARE_EXPLICIT,
dc0f08f02dcd23bd48891f81ba2b6fe4,2024-07-12,2024-07-15,SH.588000,BUY,1186.39505,1500,1500,True,APPROVED,approved,0.74800000,0.60200000,0.90200000,TUSHARE_EXPLICIT,
3a8fdfe0886ec4953141e494598303c6,2024-07-15,2024-07-16,SH.588000,SELL,-2867.99495,3700,3700,True,APPROVED,approved,0.76400000,0.59800000,0.89800000,TUSHARE_EXPLICIT,
cd391a91fb7fae48cecfd7ca33294ce2,2024-07-15,2024-07-16,SH.518880,BUY,1355.90505,200,200,True,APPROVED,approved,5.50500000,4.89800000,5.98600000,TUSHARE_EXPLICIT,
a3bb710a47c448d86d9f70a909a8307a,2024-07-16,2024-07-17,SH.518880,SELL,-3499.40495,600,600,True,APPROVED,approved,5.57600000,4.95500000,6.05600000,TUSHARE_EXPLICIT,
9f2fa2af74ef3f850bb0ad3941354ce2,2024-07-16,2024-07-17,SH.588000,BUY,3234.59505,4200,4200,True,APPROVED,approved,0.76200000,0.61100000,0.91700000,TUSHARE_EXPLICIT,
9321186e72e9acd65ab7307e7423f933,2024-07-17,2024-07-18,SH.588000,SELL,-2384.05995,3100,3100,True,APPROVED,approved,0.76900000,0.61000000,0.91400000,TUSHARE_EXPLICIT,
713be8d1678b178cc54f08de866caaa0,2024-07-17,2024-07-18,SH.518880,BUY,1856.24005,300,300,True,APPROVED,approved,5.57300000,5.01800000,6.13400000,TUSHARE_EXPLICIT,
9d1f0ff02f2426c5fa54873d565d171c,2024-07-18,2024-07-19,SH.588000,SELL,-10372.28495,13200,13200,True,APPROVED,approved,0.78400000,0.61500000,0.92300000,TUSHARE_EXPLICIT,
c014d91657faf04d9393466133ff8933,2024-07-18,2024-07-19,SH.518880,BUY,10865.71505,2000,2000,True,APPROVED,approved,5.42500000,5.01600000,6.13000000,TUSHARE_EXPLICIT,
011b21d346cfbaea4c14b10887de3d82,2024-07-19,2024-07-22,SH.588000,SELL,-1146.96995,1400,1400,True,APPROVED,approved,0.78700000,0.62700000,0.94100000,TUSHARE_EXPLICIT,
8581017bbf3765164b4136a72b8358df,2024-07-19,2024-07-22,SH.518880,BUY,972.13005,100,100,True,APPROVED,approved,5.42100000,4.88300000,5.96800000,TUSHARE_EXPLICIT,
f6d17e8c05e6f7fbd25a1267101875cf,2024-07-22,2024-07-23,SH.518880,SELL,-6415.95495,1100,1100,True,APPROVED,approved,5.39400000,4.87900000,5.96300000,TUSHARE_EXPLICIT,
1b2f4fb1992f45664a17b05f75eecef6,2024-07-22,2024-07-23,SH.588000,BUY,8815.04505,11600,11600,True,APPROVED,approved,0.75600000,0.63000000,0.94400000,TUSHARE_EXPLICIT,
ad551e73a5304cfb8699e6953fcb739a,2024-07-23,2024-07-24,SH.518880,SELL,-6396.65995,1100,1100,True,APPROVED,approved,5.46500000,4.85500000,5.93300000,TUSHARE_EXPLICIT,
96505c2308d30919867ca3e11999db49,2024-07-23,2024-07-24,SH.588000,BUY,5939.34005,7900,7900,True,APPROVED,approved,0.74600000,0.60500000,0.90700000,TUSHARE_EXPLICIT,
9781dd66118d92ff0f3d7d428d6bbf16,2024-07-24,2024-07-25,SH.588000,SELL,-5708.92995,7600,7600,True,APPROVED,approved,0.74800000,0.59700000,0.89500000,TUSHARE_EXPLICIT,
e6c7785acdbe4b2d70cf98bf0a88285c,2024-07-24,2024-07-25,SH.518880,BUY,6360.97005,1100,1100,True,APPROVED,approved,5.32700000,4.91900000,6.01200000,TUSHARE_EXPLICIT,
1ba7f743c45cf7bec2cd36b59f6661d0,2024-07-25,2024-07-26,SH.588000,SELL,-801.93495,1000,1000,True,APPROVED,approved,0.75300000,0.59800000,0.89800000,TUSHARE_EXPLICIT,
ae313d84130c63cfc5f42df81e8cbada,2024-07-25,2024-07-26,SH.518880,BUY,773.46505,100,100,True,APPROVED,approved,5.35000000,4.79400000,5.86000000,TUSHARE_EXPLICIT,
2f56ed24fa5e1c3d98d502562040906d,2024-07-26,2024-07-29,SH.518880,SELL,-4913.88495,900,900,True,APPROVED,approved,5.38700000,4.81500000,5.88500000,TUSHARE_EXPLICIT,
27d8a92c929fa14f15e751155c65af10,2024-07-26,2024-07-29,SH.588000,BUY,5553.81505,7500,7500,True,APPROVED,approved,0.74000000,0.60200000,0.90400000,TUSHARE_EXPLICIT,
dc2b3cb993e132cb5b7f788383fc6718,2024-07-29,2024-07-30,SH.588000,SELL,-733.53995,900,900,True,APPROVED,approved,0.74300000,0.59200000,0.88800000,TUSHARE_EXPLICIT,
cb4cc05f6654e108ea30fd42c3bada0b,2024-07-30,2024-07-31,SH.588000,SELL,-10013.86495,12800,12800,True,APPROVED,approved,0.77800000,0.59400000,0.89200000,TUSHARE_EXPLICIT,
99932d42a7fecb264a6181b8ce2ae89c,2024-07-30,2024-07-31,SH.518880,BUY,7924.13505,1400,1400,True,APPROVED,approved,5.43600000,4.85500000,5.93300000,TUSHARE_EXPLICIT,
aec456d8dac1d438710ebd6d3c6d5555,2024-07-31,2024-08-01,SH.518880,SELL,-2773.81495,500,500,True,APPROVED,approved,5.48000000,4.89200000,5.98000000,TUSHARE_EXPLICIT,
f3210042e880e618832c1b8d7f4ddfc4,2024-07-31,2024-08-01,SH.588000,BUY,2873.78505,3700,3700,True,APPROVED,approved,0.77400000,0.62200000,0.93400000,TUSHARE_EXPLICIT,
0d62d230a8d01b6da9b64b1fd9ad64b2,2024-08-01,2024-08-02,SH.518880,SELL,-4360.09995,700,700,True,APPROVED,approved,5.50500000,4.93200000,6.02800000,TUSHARE_EXPLICIT,
d2a4d9b4772b036e4bde705f26b7a189,2024-08-01,2024-08-02,SH.588000,BUY,4820.80005,6300,6300,True,APPROVED,approved,0.76200000,0.61900000,0.92900000,TUSHARE_EXPLICIT,
c70c01ef8cdd54ae8b3aad7db20c36a8,2024-08-02,2024-08-05,SH.518880,SELL,-637.07995,100,100,True,APPROVED,approved,5.36600000,4.95500000,6.05600000,TUSHARE_EXPLICIT,
28ce3d7081c9f53d874f80b291cc9126,2024-08-02,2024-08-05,SH.588000,BUY,2706.52005,3600,3600,True,APPROVED,approved,0.73800000,0.61000000,0.91400000,TUSHARE_EXPLICIT,
4ae3c6f4f9991248ca1c288b9f7f9a6c,2024-08-05,2024-08-06,SH.588000,SELL,-4690.99995,6200,6200,True,APPROVED,approved,0.74800000,0.59000000,0.88600000,TUSHARE_EXPLICIT,
ebfffe5130348ce4ceefa2284ee18d81,2024-08-05,2024-08-06,SH.518880,BUY,4350.50005,800,800,True,APPROVED,approved,5.32700000,4.82900000,5.90300000,TUSHARE_EXPLICIT,
ab235c2fd136e60b2b5b6710267192d7,2024-08-06,2024-08-07,SH.518880,SELL,-2660.49495,400,400,True,APPROVED,approved,5.35200000,4.79400000,5.86000000,TUSHARE_EXPLICIT,
648343f762628b019ba9d0a68e3ecec9,2024-08-06,2024-08-07,SH.588000,BUY,2826.70505,3800,3800,True,APPROVED,approved,0.74200000,0.59800000,0.89800000,TUSHARE_EXPLICIT,
3ab919ab044d53809cd48d54a92fbdef,2024-08-07,2024-08-08,SH.588000,SELL,-1094.35995,1400,1400,True,APPROVED,approved,0.74500000,0.59400000,0.89000000,TUSHARE_EXPLICIT,
ae58da072f9516e8c55f4086e79098db,2024-08-08,2024-08-09,SH.518880,SELL,-2528.77495,400,400,True,APPROVED,approved,5.39600000,4.81400000,5.88400000,TUSHARE_EXPLICIT,
0fe1e8878e9a865681cfe49833e15caa,2024-08-08,2024-08-09,SH.588000,BUY,2675.62505,3600,3600,True,APPROVED,approved,0.74200000,0.59600000,0.89400000,TUSHARE_EXPLICIT,
63b2fd0a47b5386794e71bb5a9af7257,2024-08-09,2024-08-12,SH.518880,SELL,-2232.89995,400,400,True,APPROVED,approved,5.43700000,4.85600000,5.93600000,TUSHARE_EXPLICIT,
b1965814fe7be645b840224cdccfeb8e,2024-08-09,2024-08-12,SH.588000,BUY,1516.20005,2000,2000,True,APPROVED,approved,0.74200000,0.59400000,0.89000000,TUSHARE_EXPLICIT,
12a476f3d0953db02c268343868b06d7,2024-08-12,2024-08-13,SH.518880,SELL,-650.70495,100,100,True,APPROVED,approved,5.47400000,4.89300000,5.98100000,TUSHARE_EXPLICIT,
a5e0ffead63ba944ff0295246b198a46,2024-08-13,2024-08-14,SH.518880,SELL,-1995.86995,300,300,True,APPROVED,approved,5.45600000,4.92700000,6.02100000,TUSHARE_EXPLICIT,
4d232f590b2f14437dad1d9220136898,2024-08-13,2024-08-14,SH.588000,BUY,2704.93005,3600,3600,True,APPROVED,approved,0.73600000,0.59700000,0.89500000,TUSHARE_EXPLICIT,
e1ceedac8a1ef1b4301fe93a4a9fd86d,2024-08-14,2024-08-15,SH.588000,SELL,-2751.82995,3700,3700,True,APPROVED,approved,0.74300000,0.58900000,0.88300000,TUSHARE_EXPLICIT,
009087c58552280081acb635559c435b,2024-08-14,2024-08-15,SH.518880,BUY,2118.47005,300,300,True,APPROVED,approved,5.44300000,4.91000000,6.00200000,TUSHARE_EXPLICIT,
1be533d5ef8da91fe5ec21db315bfe9c,2024-08-15,2024-08-16,SH.518880,SELL,-780.76495,100,100,True,APPROVED,approved,5.45300000,4.89900000,5.98700000,TUSHARE_EXPLICIT,
a2b5e3027a51d227261740482513d369,2024-08-15,2024-08-16,SH.588000,BUY,1348.63505,1800,1800,True,APPROVED,approved,0.74000000,0.59400000,0.89200000,TUSHARE_EXPLICIT,
1321d19a3f86127eeb9425092dbf882a,2024-08-16,2024-08-19,SH.518880,SELL,-3207.77495,500,500,True,APPROVED,approved,5.51300000,4.90800000,5.99800000,TUSHARE_EXPLICIT,
1a0238743a8c1dd5ecb831fea9fdb1c2,2024-08-16,2024-08-19,SH.588000,BUY,2548.02505,3400,3400,True,APPROVED,approved,0.73900000,0.59200000,0.88800000,TUSHARE_EXPLICIT,
011b8dccf36405c37f666b59fb472950,2024-08-19,2024-08-20,SH.518880,SELL,-3453.22495,600,600,True,APPROVED,approved,5.51300000,4.96200000,6.06400000,TUSHARE_EXPLICIT,
824cfee2d75565ffd4df6be68d1df5f0,2024-08-19,2024-08-20,SH.588000,BUY,3689.57505,5000,5000,True,APPROVED,approved,0.72800000,0.59100000,0.88700000,TUSHARE_EXPLICIT,
ab114bfe2b92de74a712387ada9bfa62,2024-08-20,2024-08-21,SH.518880,SELL,-1765.99495,300,300,True,APPROVED,approved,5.53700000,4.96200000,6.06400000,TUSHARE_EXPLICIT,
6e3df6235864924982f0e16cd0230c94,2024-08-20,2024-08-21,SH.588000,BUY,1583.60505,2100,2100,True,APPROVED,approved,0.72600000,0.58200000,0.87400000,TUSHARE_EXPLICIT,
8381e07930503413a2862c07b4caf1ee,2024-08-21,2024-08-22,SH.518880,SELL,-1420.86495,200,200,True,APPROVED,approved,5.52300000,4.98300000,6.09100000,TUSHARE_EXPLICIT,
9556cfd5b3b1768972247dceb0c96be7,2024-08-21,2024-08-22,SH.588000,BUY,1904.23505,2600,2600,True,APPROVED,approved,0.71900000,0.58100000,0.87100000,TUSHARE_EXPLICIT,
04a559bbd13e78ae72115653895a6211,2024-08-22,2024-08-23,SH.588000,SELL,-994.09995,1300,1300,True,APPROVED,approved,0.72000000,0.57500000,0.86300000,TUSHARE_EXPLICIT,
ef817452b09907b75bc5a7b104750da0,2024-08-22,2024-08-23,SH.518880,BUY,791.50005,100,100,True,APPROVED,approved,5.50400000,4.97100000,6.07500000,TUSHARE_EXPLICIT,
bdbdb3a8b77165ffa84831e69c078726,2024-08-23,2024-08-26,SH.518880,SELL,-2644.23495,400,400,True,APPROVED,approved,5.53800000,4.95400000,6.05400000,TUSHARE_EXPLICIT,
f302ec6c65b9e5958dfa9e77d7056a25,2024-08-23,2024-08-26,SH.588000,BUY,2850.86505,3900,3900,True,APPROVED,approved,0.71500000,0.57600000,0.86400000,TUSHARE_EXPLICIT,
b8dc1951bb1e8e7bf26323f3c2c60eb9,2024-08-26,2024-08-27,SH.518880,SELL,-2205.07995,300,300,True,APPROVED,approved,5.53400000,4.98400000,6.09200000,TUSHARE_EXPLICIT,
d17a2583ac71bee9cba42da13a3ff432,2024-08-26,2024-08-27,SH.588000,BUY,2288.92005,3200,3200,True,APPROVED,approved,0.70800000,0.57200000,0.85800000,TUSHARE_EXPLICIT,
e937c25d4c95a83b66dba1874de0a571,2024-08-27,2024-08-28,SH.518880,SELL,-1405.95495,200,200,True,APPROVED,approved,5.52800000,4.98100000,6.08700000,TUSHARE_EXPLICIT,
88806ee6037c8fc84e819ed78f15f961,2024-08-27,2024-08-28,SH.588000,BUY,1167.64505,1600,1600,True,APPROVED,approved,0.70400000,0.56600000,0.85000000,TUSHARE_EXPLICIT,
c02a6518e2b1d7505c133d3db99051d6,2024-08-28,2024-08-29,SH.588000,SELL,-2768.2411827603063387707379,3800,3800,True,APPROVED,approved,0.71300000,0.56300000,0.84500000,TUSHARE_EXPLICIT,
4590c647460485a9cd694c8dfbf89915,2024-08-28,2024-08-29,SH.518880,BUY,1882.6612827603063387707379,300,300,True,APPROVED,approved,5.53500000,4.97500000,6.08100000,TUSHARE_EXPLICIT,
8a9a1833ed32374b7eedaa71e5991717,2024-08-29,2024-08-30,SH.588000,SELL,-5632.6970172197178085602758,7700,7700,True,APPROVED,approved,0.72800000,0.57000000,0.85600000,TUSHARE_EXPLICIT,
e2df6a744e6158fb4d85bf65865735d8,2024-08-29,2024-08-30,SH.518880,BUY,4958.6671172197178085602758,800,800,True,APPROVED,approved,5.52200000,4.98200000,6.08900000,TUSHARE_EXPLICIT,
f962fe6878ba721bcc2e52cfb262f481,2024-08-30,2024-09-02,SH.518880,SELL,-4941.21495,800,800,True,APPROVED,approved,5.49100000,4.97000000,6.07400000,TUSHARE_EXPLICIT,
175a8b5a06a2c55e9fae166be68cc2e1,2024-08-30,2024-09-02,SH.588000,BUY,7213.08505,10200,10200,True,APPROVED,approved,0.70300000,0.58200000,0.87400000,TUSHARE_EXPLICIT,
ea10eaa81bbd284137e17774d386c8ad,2024-09-02,2024-09-03,SH.588000,SELL,-1316.95995,1800,1800,True,APPROVED,approved,0.70800000,0.56200000,0.84400000,TUSHARE_EXPLICIT,
0aa8bd33983cb3638f1032d6e5845723,2024-09-03,2024-09-04,SH.588000,SELL,-385.26495,500,500,True,APPROVED,approved,0.70500000,0.56600000,0.85000000,TUSHARE_EXPLICIT,
b769b94dccacb074d5091accc6415068,2024-09-03,2024-09-04,SH.518880,BUY,1225.43505,200,200,True,APPROVED,approved,5.46300000,4.95100000,6.05100000,TUSHARE_EXPLICIT,
0265b32300e96304f5924818eb819ed2,2024-09-04,2024-09-05,SH.518880,SELL,-1583.86995,200,200,True,APPROVED,approved,5.50200000,4.91700000,6.00900000,TUSHARE_EXPLICIT,
af462897baf4138329e966575f282966,2024-09-04,2024-09-05,SH.588000,BUY,1362.73005,1900,1900,True,APPROVED,approved,0.70500000,0.56400000,0.84600000,TUSHARE_EXPLICIT,
f7b0679a427f0a915cc10b847208cac7,2024-09-05,2024-09-06,SH.518880,SELL,-3658.81995,600,600,True,APPROVED,approved,5.51700000,4.95200000,6.05200000,TUSHARE_EXPLICIT,
78f262a31764c88d5dfc968afc016b47,2024-09-05,2024-09-06,SH.588000,BUY,3626.38005,5200,5200,True,APPROVED,approved,0.69600000,0.56400000,0.84600000,TUSHARE_EXPLICIT,
a4b0990dd40b717bf34a5caf93a39893,2024-09-06,2024-09-09,SH.518880,SELL,-1152.35495,200,200,True,APPROVED,approved,5.47700000,4.96500000,6.06900000,TUSHARE_EXPLICIT,
2b788ca212cde2293a8b8e00aced1d5f,2024-09-06,2024-09-09,SH.588000,BUY,1674.74505,2400,2400,True,APPROVED,approved,0.68700000,0.55700000,0.83500000,TUSHARE_EXPLICIT,
06883bf35884229cf32f46fa0a61a56c,2024-09-09,2024-09-10,SH.588000,SELL,-430.61995,600,600,True,APPROVED,approved,0.69200000,0.55000000,0.82400000,TUSHARE_EXPLICIT,
d3720d9cf747ace12431367dee376db4,2024-09-10,2024-09-11,SH.518880,SELL,-622.07495,100,100,True,APPROVED,approved,5.54200000,4.96200000,6.06400000,TUSHARE_EXPLICIT,
3072177f0e625b9c0fe118a74907e58b,2024-09-11,2024-09-12,SH.518880,SELL,-1005.99995,100,100,True,APPROVED,approved,5.53100000,4.98800000,6.09600000,TUSHARE_EXPLICIT,
525cd79805da5700bca219328159240a,2024-09-11,2024-09-12,SH.588000,BUY,1308.70005,1800,1800,True,APPROVED,approved,0.69000000,0.55600000,0.83400000,TUSHARE_EXPLICIT,
7eeaeb99ac0a05ebd2a064be48baf69a,2024-09-12,2024-09-13,SH.518880,SELL,-5899.03995,1000,1000,True,APPROVED,approved,5.61100000,4.97800000,6.08400000,TUSHARE_EXPLICIT,
b4b9aff9b740d898fb4ed2392210c1cf,2024-09-12,2024-09-13,SH.588000,BUY,5313.66005,7700,7700,True,APPROVED,approved,0.68300000,0.55200000,0.82800000,TUSHARE_EXPLICIT,
c11c1fde8d2d1ae82ac7e49130295adb,2024-09-13,2024-09-18,SH.518880,SELL,-1645.24495,200,200,True,APPROVED,approved,5.60900000,5.05000000,6.17200000,TUSHARE_EXPLICIT,
f6315f507b53bc1b637b9d0e39d4dc09,2024-09-13,2024-09-18,SH.588000,BUY,1727.15505,2500,2500,True,APPROVED,approved,0.67800000,0.54600000,0.82000000,TUSHARE_EXPLICIT,
c0c4ab6c6f731db0db4d1481b692cdf9,2024-09-18,2024-09-19,SH.588000,SELL,-2020.0974162716895442623415,2900,2900,True,APPROVED,approved,0.68300000,0.54200000,0.81400000,TUSHARE_EXPLICIT,
5c3a5a9e4ca015f7aa5dc822d87b43df,2024-09-18,2024-09-19,SH.518880,BUY,1266.9275162716895442623415,200,200,True,APPROVED,approved,5.60000000,5.04800000,6.17000000,TUSHARE_EXPLICIT,
a48bcba720a2953c862105a27c6aebb6,2024-09-19,2024-09-20,SH.518880,SELL,-3954.59995,600,600,True,APPROVED,approved,5.66300000,5.04000000,6.16000000,TUSHARE_EXPLICIT,
0accd95430a255a6bb103bca66e99019,2024-09-19,2024-09-20,SH.588000,BUY,3879.40005,5700,5700,True,APPROVED,approved,0.67800000,0.54600000,0.82000000,TUSHARE_EXPLICIT,
58ff3072bdc526b2378d220f21d0bed4,2024-09-20,2024-09-23,SH.518880,SELL,-3753.61495,600,600,True,APPROVED,approved,5.71100000,5.09700000,6.22900000,TUSHARE_EXPLICIT,
4184fc5131f580c5709d52b15c924f4b,2024-09-20,2024-09-23,SH.588000,BUY,3083.18505,4500,4500,True,APPROVED,approved,0.67400000,0.54200000,0.81400000,TUSHARE_EXPLICIT,
563f64de8a7ff4ed0824cc08db363f00,2024-09-23,2024-09-24,SH.588000,SELL,-9331.96995,13300,13300,True,APPROVED,approved,0.69900000,0.53900000,0.80900000,TUSHARE_EXPLICIT,
f2a6acd3dc29a0426dfe2a3e3a29660a,2024-09-23,2024-09-24,SH.518880,BUY,7530.43005,1300,1300,True,APPROVED,approved,5.69700000,5.14000000,6.28200000,TUSHARE_EXPLICIT,
88970b298c7153dcaad892dbd2ac0183,2024-09-24,2024-09-25,SH.518880,SELL,-1440.43995,200,200,True,APPROVED,approved,5.74000000,5.12700000,6.26700000,TUSHARE_EXPLICIT,
c0fec7783d6b0451446e7d1cbe24950a,2024-09-24,2024-09-25,SH.588000,BUY,1107.56005,1500,1500,True,APPROVED,approved,0.70000000,0.55900000,0.83900000,TUSHARE_EXPLICIT,
fdf8783c32c7e8192f6863ba2721a56a,2024-09-25,2024-09-26,SH.588000,SELL,-9343.25995,12800,12800,True,APPROVED,approved,0.72800000,0.56000000,0.84000000,TUSHARE_EXPLICIT,
c36986be4149441a85e07033553741e9,2024-09-25,2024-09-26,SH.518880,BUY,7234.24005,1200,1200,True,APPROVED,approved,5.75100000,5.16600000,6.31400000,TUSHARE_EXPLICIT,
a56b8185a2bd815cd9fb7e918fff506b,2024-09-26,2024-09-27,SH.588000,SELL,-23461.02495,29600,29600,True,APPROVED,approved,0.79200000,0.58200000,0.87400000,TUSHARE_EXPLICIT,
c391fc79464c62af0f2b5a14b3a128d1,2024-09-26,2024-09-27,SH.518880,BUY,20101.77505,3500,3500,True,APPROVED,approved,5.70800000,5.17600000,6.32600000,TUSHARE_EXPLICIT,
c8eecfa669be0d617aa39f5fd9d8a072,2024-09-27,2024-09-30,SH.588000,SELL,-51571.5455465006450639330412,54200,54200,True,APPROVED,approved,0.95000000,0.63400000,0.95000000,TUSHARE_EXPLICIT,
dc981191c6ac4853e27159e242b3e7cf,2024-09-27,2024-09-30,SH.518880,BUY,42274.8267465006450639330412,7400,7400,True,APPROVED,approved,5.70700000,5.13700000,6.27900000,TUSHARE_EXPLICIT,
575dc5d9de3a124be5f878c6533841fc,2024-09-30,2024-10-08,SH.588000,SELL,-56221.4068196032737465018886,49300,49300,True,APPROVED,approved,1.14000000,0.76000000,1.14000000,TUSHARE_EXPLICIT,
cfcbf223166da4d656b45ce0d1a2eaba,2024-09-30,2024-10-08,SH.518880,BUY,45796.5117196032737465018886,8000,8000,True,APPROVED,approved,5.71400000,5.13600000,6.27800000,TUSHARE_EXPLICIT,
fdca0aa6df43a641c8948e0251c6ecdc,2024-10-08,2024-10-09,SH.518880,SELL,-5676.6061088480405554451430,1000,1000,True,APPROVED,approved,5.64000000,5.14300000,6.28500000,TUSHARE_EXPLICIT,
9cf996ddce154a1e6a991ac18fa34788,2024-10-08,2024-10-09,SH.588000,BUY,8522.5107088480405554451430,7700,7700,True,APPROVED,approved,1.09600000,0.91200000,1.36800000,TUSHARE_EXPLICIT,
879a29f5f131c7e0b5ba33e66bdeb772,2024-10-09,2024-10-10,SH.518880,SELL,-17610.5345762252095626690722,3100,3100,True,APPROVED,approved,5.67600000,5.07600000,6.20400000,TUSHARE_EXPLICIT,
d8b7f4739860578f3f2b411aa54698ef,2024-10-09,2024-10-10,SH.588000,BUY,20768.4491762252095626690722,20200,20200,True,APPROVED,approved,1.02600000,0.87700000,1.31500000,TUSHARE_EXPLICIT,
90ccef30c8a3bf1220301e0bf517e50a,2024-10-10,2024-10-11,SH.518880,SELL,-20724.7832469286134966055992,3600,3600,True,APPROVED,approved,5.73900000,5.10800000,6.24400000,TUSHARE_EXPLICIT,
73f7cdcba5c9960f79500a61baa57bd1,2024-10-10,2024-10-11,SH.588000,BUY,24004.6478469286134966055992,25200,25200,True,APPROVED,approved,0.95100000,0.82100000,1.23100000,TUSHARE_EXPLICIT,
f90f4933126ae78807b54f052e682c4d,2024-10-11,2024-10-14,SH.588000,SELL,-4415.8634282078201912988362,4500,4500,True,APPROVED,approved,0.97400000,0.76100000,1.14100000,TUSHARE_EXPLICIT,
6eb4b0ced2b46e4159230044e9aab995,2024-10-11,2024-10-14,SH.518880,BUY,2560.0152282078201912988362,400,400,True,APPROVED,approved,5.79900000,5.16500000,6.31300000,TUSHARE_EXPLICIT,
14bbbe67f0ac3e96dd86a9b4922bef80,2024-10-14,2024-10-15,SH.518880,SELL,-6542.9851642166596711037873,1100,1100,True,APPROVED,approved,5.79900000,5.21900000,6.37900000,TUSHARE_EXPLICIT,
604a2ed1109c247da14e820c218ed52b,2024-10-14,2024-10-15,SH.588000,BUY,8241.9669642166596711037873,8700,8700,True,APPROVED,approved,0.94600000,0.77900000,1.16900000,TUSHARE_EXPLICIT,
ef4436bc52b9c5a20b9f5a003ff89335,2024-10-15,2024-10-16,SH.518880,SELL,-9999.7621824531658495371285,1600,1600,True,APPROVED,approved,5.88400000,5.21900000,6.37900000,TUSHARE_EXPLICIT,
67b7231b2c3a1649fffedbaaea92984e,2024-10-15,2024-10-16,SH.588000,BUY,10326.1639824531658495371285,11100,11100,True,APPROVED,approved,0.92300000,0.75700000,1.13500000,TUSHARE_EXPLICIT,
d4894bf6d02dbc78bb5d42ab222af473,2024-10-16,2024-10-17,SH.518880,SELL,-894.5375088625158985423510,100,100,True,APPROVED,approved,5.90500000,5.29600000,6.47200000,TUSHARE_EXPLICIT,
f51f87d1ad8558fb2be574b2c27eb97b,2024-10-16,2024-10-17,SH.588000,SELL,-516245.000,557500,557500,True,APPROVED,approved,0.92600000,0.73800000,1.10800000,TUSHARE_EXPLICIT,
b91254a59ab49209c5be8dcae88c72aa,2024-10-16,2024-10-17,SH.510300,BUY,516260.5193088625158985423510,133600,133600,True,APPROVED,approved,3.86300000,3.51500000,4.29700000,TUSHARE_EXPLICIT,
aca79f3e61c22facbb13feb575954e0f,2024-10-17,2024-10-18,SH.510300,SELL,-536537.600,133600,133600,True,APPROVED,approved,4.01600000,3.47700000,4.24900000,TUSHARE_EXPLICIT,
38f36669832bc320af419261382993d2,2024-10-17,2024-10-18,SH.518880,BUY,6370.5713012603728687774096,1000,1000,True,APPROVED,approved,5.94500000,5.31500000,6.49600000,TUSHARE_EXPLICIT,
6a276d31d732b65f3abd88bef845b629,2024-10-17,2024-10-18,SH.588000,BUY,526606.9769987396271312225904,505800,505800,True,APPROVED,approved,1.04100000,0.74100000,1.11100000,TUSHARE_EXPLICIT,
4fd37471425635afd8414cefc06e9b47,2024-10-18,2024-10-21,SH.518880,SELL,-1731.8710482939724482989584,200,200,True,APPROVED,approved,6.02000000,5.35100000,6.54000000,TUSHARE_EXPLICIT,
ed5565ad2b608d72658be7835e413f14,2024-10-21,2024-10-22,SH.518880,SELL,-3304.7556206274513605987379,500,500,True,APPROVED,approved,6.01800000,5.41800000,6.62200000,TUSHARE_EXPLICIT,
f6a3f3e944ba4356181177832f053f37,2024-10-21,2024-10-22,SH.588000,SELL,-524514.600,505800,505800,True,APPROVED,approved,1.03700000,0.84000000,1.26000000,TUSHARE_EXPLICIT,
6dcebead733d63ef3f65afb2ba83711d,2024-10-21,2024-10-22,SH.510300,BUY,527958.9153206274513605987379,130600,130600,True,APPROVED,approved,4.04000000,3.61400000,4.41800000,TUSHARE_EXPLICIT,
689ca63f23d38d45c0a6719743bff152,2024-10-22,2024-10-23,SH.518880,SELL,-1798.1008901217191947180723,200,200,True,APPROVED,approved,6.05600000,5.41600000,6.62000000,TUSHARE_EXPLICIT,
c46e31495336d32b8f3768dccbc53296,2024-10-23,2024-10-24,SH.510300,BUY,963.4178533090985786044486,200,200,True,APPROVED,approved,4.01100000,3.65000000,4.46100000,TUSHARE_EXPLICIT,
adfb350341708d026e5efeb8154e331c,2024-10-24,2024-10-25,SH.510300,SELL,-528432.000,130800,130800,True,APPROVED,approved,4.04000000,3.61000000,4.41200000,TUSHARE_EXPLICIT,
02dc0c289afc4edbad47cdf2a3b13cb1,2024-10-24,2024-10-25,SH.518880,BUY,1235.9286339528997529806778,200,200,True,APPROVED,approved,5.99800000,5.39600000,6.59500000,TUSHARE_EXPLICIT,
cd9158ed11e3111bd4a81db120e24a42,2024-10-24,2024-10-25,SH.588000,BUY,526709.6438660471002470193222,504000,504000,True,APPROVED,approved,1.04500000,0.82300000,1.23500000,TUSHARE_EXPLICIT,
c5dcd428fe8f3022f5127bc73443861f,2024-10-25,2024-10-28,SH.518880,SELL,-2703.3114240825572607962726,400,400,True,APPROVED,approved,6.01700000,5.39800000,6.59800000,TUSHARE_EXPLICIT,
dfc3ad9fd09cd7ffbd0c485adfd2e152,2024-10-25,2024-10-28,SH.588000,BUY,1808.1536240825572607962726,1700,1700,True,APPROVED,approved,1.03900000,0.83600000,1.25400000,TUSHARE_EXPLICIT,
88868eb2e9345f97de2a3d468021452d,2024-10-28,2024-10-29,SH.518880,SELL,-5257.3413536524307785971793,800,800,True,APPROVED,approved,6.06800000,5.41500000,6.61900000,TUSHARE_EXPLICIT,
0f839b388d5a269e917f249843c965da,2024-10-28,2024-10-29,SH.588000,BUY,5101.2435536524307785971793,4900,4900,True,APPROVED,approved,1.02800000,0.83100000,1.24700000,TUSHARE_EXPLICIT,
21a3b3b11beb43c105e39583227c616e,2024-10-29,2024-10-30,SH.518880,SELL,-8436.0603824729990927960369,1300,1300,True,APPROVED,approved,6.14000000,5.46100000,6.67500000,TUSHARE_EXPLICIT,
6c8268d878f34969e10fdd7dae42d310,2024-10-29,2024-10-30,SH.588000,BUY,8478.5525824729990927960369,8400,8400,True,APPROVED,approved,1.00800000,0.82200000,1.23400000,TUSHARE_EXPLICIT,
b84628fc2a60dd4fceaddf81c35430c2,2024-10-30,2024-10-31,SH.588000,SELL,-529380.000,519000,519000,True,APPROVED,approved,1.02000000,0.80600000,1.21000000,TUSHARE_EXPLICIT,
e61d2d14ebab91d401a26b8a8d59e578,2024-10-30,2024-10-31,SH.510300,BUY,524692.7722404805392824306548,132100,132100,True,APPROVED,approved,3.97100000,3.57400000,4.36800000,TUSHARE_EXPLICIT,
3a8f9b9e85e277ff59a419c6cca374db,2024-10-30,2024-10-31,SH.518880,BUY,3916.0899595194607175693452,600,600,True,APPROVED,approved,6.10300000,5.52600000,6.75400000,TUSHARE_EXPLICIT,
11dd79b59069211ee00617c33b54e6f9,2024-10-31,2024-11-01,SH.510300,SELL,-3061.03750,700,700,True,APPROVED,approved,3.97900000,3.57400000,4.36800000,TUSHARE_EXPLICIT,
304e16d9cba53593e2a636447858d761,2024-10-31,2024-11-01,SH.518880,BUY,2783.96250,400,400,True,APPROVED,approved,6.05100000,5.49300000,6.71300000,TUSHARE_EXPLICIT,
dcee207a231a5522ff354f4e8ab5047e,2024-11-01,2024-11-04,SH.510300,SELL,-5859.47250,1400,1400,True,APPROVED,approved,4.03200000,3.58100000,4.37700000,TUSHARE_EXPLICIT,
eae18182e68e068ad0d78b945f8af27e,2024-11-01,2024-11-04,SH.518880,BUY,5627.52750,900,900,True,APPROVED,approved,6.00600000,5.44600000,6.65600000,TUSHARE_EXPLICIT,
fdeee5d6e78c98437f90668882520f96,2024-11-04,2024-11-05,SH.510300,SELL,-537810.000,130000,130000,True,APPROVED,approved,4.13700000,3.62900000,4.43500000,TUSHARE_EXPLICIT,
f5ee3343949d1f42ff34ffe95a5d0099,2024-11-04,2024-11-05,SH.518880,BUY,6356.61750,1000,1000,True,APPROVED,approved,6.00600000,5.40500000,6.60700000,TUSHARE_EXPLICIT,
f89c1dab20bbd09155df9fc47951f1e2,2024-11-04,2024-11-05,SH.588000,BUY,530079.81750,504800,504800,True,APPROVED,approved,1.05000000,0.80300000,1.20500000,TUSHARE_EXPLICIT,
ada0b574e097dbc01a1502e46fcf8b76,2024-11-05,2024-11-06,SH.588000,SELL,-1788.9056322122003245717396,1600,1600,True,APPROVED,approved,1.05300000,0.84000000,1.26000000,TUSHARE_EXPLICIT,
95409df0c152cda624fa8c60a5d50301,2024-11-05,2024-11-06,SH.518880,BUY,1031.9705322122003245717396,100,100,True,APPROVED,approved,5.99400000,5.40500000,6.60700000,TUSHARE_EXPLICIT,
141dddfd24fc54c9d751cf7a310ba2f1,2024-11-06,2024-11-07,SH.588000,SELL,-14875.15255,13600,13600,True,APPROVED,approved,1.08700000,0.84200000,1.26400000,TUSHARE_EXPLICIT,
0553231a85b344a10cfc65cab12a32de,2024-11-06,2024-11-07,SH.518880,BUY,14665.24745,2500,2500,True,APPROVED,approved,5.86000000,5.39500000,6.59300000,TUSHARE_EXPLICIT,
0366fb117484ffda293d7feca59c364f,2024-11-07,2024-11-08,SH.518880,SELL,-3218.38755,500,500,True,APPROVED,approved,5.89800000,5.27400000,6.44600000,TUSHARE_EXPLICIT,
eca6c4a1f9b2b2ee347d765c7bd60548,2024-11-07,2024-11-08,SH.588000,BUY,3062.41245,2800,2800,True,APPROVED,approved,1.08100000,0.87000000,1.30400000,TUSHARE_EXPLICIT,
a3d00670030af90d7b0d5dbd0c3b7f2b,2024-11-08,2024-11-11,SH.588000,SELL,-12857.7373188601507558155879,11300,11300,True,APPROVED,approved,1.13000000,0.86500000,1.29700000,TUSHARE_EXPLICIT,
15f8d4461210e8662d823267f882acf7,2024-11-08,2024-11-11,SH.518880,BUY,10135.1222188601507558155879,1700,1700,True,APPROVED,approved,5.90500000,5.30800000,6.48800000,TUSHARE_EXPLICIT,
28e9b18e04166d6edcbbb05b0238b01f,2024-11-11,2024-11-12,SH.588000,SELL,-531615.500,481100,481100,True,APPROVED,approved,1.10500000,0.90400000,1.35600000,TUSHARE_EXPLICIT,
11219160d727b3c6816150bf0890c0f9,2024-11-11,2024-11-12,SH.510300,BUY,533973.98745,128000,128000,True,APPROVED,approved,4.16900000,3.79400000,4.63700000,TUSHARE_EXPLICIT,
e3c6fa8082fc10e642bfbe4952c8357d,2024-11-12,2024-11-13,SH.510300,SELL,-2476.90280,500,500,True,APPROVED,approved,4.19500000,3.75200000,4.58600000,TUSHARE_EXPLICIT,
4f6aeba8128862fef81904b4a8092b00,2024-11-12,2024-11-13,SH.518880,BUY,1251.09720,200,200,True,APPROVED,approved,5.79600000,5.22600000,6.38800000,TUSHARE_EXPLICIT,
485b0a10abaa7cf091b53177f25fbc2a,2024-11-13,2024-11-14,SH.518880,BUY,1895.18720,300,300,True,APPROVED,approved,5.68000000,5.21600000,6.37600000,TUSHARE_EXPLICIT,
b37b2d2adebc0b9eb997079a48e7cde6,2024-11-14,2024-11-15,SH.518880,SELL,-3922.96780,600,600,True,APPROVED,approved,5.68300000,5.11200000,6.24800000,TUSHARE_EXPLICIT,
c60fc172059d837dfb05660d6e2cd033,2024-11-14,2024-11-15,SH.510300,BUY,4742.03220,1100,1100,True,APPROVED,approved,4.05500000,3.71200000,4.53600000,TUSHARE_EXPLICIT,
66920cb5208691862daaf0fb17da7d20,2024-11-15,2024-11-18,SH.510300,SELL,-519286.800,128600,128600,True,APPROVED,approved,4.03800000,3.65000000,4.46100000,TUSHARE_EXPLICIT,
707023050814fb8e4368af7ef61c6307,2024-11-15,2024-11-18,SH.518880,SELL,-5294.62780,900,900,True,APPROVED,approved,5.75800000,5.11500000,6.25100000,TUSHARE_EXPLICIT,
4955a96b030a3462f7f9405379b2202f,2024-11-15,2024-11-18,SH.588000,BUY,523865.57220,513500,513500,True,APPROVED,approved,1.02000000,0.83200000,1.24800000,TUSHARE_EXPLICIT,
bb5c8193c796d51f843f8dc002971481,2024-11-18,2024-11-19,SH.588000,SELL,-5396.00755,5100,5100,True,APPROVED,approved,1.05200000,0.81600000,1.22400000,TUSHARE_EXPLICIT,
35ebbde93545a78917400de3fafa39ee,2024-11-18,2024-11-19,SH.518880,BUY,1727.99245,200,200,True,APPROVED,approved,5.85800000,5.18200000,6.33400000,TUSHARE_EXPLICIT,
c7968d04826266bb48b30872dfb3fad1,2024-11-19,2024-11-20,SH.588000,SELL,-917.77255,800,800,True,APPROVED,approved,1.05500000,0.84200000,1.26200000,TUSHARE_EXPLICIT,
be15c8cbf72799bbfd1a3cf3b3718324,2024-11-19,2024-11-20,SH.518880,BUY,1285.82745,200,200,True,APPROVED,approved,5.85700000,5.27200000,6.44400000,TUSHARE_EXPLICIT,
a590f2d485a45db131e90a3aac552e20,2024-11-20,2024-11-21,SH.518880,SELL,-1655.44255,200,200,True,APPROVED,approved,5.93300000,5.27100000,6.44300000,TUSHARE_EXPLICIT,
f4b16823fbd69cdcb39acd35028089f6,2024-11-20,2024-11-21,SH.588000,BUY,534.35745,500,500,True,APPROVED,approved,1.06400000,0.84400000,1.26600000,TUSHARE_EXPLICIT,
47aa093adaf9fbdea83fa14d767b79d1,2024-11-21,2024-11-22,SH.518880,SELL,-13939.24755,2300,2300,True,APPROVED,approved,6.01000000,5.34000000,6.52600000,TUSHARE_EXPLICIT,
dacf44eca4a6bb9e9f223ebd113656b0,2024-11-21,2024-11-22,SH.588000,BUY,14894.55245,14500,14500,True,APPROVED,approved,1.02200000,0.85100000,1.27700000,TUSHARE_EXPLICIT,
06e4f6209028fef4aa614fe313b3c125,2024-11-22,2024-11-25,SH.518880,BUY,1172.33745,100,100,True,APPROVED,approved,5.91600000,5.40900000,6.61100000,TUSHARE_EXPLICIT,
a46fd4fe740cc841bb417fac09f871aa,2024-11-22,2024-11-25,SH.588000,BUY,323.93745,300,300,True,APPROVED,approved,1.00800000,0.81800000,1.22600000,TUSHARE_EXPLICIT,
8a06d12c6691f03d6b5e5501cf34c971,2024-11-25,2024-11-26,SH.588000,SELL,-1141.26255,1100,1100,True,APPROVED,approved,1.00200000,0.80600000,1.21000000,TUSHARE_EXPLICIT,
7cf770849d2260ae33736b19511ac4b3,2024-11-25,2024-11-26,SH.518880,BUY,2688.53745,400,400,True,APPROVED,approved,5.84400000,5.32400000,6.50800000,TUSHARE_EXPLICIT,
1890195d5e82213716cb42cdd5870732,2024-11-26,2024-11-27,SH.588000,SELL,-8163.58755,7800,7800,True,APPROVED,approved,1.03800000,0.80200000,1.20200000,TUSHARE_EXPLICIT,
54d7532b6f1cfd65d119f66065838a2b,2024-11-26,2024-11-27,SH.518880,BUY,6094.21245,1000,1000,True,APPROVED,approved,5.89900000,5.26000000,6.42800000,TUSHARE_EXPLICIT,
0f6617f5ae48ffdb74e4e6adf604e72e,2024-11-27,2024-11-28,SH.588000,SELL,-166.14755,100,100,True,APPROVED,approved,1.03400000,0.83000000,1.24600000,TUSHARE_EXPLICIT,
5690d0c2c4e5ce2049b9ab1c7ee27dfd,2024-11-27,2024-11-28,SH.518880,BUY,752.25245,100,100,True,APPROVED,approved,5.86900000,5.30900000,6.48900000,TUSHARE_EXPLICIT,
df106e20412803be164d3fef96c78b69,2024-11-28,2024-11-29,SH.588000,SELL,-5217.04755,4900,4900,True,APPROVED,approved,1.06000000,0.82700000,1.24100000,TUSHARE_EXPLICIT,
e588346c07bc991b179bf3e455c2c0d5,2024-11-28,2024-11-29,SH.518880,BUY,3485.45245,500,500,True,APPROVED,approved,5.92300000,5.28200000,6.45600000,TUSHARE_EXPLICIT,
f47611341d06fd25ca01c9a2761c8e20,2024-11-29,2024-12-02,SH.588000,SELL,-4358.47755,4000,4000,True,APPROVED,approved,1.06800000,0.84800000,1.27200000,TUSHARE_EXPLICIT,
0ded9c44e4a7d19224681337f6b0829f,2024-11-29,2024-12-02,SH.518880,BUY,4901.52245,800,800,True,APPROVED,approved,5.87200000,5.33100000,6.51500000,TUSHARE_EXPLICIT,
aa7324903e8673673752e0af9bd33ed4,2024-12-02,2024-12-03,SH.518880,SELL,-5282.11755,800,800,True,APPROVED,approved,5.93100000,5.28500000,6.45900000,TUSHARE_EXPLICIT,
6d3726c6e8b8918eb1790607a87d14a4,2024-12-02,2024-12-03,SH.588000,BUY,5398.68245,5100,5100,True,APPROVED,approved,1.05700000,0.85400000,1.28200000,TUSHARE_EXPLICIT,
51c247489d1a92ce5857ba9df732a3c0,2024-12-03,2024-12-04,SH.518880,SELL,-2051.90755,300,300,True,APPROVED,approved,5.92900000,5.33800000,6.52400000,TUSHARE_EXPLICIT,
439756f98c3b4ea2a2541e9b339532c0,2024-12-03,2024-12-04,SH.588000,BUY,1882.09245,1700,1700,True,APPROVED,approved,1.05000000,0.84600000,1.26800000,TUSHARE_EXPLICIT,
2768d56e7ed43bbdad7e684dd37ff72c,2024-12-04,2024-12-05,SH.588000,SELL,-834.67755,700,700,True,APPROVED,approved,1.05300000,0.84000000,1.26000000,TUSHARE_EXPLICIT,
9b87c7d0b14b961540b291359e6d75ee,2024-12-05,2024-12-06,SH.588000,SELL,-5015.17255,4700,4700,True,APPROVED,approved,1.06700000,0.84200000,1.26400000,TUSHARE_EXPLICIT,
abadcd8ce241346ffc1db8caab0ca528,2024-12-05,2024-12-06,SH.518880,BUY,4926.42745,800,800,True,APPROVED,approved,5.90300000,5.33400000,6.52000000,TUSHARE_EXPLICIT,
285c73ea610a2b0f2f309a82781529cc,2024-12-06,2024-12-09,SH.518880,SELL,-4426.83255,700,700,True,APPROVED,approved,5.93600000,5.31300000,6.49300000,TUSHARE_EXPLICIT,
b2cb7123cdd240b4ddba252bef39d51f,2024-12-06,2024-12-09,SH.588000,BUY,4971.56745,4700,4700,True,APPROVED,approved,1.05400000,0.85400000,1.28000000,TUSHARE_EXPLICIT,
0086b12f9a4035d142faaece116af387,2024-12-09,2024-12-10,SH.588000,SELL,-1498.23755,1400,1400,True,APPROVED,approved,1.06300000,0.84300000,1.26500000,TUSHARE_EXPLICIT,
54296a1667bec31a841b37c1985b65aa,2024-12-10,2024-12-11,SH.518880,SELL,-2875.07755,400,400,True,APPROVED,approved,6.01100000,5.36500000,6.55700000,TUSHARE_EXPLICIT,
4133661c05b9aa18f9cf4cf75f2124bf,2024-12-10,2024-12-11,SH.588000,BUY,3151.42245,2900,2900,True,APPROVED,approved,1.05900000,0.85000000,1.27600000,TUSHARE_EXPLICIT,
a83cc920a364a0a8690aa7a0df56c283,2024-12-11,2024-12-12,SH.518880,SELL,-1593.04255,200,200,True,APPROVED,approved,6.05200000,5.41000000,6.61200000,TUSHARE_EXPLICIT,
9b87d743815db354110cc7787560c0c7,2024-12-11,2024-12-12,SH.588000,BUY,613.95745,500,500,True,APPROVED,approved,1.06300000,0.84700000,1.27100000,TUSHARE_EXPLICIT,
9421af5dc7b0b5ecf2be4af173bd1cf3,2024-12-12,2024-12-13,SH.518880,SELL,-2706.41255,400,400,True,APPROVED,approved,6.00100000,5.44700000,6.65700000,TUSHARE_EXPLICIT,
7e763dc56428840de9dcdd7432ef6a51,2024-12-12,2024-12-13,SH.588000,BUY,3933.58745,3700,3700,True,APPROVED,approved,1.04200000,0.85000000,1.27600000,TUSHARE_EXPLICIT,
ff7f1788fed0c93b29b707e6f359072a,2024-12-13,2024-12-16,SH.518880,SELL,-1599.35755,200,200,True,APPROVED,approved,5.94700000,5.40100000,6.60100000,TUSHARE_EXPLICIT,
2c3ea685389877020ed7f775cfb6f293,2024-12-13,2024-12-16,SH.588000,BUY,2721.24245,2600,2600,True,APPROVED,approved,1.02500000,0.83400000,1.25000000,TUSHARE_EXPLICIT,
eaa9d39aa60b196c22b2274795f57207,2024-12-16,2024-12-17,SH.518880,SELL,-1473.31755,200,200,True,APPROVED,approved,5.94000000,5.35200000,6.54200000,TUSHARE_EXPLICIT,
89e330943feb658524e1321887e39637,2024-12-16,2024-12-17,SH.588000,BUY,1482.08245,1400,1400,True,APPROVED,approved,1.01900000,0.82000000,1.23000000,TUSHARE_EXPLICIT,
edc7447b007733609923a95a35c8f44c,2024-12-17,2024-12-18,SH.588000,SELL,-4281.91755,4100,4100,True,APPROVED,approved,1.03300000,0.81500000,1.22300000,TUSHARE_EXPLICIT,
c7b55e7d92faca97c9a1bf1136a82afe,2024-12-17,2024-12-18,SH.518880,BUY,3383.68245,500,500,True,APPROVED,approved,5.93200000,5.34600000,6.53400000,TUSHARE_EXPLICIT,
78255cabbc64af2ece4f2d5ca1c891ca,2024-12-18,2024-12-19,SH.588000,SELL,-5365.24255,5100,5100,True,APPROVED,approved,1.04500000,0.82600000,1.24000000,TUSHARE_EXPLICIT,
c748e0c1e8172801f4c2ca785e45425f,2024-12-18,2024-12-19,SH.518880,BUY,5524.75745,900,900,True,APPROVED,approved,5.88500000,5.33900000,6.52500000,TUSHARE_EXPLICIT,
6aa4fcd6fe2b52ec47d0429bcdc058d0,2024-12-19,2024-12-20,SH.588000,SELL,-5385.33255,5000,5000,True,APPROVED,approved,1.06500000,0.83600000,1.25400000,TUSHARE_EXPLICIT,
4937f2d6d4b63e341ce0463cd7121757,2024-12-19,2024-12-20,SH.518880,BUY,4475.06745,700,700,True,APPROVED,approved,5.89200000,5.29700000,6.47400000,TUSHARE_EXPLICIT,
395bf5d356b8deb29cba5f82b9a405a9,2024-12-20,2024-12-23,SH.518880,SELL,-5589.81255,900,900,True,APPROVED,approved,5.95100000,5.30300000,6.48100000,TUSHARE_EXPLICIT,
5c7c1fa9127db5c4acfb5198916fcee4,2024-12-20,2024-12-23,SH.588000,BUY,5983.48745,5600,5600,True,APPROVED,approved,1.05200000,0.85200000,1.27800000,TUSHARE_EXPLICIT,
a7f30f0d6941076c7abded5ec4d1f851,2024-12-23,2024-12-24,SH.588000,SELL,-5928.11755,5500,5500,True,APPROVED,approved,1.06900000,0.84200000,1.26200000,TUSHARE_EXPLICIT,
76f8600fd85d9efeef6a52aec7955c47,2024-12-23,2024-12-24,SH.518880,BUY,5171.08245,800,800,True,APPROVED,approved,5.92100000,5.35600000,6.54600000,TUSHARE_EXPLICIT,
0d7dd6f44ddbf6b0f419c575335d10ad,2024-12-24,2024-12-25,SH.588000,SELL,-275.77755,200,200,True,APPROVED,approved,1.07200000,0.85500000,1.28300000,TUSHARE_EXPLICIT,
b8d31ff3fc91a485130add440b2e57f5,2024-12-25,2024-12-26,SH.588000,SELL,-2406.37255,2200,2200,True,APPROVED,approved,1.08100000,0.85800000,1.28600000,TUSHARE_EXPLICIT,
d3132cc045a209ba245f3e94d98a97b9,2024-12-25,2024-12-26,SH.518880,BUY,2204.12745,300,300,True,APPROVED,approved,5.94000000,5.34200000,6.53000000,TUSHARE_EXPLICIT,
1216799c0765643b8b4ad87e58f934e7,2024-12-26,2024-12-27,SH.518880,SELL,-1424.48755,200,200,True,APPROVED,approved,5.94500000,5.34600000,6.53400000,TUSHARE_EXPLICIT,
3de941b004a47a8a527369fae7a6942e,2024-12-26,2024-12-27,SH.588000,BUY,2113.81245,1900,1900,True,APPROVED,approved,1.07400000,0.86500000,1.29700000,TUSHARE_EXPLICIT,
62458b8458336a7da7c434dea6a3d50b,2024-12-27,2024-12-30,SH.588000,SELL,-1673.49255,1500,1500,True,APPROVED,approved,1.07700000,0.85900000,1.28900000,TUSHARE_EXPLICIT,
3d52d8bfbfe8bbc26690f462008ea2ee,2024-12-27,2024-12-30,SH.518880,BUY,1549.40745,200,200,True,APPROVED,approved,5.92300000,5.35100000,6.54000000,TUSHARE_EXPLICIT,
bd415966620f22487b1956e2c3f65e8c,2024-12-30,2024-12-31,SH.518880,SELL,-7160.49255,1200,1200,True,APPROVED,approved,5.92800000,5.33100000,6.51500000,TUSHARE_EXPLICIT,
b976273ed2f2aecd7a065256b4c2e04e,2024-12-30,2024-12-31,SH.588000,BUY,9025.60745,8600,8600,True,APPROVED,approved,1.04500000,0.86200000,1.29200000,TUSHARE_EXPLICIT,
