order_id,signal_date,execution_date,trade_time,source_record_key,symbol,side,requested_quantity,fill_quantity,base_trade_price,fill_price,trade_amount,fee,status,price_source
39ba95100b1b32516608f8c874832369,2024-01-02,2024-01-03,2024-01-03T15:00:00+08:00,QMT:qmt_etf_quant_20260812:518880:2024-01-03,SH.518880,BUY,96500,96500,4.66300000,4.666,450269.000,135.081,FILLED,CLOSE
7df45f4d1cb7c95658dd8dfeeb0dee46,2024-01-02,2024-01-03,2024-01-03T15:00:00+08:00,QMT:qmt_etf_quant_20260812:588000:2024-01-03,SH.588000,BUY,514800,514800,0.87400000,0.875,450450.000,135.135,FILLED,CLOSE
15478d653af39e18908a36e28cee241c,2024-01-03,2024-01-04,2024-01-04T15:00:00+08:00,QMT:qmt_etf_quant_20260812:518880:2024-01-04,SH.518880,SELL,300,300,4.65100000,4.648,1394.400,5.000,FILLED,CLOSE
9d64c5eb87b336f8504a57e583f80cf2,2024-01-03,2024-01-04,2024-01-04T15:00:00+08:00,QMT:qmt_etf_quant_20260812:588000:2024-01-04,SH.588000,BUY,1500,1500,0.86600000,0.867,1300.500,5.000,FILLED,CLOSE
24e9588c35bc66db4a22c0572576f60c,2024-01-04,2024-01-05,2024-01-05T15:00:00+08:00,QMT:qmt_etf_quant_20260812:518880:2024-01-05,SH.518880,SELL,1000,1000,4.66400000,4.661,4661.000,5.000,FILLED,CLOSE
eca8dd74709c4295f8715dddc77bcf05,2024-01-04,2024-01-05,2024-01-05T15:00:00+08:00,QMT:qmt_etf_quant_20260812:588000:2024-01-05,SH.588000,BUY,6300,6300,0.84900000,0.850,5355.000,5.000,FILLED,CLOSE
86e7ae7980563f20797486272f966898,2024-01-05,2024-01-08,2024-01-08T15:00:00+08:00,QMT:qmt_etf_quant_20260812:518880:2024-01-08,SH.518880,SELL,1100,1100,4.65000000,4.647,5111.700,5.000,FILLED,CLOSE
b04ffe5633741a5bf02093e454e70811,2024-01-05,2024-01-08,2024-01-08T15:00:00+08:00,QMT:qmt_etf_quant_20260812:588000:2024-01-08,SH.588000,BUY,8000,8000,0.82400000,0.825,6600.000,5.000,FILLED,CLOSE
a7ee6cf16e0f89a39526c0315ef77ead,2024-01-09,2024-01-10,2024-01-10T15:00:00+08:00,QMT:qmt_etf_quant_20260812:518880:2024-01-10,SH.518880,SELL,100,100,4.63100000,4.628,462.800,5.000,FILLED,CLOSE
b2632542b798b9f4136e4daae81edfd3,2024-01-09,2024-01-10,2024-01-10T15:00:00+08:00,QMT:qmt_etf_quant_20260812:588000:2024-01-10,SH.588000,BUY,1200,1200,0.81800000,0.819,982.800,5.000,FILLED,CLOSE
4edbd1ba14e3bfd5c9027ef8c2d05911,2024-01-10,2024-01-11,2024-01-11T15:00:00+08:00,QMT:qmt_etf_quant_20260812:588000:2024-01-11,SH.588000,SELL,3800,3800,0.82900000,0.828,3146.400,5.000,FILLED,CLOSE
b9e875e528c97687a7c0492489289ebd,2024-01-10,2024-01-11,2024-01-11T15:00:00+08:00,QMT:qmt_etf_quant_20260812:518880:2024-01-11,SH.518880,BUY,400,400,4.63100000,4.634,1853.600,5.000,FILLED,CLOSE
fdaf9674de0f2739aa9dd34b142b4ffd,2024-01-11,2024-01-12,2024-01-12T15:00:00+08:00,QMT:qmt_etf_quant_20260812:518880:2024-01-12,SH.518880,SELL,600,600,4.64600000,4.643,2785.800,5.000,FILLED,CLOSE
de4edaf09a5bdf81a000c993cf3febbf,2024-01-11,2024-01-12,2024-01-12T15:00:00+08:00,QMT:qmt_etf_quant_20260812:588000:2024-01-12,SH.588000,BUY,4600,4600,0.81800000,0.819,3767.400,5.000,FILLED,CLOSE
b93eaae66bc2826caf060796888df918,2024-01-12,2024-01-15,2024-01-15T15:00:00+08:00,QMT:qmt_etf_quant_20260812:518880:2024-01-15,SH.518880,SELL,500,500,4.67300000,4.670,2335.000,5.000,FILLED,CLOSE
acee32c3a872380631d6f4cabbcd1a10,2024-01-12,2024-01-15,2024-01-15T15:00:00+08:00,QMT:qmt_etf_quant_20260812:588000:2024-01-15,SH.588000,BUY,3200,3200,0.81300000,0.814,2604.800,5.000,FILLED,CLOSE
dd6480d607e5a4fc1d090c30c03455f0,2024-01-15,2024-01-16,2024-01-16T15:00:00+08:00,QMT:qmt_etf_quant_20260812:588000:2024-01-16,SH.588000,SELL,1200,1200,0.81700000,0.816,979.200,5.000,FILLED,CLOSE
30f4afbff3b3cae8fd7c7618b8c1ce91,2024-01-16,2024-01-17,2024-01-17T15:00:00+08:00,QMT:qmt_etf_quant_20260812:518880:2024-01-17,SH.518880,SELL,500,500,4.63100000,4.628,2314.000,5.000,FILLED,CLOSE
087453a236504a706c4d18f7817be54d,2024-01-16,2024-01-17,2024-01-17T15:00:00+08:00,QMT:qmt_etf_quant_20260812:588000:2024-01-17,SH.588000,BUY,5600,5600,0.79500000,0.796,4457.600,5.000,FILLED,CLOSE
71300d5f0b1598e23c634b4f0e6decf8,2024-01-17,2024-01-18,2024-01-18T15:00:00+08:00,QMT:qmt_etf_quant_20260812:588000:2024-01-18,SH.588000,SELL,4700,4700,0.80600000,0.805,3783.500,5.000,FILLED,CLOSE
4b07d9d6c57d660cd70be781c66ae287,2024-01-17,2024-01-18,2024-01-18T15:00:00+08:00,QMT:qmt_etf_quant_20260812:518880:2024-01-18,SH.518880,BUY,600,600,4.61600000,4.619,2771.400,5.000,FILLED,CLOSE
8b1ba62cde3db21d0a3712e41b0bb3dd,2024-01-18,2024-01-19,2024-01-19T15:00:00+08:00,QMT:qmt_etf_quant_20260812:518880:2024-01-19,SH.518880,SELL,300,300,4.64300000,4.640,1392.000,5.000,FILLED,CLOSE
6a00a8a929e3d2df81c5a804deed2eb8,2024-01-18,2024-01-19,2024-01-19T15:00:00+08:00,QMT:qmt_etf_quant_20260812:588000:2024-01-19,SH.588000,BUY,2400,2400,0.80300000,0.804,1929.600,5.000,FILLED,CLOSE
2d0f1e80b187bf2d40293e5a3c660f43,2024-01-19,2024-01-22,2024-01-22T15:00:00+08:00,QMT:qmt_etf_quant_20260812:518880:2024-01-22,SH.518880,SELL,1200,1200,4.62500000,4.622,5546.400,5.000,FILLED,CLOSE
19a6a78d926d9784d2eca56950deea33,2024-01-19,2024-01-22,2024-01-22T15:00:00+08:00,QMT:qmt_etf_quant_20260812:588000:2024-01-22,SH.588000,BUY,9300,9300,0.77600000,0.777,7226.100,5.000,FILLED,CLOSE
c764bfe9f645ade15eb4826fcfbf898c,2024-01-22,2024-01-23,2024-01-23T15:00:00+08:00,QMT:qmt_etf_quant_20260812:588000:2024-01-23,SH.588000,SELL,3400,3400,0.78600000,0.785,2669.000,5.000,FILLED,CLOSE
468d9c4f7fdd8f7ae2ac981127e37b17,2024-01-22,2024-01-23,2024-01-23T15:00:00+08:00,QMT:qmt_etf_quant_20260812:518880:2024-01-23,SH.518880,BUY,300,300,4.63200000,4.635,1390.500,5.000,FILLED,CLOSE
145570267fe2b2c10e4b4542fcff9644,2024-01-23,2024-01-24,2024-01-24T15:00:00+08:00,QMT:qmt_etf_quant_20260812:588000:2024-01-24,SH.588000,SELL,1100,1100,0.78800000,0.787,865.700,5.000,FILLED,CLOSE
3b4649997a1983dbc55ce5a598f788eb,2024-01-23,2024-01-24,2024-01-24T15:00:00+08:00,QMT:qmt_etf_quant_20260812:518880:2024-01-24,SH.518880,BUY,200,200,4.62600000,4.629,925.800,5.000,FILLED,CLOSE
e70605e2cffa7c792bf96af82ab10655,2024-01-24,2024-01-25,2024-01-25T15:00:00+08:00,QMT:qmt_etf_quant_20260812:588000:2024-01-25,SH.588000,SELL,7000,7000,0.80400000,0.803,5621.000,5.000,FILLED,CLOSE
9db4632e5f0781c09c6fa2ee7b434b9e,2024-01-24,2024-01-25,2024-01-25T15:00:00+08:00,QMT:qmt_etf_quant_20260812:518880:2024-01-25,SH.518880,BUY,1100,1100,4.60500000,4.608,5068.800,5.000,FILLED,CLOSE
f1a8c222c659170eaaf77377b866b4ec,2024-01-25,2024-01-26,2024-01-26T15:00:00+08:00,QMT:qmt_etf_quant_20260812:518880:2024-01-26,SH.518880,SELL,1200,1200,4.62500000,4.622,5546.400,5.000,FILLED,CLOSE
496ba5ca16cdfb993b653cf9b4210204,2024-01-25,2024-01-26,2024-01-26T15:00:00+08:00,QMT:qmt_etf_quant_20260812:588000:2024-01-26,SH.588000,BUY,8100,8100,0.78500000,0.786,6366.600,5.000,FILLED,CLOSE
6ced7a0884e9b7de9cf81cd0d14da751,2024-01-26,2024-01-29,2024-01-29T15:00:00+08:00,QMT:qmt_etf_quant_20260812:518880:2024-01-29,SH.518880,SELL,1200,1200,4.63400000,4.631,5557.200,5.000,FILLED,CLOSE
6ac12d6c344041ce8491a744a596f5aa,2024-01-26,2024-01-29,2024-01-29T15:00:00+08:00,QMT:qmt_etf_quant_20260812:588000:2024-01-29,SH.588000,BUY,8700,8700,0.76400000,0.765,6655.500,5.000,FILLED,CLOSE
d3cff97241a90e8d97afeb128e113469,2024-01-29,2024-01-30,2024-01-30T15:00:00+08:00,QMT:qmt_etf_quant_20260812:518880:2024-01-30,SH.518880,SELL,1700,1700,4.64700000,4.644,7894.800,5.000,FILLED,CLOSE
7646a6398c7457c9a0a51fd93eca0991,2024-01-29,2024-01-30,2024-01-30T15:00:00+08:00,QMT:qmt_etf_quant_20260812:588000:2024-01-30,SH.588000,SELL,552500,552500,0.73500000,0.734,405535.000,121.661,FILLED,CLOSE
0b809f49e8892fe2d0805364ccda4cb9,2024-01-29,2024-01-30,2024-01-30T15:00:00+08:00,QMT:qmt_etf_quant_20260812:510300:2024-01-30,SH.510300,BUY,128100,128100,3.24300000,3.245,415684.500,124.705,FILLED,CLOSE
5ce657cb20244d453998831d0deedb9a,2024-01-30,2024-01-31,2024-01-31T15:00:00+08:00,QMT:qmt_etf_quant_20260812:518880:2024-01-31,SH.518880,SELL,400,400,4.65300000,4.650,1860.000,5.000,FILLED,CLOSE
5be5d0708ac04df4b6a10a63d530fee1,2024-01-30,2024-01-31,2024-01-31T15:00:00+08:00,QMT:qmt_etf_quant_20260812:510300:2024-01-31,SH.510300,BUY,300,300,3.22200000,3.224,967.200,5.000,FILLED,CLOSE
ad9715f577e601aa50bcb86ba9e9493f,2024-01-31,2024-02-01,2024-02-01T15:00:00+08:00,QMT:qmt_etf_quant_20260812:518880:2024-02-01,SH.518880,SELL,200,200,4.66800000,4.665,933.000,5.000,FILLED,CLOSE
cb98ff94a80de767776405c547a75b46,2024-01-31,2024-02-01,2024-02-01T15:00:00+08:00,QMT:qmt_etf_quant_20260812:510300:2024-02-01,SH.510300,BUY,300,300,3.21800000,3.220,966.000,5.000,FILLED,CLOSE
ad438b18e06b1ca1164f6211b9b021f4,2024-02-01,2024-02-02,2024-02-02T15:00:00+08:00,QMT:qmt_etf_quant_20260812:518880:2024-02-02,SH.518880,SELL,500,500,4.67900000,4.676,2338.000,5.000,FILLED,CLOSE
4e6c3823b6cd8e276b08b33ebbf4246a,2024-02-01,2024-02-02,2024-02-02T15:00:00+08:00,QMT:qmt_etf_quant_20260812:510300:2024-02-02,SH.510300,BUY,800,800,3.18800000,3.190,2552.000,5.000,FILLED,CLOSE
dd0779a2eb8b06cc395e41c3c43033cb,2024-02-02,2024-02-05,2024-02-05T15:00:00+08:00,QMT:qmt_etf_quant_20260812:510300:2024-02-05,SH.510300,SELL,800,800,3.20800000,3.206,2564.800,5.000,FILLED,CLOSE
6b90c25c63129c5ea5d9e959c3f0a4d3,2024-02-02,2024-02-05,2024-02-05T15:00:00+08:00,QMT:qmt_etf_quant_20260812:518880:2024-02-05,SH.518880,BUY,600,600,4.64300000,4.646,2787.600,5.000,FILLED,CLOSE
0e4627e47d265fc982a9b90c790a9ace,2024-02-05,2024-02-06,2024-02-06T15:00:00+08:00,QMT:qmt_etf_quant_20260812:510300:2024-02-06,SH.510300,SELL,128700,128700,3.31100000,3.309,425868.300,127.760,FILLED,CLOSE
c76b9b7802bf682b790086155fc17dec,2024-02-05,2024-02-06,2024-02-06T15:00:00+08:00,QMT:qmt_etf_quant_20260812:518880:2024-02-06,SH.518880,BUY,1300,1300,4.63300000,4.636,6026.800,5.000,FILLED,CLOSE
3e46f4cc90e9c528dd1b9b6adba47253,2024-02-05,2024-02-06,2024-02-06T15:00:00+08:00,QMT:qmt_etf_quant_20260812:588000:2024-02-06,SH.588000,BUY,552700,552700,0.75700000,0.758,418946.600,125.684,FILLED,CLOSE
b7fbf13872b8740b01be78c1e12aa66f,2024-02-06,2024-02-07,2024-02-07T15:00:00+08:00,QMT:qmt_etf_quant_20260812:588000:2024-02-07,SH.588000,SELL,7900,7900,0.77700000,0.776,6130.400,5.000,FILLED,CLOSE
efd5a2433fbba33aeb8d110f6f4f3c1a,2024-02-06,2024-02-07,2024-02-07T15:00:00+08:00,QMT:qmt_etf_quant_20260812:518880:2024-02-07,SH.518880,BUY,900,900,4.64200000,4.645,4180.500,5.000,FILLED,CLOSE
99be6af725b4f6f984135894c4864c78,2024-02-07,2024-02-08,2024-02-08T15:00:00+08:00,QMT:qmt_etf_quant_20260812:588000:2024-02-08,SH.588000,SELL,2500,2500,0.78600000,0.785,1962.500,5.000,FILLED,CLOSE
fd1b91fc2edd8c8ff00c19c1744c37e2,2024-02-07,2024-02-08,2024-02-08T15:00:00+08:00,QMT:qmt_etf_quant_20260812:518880:2024-02-08,SH.518880,BUY,300,300,4.66200000,4.665,1399.500,5.000,FILLED,CLOSE
c0cc9cc7ce31b07b1495893f6ad80406,2024-02-08,2024-02-19,2024-02-19T15:00:00+08:00,QMT:qmt_etf_quant_20260812:588000:2024-02-19,SH.588000,SELL,5400,5400,0.79800000,0.797,4303.800,5.000,FILLED,CLOSE
00722b69686e4cf0c46ea52c3fdac3a4,2024-02-08,2024-02-19,2024-02-19T15:00:00+08:00,QMT:qmt_etf_quant_20260812:518880:2024-02-19,SH.518880,BUY,800,800,4.64400000,4.647,3717.600,5.000,FILLED,CLOSE
fee096b6c0a4e2a7cca8830c28b9b3a8,2024-02-19,2024-02-20,2024-02-20T15:00:00+08:00,QMT:qmt_etf_quant_20260812:518880:2024-02-20,SH.518880,SELL,300,300,4.64200000,4.639,1391.700,5.000,FILLED,CLOSE
0027443f651ca6a8fb1f76464f9748af,2024-02-19,2024-02-20,2024-02-20T15:00:00+08:00,QMT:qmt_etf_quant_20260812:588000:2024-02-20,SH.588000,BUY,2800,2800,0.79000000,0.791,2214.800,5.000,FILLED,CLOSE
9e52c2933d7aa3943418b7dd8745f203,2024-02-20,2024-02-21,2024-02-21T15:00:00+08:00,QMT:qmt_etf_quant_20260812:588000:2024-02-21,SH.588000,SELL,300,300,0.79100000,0.790,237.000,5.000,FILLED,CLOSE
8b136481bd7ced2b5777f2476cdd3b23,2024-02-21,2024-02-22,2024-02-22T15:00:00+08:00,QMT:qmt_etf_quant_20260812:588000:2024-02-22,SH.588000,SELL,3200,3200,0.79900000,0.798,2553.600,5.000,FILLED,CLOSE
9df9fcf15412cad3f8e76d7feddd101f,2024-02-21,2024-02-22,2024-02-22T15:00:00+08:00,QMT:qmt_etf_quant_20260812:518880:2024-02-22,SH.518880,BUY,400,400,4.63900000,4.642,1856.800,5.000,FILLED,CLOSE
b81240b5a2c9f1215073c2372b58e8a7,2024-02-22,2024-02-23,2024-02-23T15:00:00+08:00,QMT:qmt_etf_quant_20260812:588000:2024-02-23,SH.588000,SELL,1200,1200,0.80100000,0.800,960.000,5.000,FILLED,CLOSE
212e2aeb14a08023e5a4df132805efc7,2024-02-22,2024-02-23,2024-02-23T15:00:00+08:00,QMT:qmt_etf_quant_20260812:518880:2024-02-23,SH.518880,BUY,200,200,4.63000000,4.633,926.600,5.000,FILLED,CLOSE
3db7e7e43eebbbb7a26a342adf87dc31,2024-02-23,2024-02-26,2024-02-26T15:00:00+08:00,QMT:qmt_etf_quant_20260812:588000:2024-02-26,SH.588000,SELL,700,700,0.80600000,0.805,563.500,5.000,FILLED,CLOSE
75b8166c24932408a5d97ad6274469ef,2024-02-26,2024-02-27,2024-02-27T15:00:00+08:00,QMT:qmt_etf_quant_20260812:588000:2024-02-27,SH.588000,SELL,10800,10800,0.83600000,0.835,9018.000,5.000,FILLED,CLOSE
7068f666fde9a6dce9946cb9c3b70b03,2024-02-26,2024-02-27,2024-02-27T15:00:00+08:00,QMT:qmt_etf_quant_20260812:518880:2024-02-27,SH.518880,BUY,1600,1600,4.64600000,4.649,7438.400,5.000,FILLED,CLOSE
583f63d92c07b35f0b59a5ed952da0f5,2024-02-27,2024-02-28,2024-02-28T15:00:00+08:00,QMT:qmt_etf_quant_20260812:518880:2024-02-28,SH.518880,SELL,1300,1300,4.64500000,4.642,6034.600,5.000,FILLED,CLOSE
f126476dddd4ace3b7578562f8bce605,2024-02-27,2024-02-28,2024-02-28T15:00:00+08:00,QMT:qmt_etf_quant_20260812:588000:2024-02-28,SH.588000,BUY,9800,9800,0.80800000,0.809,7928.200,5.000,FILLED,CLOSE
122984443833603c9096bf4ad911f8aa,2024-02-28,2024-02-29,2024-02-29T15:00:00+08:00,QMT:qmt_etf_quant_20260812:588000:2024-02-29,SH.588000,SELL,13300,13300,0.84700000,0.846,11251.800,5.000,FILLED,CLOSE
165c3be566b8e2c97d9a2f77db78fd85,2024-02-28,2024-02-29,2024-02-29T15:00:00+08:00,QMT:qmt_etf_quant_20260812:518880:2024-02-29,SH.518880,BUY,1900,1900,4.64700000,4.650,8835.000,5.000,FILLED,CLOSE
246faafebbb9790e4a9352cb9446871a,2024-02-29,2024-03-01,2024-03-01T15:00:00+08:00,QMT:qmt_etf_quant_20260812:588000:2024-03-01,SH.588000,SELL,1700,1700,0.85500000,0.854,1451.800,5.000,FILLED,CLOSE
bc9af072e7ae082f7286ccf80adb8db0,2024-02-29,2024-03-01,2024-03-01T15:00:00+08:00,QMT:qmt_etf_quant_20260812:518880:2024-03-01,SH.518880,BUY,200,200,4.66700000,4.670,934.000,5.000,FILLED,CLOSE
4e16430f91f80e46e69a4ec89fc5f005,2024-03-01,2024-03-04,2024-03-04T15:00:00+08:00,QMT:qmt_etf_quant_20260812:518880:2024-03-04,SH.518880,SELL,500,500,4.72500000,4.722,2361.000,5.000,FILLED,CLOSE
be128e45201586aac7e7d97fe254a294,2024-03-01,2024-03-04,2024-03-04T15:00:00+08:00,QMT:qmt_etf_quant_20260812:588000:2024-03-04,SH.588000,BUY,2400,2400,0.85600000,0.857,2056.800,5.000,FILLED,CLOSE
2cda514d16eec4fe8ffd5a0cbb5797d0,2024-03-04,2024-03-05,2024-03-05T15:00:00+08:00,QMT:qmt_etf_quant_20260812:518880:2024-03-05,SH.518880,SELL,600,600,4.78900000,4.786,2871.600,5.000,FILLED,CLOSE
e0de14b7a0753306a9ce2fada402ab86,2024-03-04,2024-03-05,2024-03-05T15:00:00+08:00,QMT:qmt_etf_quant_20260812:588000:2024-03-05,SH.588000,BUY,2900,2900,0.85700000,0.858,2488.200,5.000,FILLED,CLOSE
4ca3f135d8ce8bef1590bf7f3cc81380,2024-03-05,2024-03-06,2024-03-06T15:00:00+08:00,QMT:qmt_etf_quant_20260812:518880:2024-03-06,SH.518880,SELL,800,800,4.82400000,4.821,3856.800,5.000,FILLED,CLOSE
8a3451e711f1ed072fdb1f25ccbdb303,2024-03-05,2024-03-06,2024-03-06T15:00:00+08:00,QMT:qmt_etf_quant_20260812:588000:2024-03-06,SH.588000,BUY,4200,4200,0.85000000,0.851,3574.200,5.000,FILLED,CLOSE
ca9c7248405d44202cc15fa49a7015fa,2024-03-06,2024-03-07,2024-03-07T15:00:00+08:00,QMT:qmt_etf_quant_20260812:518880:2024-03-07,SH.518880,SELL,1500,1500,4.88500000,4.882,7323.000,5.000,FILLED,CLOSE
81cc5dafb5abf6811fdbba7c325e90c3,2024-03-06,2024-03-07,2024-03-07T15:00:00+08:00,QMT:qmt_etf_quant_20260812:588000:2024-03-07,SH.588000,SELL,527800,527800,0.83200000,0.831,438601.800,131.581,FILLED,CLOSE
675f020ff92a78896fa899ef0824633c,2024-03-06,2024-03-07,2024-03-07T15:00:00+08:00,QMT:qmt_etf_quant_20260812:510300:2024-03-07,SH.510300,BUY,126800,126800,3.52300000,3.525,446970.000,134.091,FILLED,CLOSE
46b1fb6014f10dba1c013ed4f10775a8,2024-03-07,2024-03-08,2024-03-08T15:00:00+08:00,QMT:qmt_etf_quant_20260812:510300:2024-03-08,SH.510300,SELL,126800,126800,3.53300000,3.531,447730.800,134.319,FILLED,CLOSE
71894c697ad86945b91639d923ec0927,2024-03-07,2024-03-08,2024-03-08T15:00:00+08:00,QMT:qmt_etf_quant_20260812:588000:2024-03-08,SH.588000,BUY,531300,531300,0.84100000,0.842,447354.600,134.206,FILLED,CLOSE
12a56477fed2328e0bf309d9ece4b741,2024-03-08,2024-03-11,2024-03-11T15:00:00+08:00,QMT:qmt_etf_quant_20260812:588000:2024-03-11,SH.588000,SELL,531300,531300,0.85700000,0.856,454792.800,136.438,FILLED,CLOSE
4c5f2f6ae9894aff4339c5d02d039971,2024-03-08,2024-03-11,2024-03-11T15:00:00+08:00,QMT:qmt_etf_quant_20260812:510300:2024-03-11,SH.510300,BUY,125900,125900,3.58100000,3.583,451099.700,135.330,FILLED,CLOSE
3682a172d00a86294d6dc899cdbba3b7,2024-03-08,2024-03-11,2024-03-11T15:00:00+08:00,QMT:qmt_etf_quant_20260812:518880:2024-03-11,SH.518880,BUY,500,500,4.89900000,4.902,2451.000,5.000,FILLED,CLOSE
3ba88edbef477d0d6495175ce84cc86a,2024-03-11,2024-03-12,2024-03-12T15:00:00+08:00,QMT:qmt_etf_quant_20260812:510300:2024-03-12,SH.510300,SELL,400,400,3.58600000,3.584,1433.600,5.000,FILLED,CLOSE
17376bfd36e399fc48015e1946bbfd62,2024-03-11,2024-03-12,2024-03-12T15:00:00+08:00,QMT:qmt_etf_quant_20260812:518880:2024-03-12,SH.518880,BUY,100,100,4.87900000,4.882,488.200,5.000,FILLED,CLOSE
9dc441e96734a71f79770447afabe175,2024-03-12,2024-03-13,2024-03-13T15:00:00+08:00,QMT:qmt_etf_quant_20260812:510300:2024-03-13,SH.510300,BUY,200,200,3.56500000,3.567,713.400,5.000,FILLED,CLOSE
c699380e723c3ce70faed3869b1083e0,2024-03-13,2024-03-14,2024-03-14T15:00:00+08:00,QMT:qmt_etf_quant_20260812:510300:2024-03-14,SH.510300,SELL,125700,125700,3.55200000,3.550,446235.000,133.871,FILLED,CLOSE
0e412c6610ae9d3a0576f63f041f164b,2024-03-13,2024-03-14,2024-03-14T15:00:00+08:00,QMT:qmt_etf_quant_20260812:518880:2024-03-14,SH.518880,SELL,200,200,4.87700000,4.874,974.800,5.000,FILLED,CLOSE
15b9410a28f282fef5327625340f20fb,2024-03-13,2024-03-14,2024-03-14T15:00:00+08:00,QMT:qmt_etf_quant_20260812:588000:2024-03-14,SH.588000,BUY,531900,531900,0.84200000,0.843,448391.700,134.518,FILLED,CLOSE
7e8b468bfa312d7d5ff2135712a2ed68,2024-03-14,2024-03-15,2024-03-15T15:00:00+08:00,QMT:qmt_etf_quant_20260812:518880:2024-03-15,SH.518880,SELL,100,100,4.89900000,4.896,489.600,5.000,FILLED,CLOSE
77be78e5800fdc7e2835f6f521016e55,2024-03-14,2024-03-15,2024-03-15T15:00:00+08:00,QMT:qmt_etf_quant_20260812:588000:2024-03-15,SH.588000,SELL,1200,1200,0.84700000,0.846,1015.200,5.000,FILLED,CLOSE
e9f4acfdd2a72afdbe69472c4e1c2fe8,2024-03-15,2024-03-18,2024-03-18T15:00:00+08:00,QMT:qmt_etf_quant_20260812:588000:2024-03-18,SH.588000,SELL,7600,7600,0.86400000,0.863,6558.800,5.000,FILLED,CLOSE
bff356fe3b008a1947dcbecffb21024a,2024-03-15,2024-03-18,2024-03-18T15:00:00+08:00,QMT:qmt_etf_quant_20260812:518880:2024-03-18,SH.518880,BUY,1100,1100,4.86000000,4.863,5349.300,5.000,FILLED,CLOSE
7175352ac033aa932098a391992a4cb6,2024-03-18,2024-03-19,2024-03-19T15:00:00+08:00,QMT:qmt_etf_quant_20260812:518880:2024-03-19,SH.518880,SELL,600,600,4.87000000,4.867,2920.200,5.000,FILLED,CLOSE
76aaa05a0545e5dc0c12f5635fac511e,2024-03-18,2024-03-19,2024-03-19T15:00:00+08:00,QMT:qmt_etf_quant_20260812:588000:2024-03-19,SH.588000,BUY,4400,4400,0.85200000,0.853,3753.200,5.000,FILLED,CLOSE
2510b5aa1548b4902dff6ce1dc95c3b2,2024-03-19,2024-03-20,2024-03-20T15:00:00+08:00,QMT:qmt_etf_quant_20260812:588000:2024-03-20,SH.588000,SELL,100,100,0.85400000,0.853,85.300,5.000,FILLED,CLOSE
b292d0c62eb38ee1ca5750b13aa3c9db,2024-03-20,2024-03-21,2024-03-21T15:00:00+08:00,QMT:qmt_etf_quant_20260812:518880:2024-03-21,SH.518880,SELL,1300,1300,4.97800000,4.975,6467.500,5.000,FILLED,CLOSE
24f5808205fca11e04a3e50f55972b79,2024-03-20,2024-03-21,2024-03-21T15:00:00+08:00,QMT:qmt_etf_quant_20260812:588000:2024-03-21,SH.588000,BUY,7500,7500,0.84600000,0.847,6352.500,5.000,FILLED,CLOSE
8485421b8adaf4146edead1d143bee12,2024-03-21,2024-03-22,2024-03-22T15:00:00+08:00,QMT:qmt_etf_quant_20260812:518880:2024-03-22,SH.518880,SELL,400,400,4.94600000,4.943,1977.200,5.000,FILLED,CLOSE
b3d9e76124c0a824513368960c94f549,2024-03-21,2024-03-22,2024-03-22T15:00:00+08:00,QMT:qmt_etf_quant_20260812:588000:2024-03-22,SH.588000,BUY,3300,3300,0.83200000,0.833,2748.900,5.000,FILLED,CLOSE
1155045028b616b2ec4c869b941e0786,2024-03-22,2024-03-25,2024-03-25T15:00:00+08:00,QMT:qmt_etf_quant_20260812:518880:2024-03-25,SH.518880,SELL,700,700,4.95600000,4.953,3467.100,5.000,FILLED,CLOSE
123b4dd7bdd80bbc93394acc362b10ce,2024-03-22,2024-03-25,2024-03-25T15:00:00+08:00,QMT:qmt_etf_quant_20260812:588000:2024-03-25,SH.588000,BUY,4800,4800,0.82000000,0.821,3940.800,5.000,FILLED,CLOSE
5713704c71b107b8cd95e9fab0158e78,2024-03-25,2024-03-26,2024-03-26T15:00:00+08:00,QMT:qmt_etf_quant_20260812:518880:2024-03-26,SH.518880,SELL,600,600,4.96600000,4.963,2977.800,5.000,FILLED,CLOSE
0aa6e73b97af7544d13b6ca2551b4247,2024-03-25,2024-03-26,2024-03-26T15:00:00+08:00,QMT:qmt_etf_quant_20260812:588000:2024-03-26,SH.588000,BUY,4200,4200,0.81000000,0.811,3406.200,5.000,FILLED,CLOSE
f0ae2ce816c4f79b87ec353da8d0c75d,2024-03-26,2024-03-27,2024-03-27T15:00:00+08:00,QMT:qmt_etf_quant_20260812:518880:2024-03-27,SH.518880,SELL,1300,1300,4.99000000,4.987,6483.100,5.000,FILLED,CLOSE
2ce4f41c2b3e8a477d78bc14b1825a1b,2024-03-26,2024-03-27,2024-03-27T15:00:00+08:00,QMT:qmt_etf_quant_20260812:588000:2024-03-27,SH.588000,BUY,9300,9300,0.78900000,0.790,7347.000,5.000,FILLED,CLOSE
8813f2ff9e0ffc27de40eca7ec9c22cf,2024-03-27,2024-03-28,2024-03-28T15:00:00+08:00,QMT:qmt_etf_quant_20260812:588000:2024-03-28,SH.588000,SELL,1900,1900,0.79900000,0.798,1516.200,5.000,FILLED,CLOSE
133663e3fdffc98054ff015742b79821,2024-03-27,2024-03-28,2024-03-28T15:00:00+08:00,QMT:qmt_etf_quant_20260812:518880:2024-03-28,SH.518880,BUY,100,100,5.02900000,5.032,503.200,5.000,FILLED,CLOSE
3676b0d2558808723c3cad2c6814445d,2024-03-28,2024-03-29,2024-03-29T15:00:00+08:00,QMT:qmt_etf_quant_20260812:518880:2024-03-29,SH.518880,SELL,800,800,5.12600000,5.123,4098.400,5.000,FILLED,CLOSE
19e87e70393118ca3cd54c9a843150c2,2024-03-28,2024-03-29,2024-03-29T15:00:00+08:00,QMT:qmt_etf_quant_20260812:588000:2024-03-29,SH.588000,BUY,4400,4400,0.80000000,0.801,3524.400,5.000,FILLED,CLOSE
32e2046f435113e34a804d272bf020aa,2024-03-29,2024-04-01,2024-04-01T15:00:00+08:00,QMT:qmt_etf_quant_20260812:588000:2024-04-01,SH.588000,SELL,3500,3500,0.81300000,0.812,2842.000,5.000,FILLED,CLOSE
aa261d414e4ccd7870fe340261f36135,2024-03-29,2024-04-01,2024-04-01T15:00:00+08:00,QMT:qmt_etf_quant_20260812:518880:2024-04-01,SH.518880,BUY,300,300,5.15500000,5.158,1547.400,5.000,FILLED,CLOSE
84f2d984d9027caed574a1f9bdcf04b9,2024-04-01,2024-04-02,2024-04-02T15:00:00+08:00,QMT:qmt_etf_quant_20260812:518880:2024-04-02,SH.518880,SELL,300,300,5.15900000,5.156,1546.800,5.000,FILLED,CLOSE
cf6254592568a2aaffb47a50c340b4d5,2024-04-01,2024-04-02,2024-04-02T15:00:00+08:00,QMT:qmt_etf_quant_20260812:588000:2024-04-02,SH.588000,BUY,2800,2800,0.80600000,0.807,2259.600,5.000,FILLED,CLOSE
d66acead6bda0af4fba53c14b048d182,2024-04-02,2024-04-03,2024-04-03T15:00:00+08:00,QMT:qmt_etf_quant_20260812:518880:2024-04-03,SH.518880,SELL,1300,1300,5.23100000,5.228,6796.400,5.000,FILLED,CLOSE
5689f7dc457e4a40d1bf9d8025181264,2024-04-02,2024-04-03,2024-04-03T15:00:00+08:00,QMT:qmt_etf_quant_20260812:588000:2024-04-03,SH.588000,BUY,8200,8200,0.79400000,0.795,6519.000,5.000,FILLED,CLOSE
a506e141b2421428ccb85e307da1f588,2024-04-03,2024-04-08,2024-04-08T15:00:00+08:00,QMT:qmt_etf_quant_20260812:518880:2024-04-08,SH.518880,SELL,1800,1800,5.35400000,5.351,9631.800,5.000,FILLED,CLOSE
2af257dd16b877180a770f299192aad2,2024-04-03,2024-04-08,2024-04-08T15:00:00+08:00,QMT:qmt_etf_quant_20260812:588000:2024-04-08,SH.588000,BUY,12500,12500,0.77800000,0.779,9737.500,5.000,FILLED,CLOSE
7dc20a9bf51d45f4e2416e8528079fbc,2024-04-08,2024-04-09,2024-04-09T15:00:00+08:00,QMT:qmt_etf_quant_20260812:588000:2024-04-09,SH.588000,SELL,2000,2000,0.78500000,0.784,1568.000,5.000,FILLED,CLOSE
f22aa18fc79307e43c049f7b7c011227,2024-04-08,2024-04-09,2024-04-09T15:00:00+08:00,QMT:qmt_etf_quant_20260812:518880:2024-04-09,SH.518880,BUY,100,100,5.36900000,5.372,537.200,5.000,FILLED,CLOSE
fe33f9902c8a7d0f5baf341e9555d28c,2024-04-09,2024-04-10,2024-04-10T15:00:00+08:00,QMT:qmt_etf_quant_20260812:518880:2024-04-10,SH.518880,SELL,600,600,5.38800000,5.385,3231.000,5.000,FILLED,CLOSE
62a57da57d9a1f97842376385c407399,2024-04-09,2024-04-10,2024-04-10T15:00:00+08:00,QMT:qmt_etf_quant_20260812:588000:2024-04-10,SH.588000,BUY,5700,5700,0.77300000,0.774,4411.800,5.000,FILLED,CLOSE
fc4d43b54cd575665b0ddf42d60a1d1f,2024-04-10,2024-04-11,2024-04-11T15:00:00+08:00,QMT:qmt_etf_quant_20260812:588000:2024-04-11,SH.588000,SELL,2200,2200,0.77400000,0.773,1700.600,5.000,FILLED,CLOSE
c12bd6a3090788fd12f7948449fab19c,2024-04-10,2024-04-11,2024-04-11T15:00:00+08:00,QMT:qmt_etf_quant_20260812:518880:2024-04-11,SH.518880,BUY,200,200,5.34800000,5.351,1070.200,5.000,FILLED,CLOSE
069d52b8ebf5960a1e58b8256495790f,2024-04-11,2024-04-12,2024-04-12T15:00:00+08:00,QMT:qmt_etf_quant_20260812:518880:2024-04-12,SH.518880,SELL,1200,1200,5.50400000,5.501,6601.200,5.000,FILLED,CLOSE
19203f52395600a36bf56a14aef4a4d1,2024-04-11,2024-04-12,2024-04-12T15:00:00+08:00,QMT:qmt_etf_quant_20260812:588000:2024-04-12,SH.588000,BUY,7900,7900,0.77300000,0.774,6114.600,5.000,FILLED,CLOSE
bb3b14fbd2063adc058907a948f48ef2,2024-04-12,2024-04-15,2024-04-15T15:00:00+08:00,QMT:qmt_etf_quant_20260812:588000:2024-04-15,SH.588000,SELL,9000,9000,0.78500000,0.784,7056.000,5.000,FILLED,CLOSE
458b0e8decf2fd9d75f4b3229cf32435,2024-04-12,2024-04-15,2024-04-15T15:00:00+08:00,QMT:qmt_etf_quant_20260812:518880:2024-04-15,SH.518880,BUY,1200,1200,5.41700000,5.420,6504.000,5.000,FILLED,CLOSE
ea08f6842fd3b8250bd56ee63acdb44f,2024-04-15,2024-04-16,2024-04-16T15:00:00+08:00,QMT:qmt_etf_quant_20260812:518880:2024-04-16,SH.518880,SELL,1000,1000,5.45200000,5.449,5449.000,5.000,FILLED,CLOSE
9472ebd6d72f4a7dff1180cbbe36a2c2,2024-04-15,2024-04-16,2024-04-16T15:00:00+08:00,QMT:qmt_etf_quant_20260812:588000:2024-04-16,SH.588000,BUY,8600,8600,0.76800000,0.769,6613.400,5.000,FILLED,CLOSE
253104fd6e39f8b6a8b18c3539dbff65,2024-04-16,2024-04-17,2024-04-17T15:00:00+08:00,QMT:qmt_etf_quant_20260812:518880:2024-04-17,SH.518880,SELL,82900,82900,5.46100000,5.458,452468.200,135.740,FILLED,CLOSE
7f31cf010d5c3c63fc16a738e5e5d0fd,2024-04-16,2024-04-17,2024-04-17T15:00:00+08:00,QMT:qmt_etf_quant_20260812:588000:2024-04-17,SH.588000,SELL,6400,6400,0.78500000,0.784,5017.600,5.000,FILLED,CLOSE
2af880b397991673701e83c14fc20c2b,2024-04-16,2024-04-17,2024-04-17T15:00:00+08:00,QMT:qmt_etf_quant_20260812:510300:2024-04-17,SH.510300,BUY,128400,128400,3.55300000,3.555,456462.000,136.939,FILLED,CLOSE
f5bebf59244689cd6de902190c0cdb96,2024-04-17,2024-04-18,2024-04-18T15:00:00+08:00,QMT:qmt_etf_quant_20260812:510300:2024-04-18,SH.510300,SELL,128400,128400,3.55900000,3.557,456718.800,137.016,FILLED,CLOSE
67e56d4723928eeefebb8ad8a448557e,2024-04-17,2024-04-18,2024-04-18T15:00:00+08:00,QMT:qmt_etf_quant_20260812:518880:2024-04-18,SH.518880,BUY,83600,83600,5.44500000,5.448,455452.800,136.636,FILLED,CLOSE
e96b02fe6afd5a1a58c7d2b40b196ac4,2024-04-17,2024-04-18,2024-04-18T15:00:00+08:00,QMT:qmt_etf_quant_20260812:588000:2024-04-18,SH.588000,BUY,1500,1500,0.78100000,0.782,1173.000,5.000,FILLED,CLOSE
3b8c72935847e8a49c096b0c1a0318b3,2024-04-18,2024-04-19,2024-04-19T15:00:00+08:00,QMT:qmt_etf_quant_20260812:518880:2024-04-19,SH.518880,SELL,1000,1000,5.47100000,5.468,5468.000,5.000,FILLED,CLOSE
69efab068e17d16b44c2e68f71ca74b5,2024-04-18,2024-04-19,2024-04-19T15:00:00+08:00,QMT:qmt_etf_quant_20260812:588000:2024-04-19,SH.588000,BUY,7500,7500,0.76500000,0.766,5745.000,5.000,FILLED,CLOSE
67576c4751bcb3f9bc1e6f4b34c36540,2024-04-19,2024-04-22,2024-04-22T15:00:00+08:00,QMT:qmt_etf_quant_20260812:588000:2024-04-22,SH.588000,SELL,5500,5500,0.76600000,0.765,4207.500,5.000,FILLED,CLOSE
5a8e4a99d3d7a8a4472f070e50d320bf,2024-04-19,2024-04-22,2024-04-22T15:00:00+08:00,QMT:qmt_etf_quant_20260812:518880:2024-04-22,SH.518880,BUY,900,900,5.36400000,5.367,4830.300,5.000,FILLED,CLOSE
1c5f784902a203bf8841a6f64a16ce22,2024-04-22,2024-04-23,2024-04-23T15:00:00+08:00,QMT:qmt_etf_quant_20260812:588000:2024-04-23,SH.588000,SELL,5200,5200,0.76300000,0.762,3962.400,5.000,FILLED,CLOSE
18fe9a5e27e4f05a0c28f5f98ef5a0a1,2024-04-22,2024-04-23,2024-04-23T15:00:00+08:00,QMT:qmt_etf_quant_20260812:518880:2024-04-23,SH.518880,BUY,1000,1000,5.23200000,5.235,5235.000,5.000,FILLED,CLOSE
3664e9f85839d851b2b9ec13f681cd9e,2024-04-23,2024-04-24,2024-04-24T15:00:00+08:00,QMT:qmt_etf_quant_20260812:588000:2024-04-24,SH.588000,SELL,1500,1500,0.77300000,0.772,1158.000,5.000,FILLED,CLOSE
e3ab8409fae9fd40584f35a4f0c2e802,2024-04-24,2024-04-25,2024-04-25T15:00:00+08:00,QMT:qmt_etf_quant_20260812:518880:2024-04-25,SH.518880,SELL,100,100,5.28800000,5.285,528.500,5.000,FILLED,CLOSE
c50acfe616645428f8523a32f7101edc,2024-04-24,2024-04-25,2024-04-25T15:00:00+08:00,QMT:qmt_etf_quant_20260812:588000:2024-04-25,SH.588000,BUY,2000,2000,0.76800000,0.769,1538.000,5.000,FILLED,CLOSE
9913fe805fc78a09c7184e51e20dd8b3,2024-04-25,2024-04-26,2024-04-26T15:00:00+08:00,QMT:qmt_etf_quant_20260812:588000:2024-04-26,SH.588000,SELL,5600,5600,0.78700000,0.786,4401.600,5.000,FILLED,CLOSE
6649e8afbe02b5557d3b94bf60ea4a99,2024-04-25,2024-04-26,2024-04-26T15:00:00+08:00,QMT:qmt_etf_quant_20260812:518880:2024-04-26,SH.518880,BUY,400,400,5.32900000,5.332,2132.800,5.000,FILLED,CLOSE
b56af442fd8c9b9393d18ba4691a3642,2024-04-26,2024-04-29,2024-04-29T15:00:00+08:00,QMT:qmt_etf_quant_20260812:588000:2024-04-29,SH.588000,SELL,11400,11400,0.81200000,0.811,9245.400,5.000,FILLED,CLOSE
673b13b4b5dbeaa0e7fa4595691a85cd,2024-04-26,2024-04-29,2024-04-29T15:00:00+08:00,QMT:qmt_etf_quant_20260812:518880:2024-04-29,SH.518880,BUY,1600,1600,5.29400000,5.297,8475.200,5.000,FILLED,CLOSE
57537ed4d0c9134ab4f48905c2554b96,2024-04-29,2024-04-30,2024-04-30T15:00:00+08:00,QMT:qmt_etf_quant_20260812:518880:2024-04-30,SH.518880,SELL,300,300,5.28600000,5.283,1584.900,5.000,FILLED,CLOSE
9da59cc4f26002b7460a360e1aa19b53,2024-04-29,2024-04-30,2024-04-30T15:00:00+08:00,QMT:qmt_etf_quant_20260812:588000:2024-04-30,SH.588000,BUY,2600,2600,0.80400000,0.805,2093.000,5.000,FILLED,CLOSE
9dfd2439b47f0a65438ec1ff874b43f6,2024-04-30,2024-05-06,2024-05-06T15:00:00+08:00,QMT:qmt_etf_quant_20260812:588000:2024-05-06,SH.588000,SELL,4900,4900,0.81300000,0.812,3978.800,5.000,FILLED,CLOSE
c73c1a2841c0651a656526fa43ccc003,2024-04-30,2024-05-06,2024-05-06T15:00:00+08:00,QMT:qmt_etf_quant_20260812:518880:2024-05-06,SH.518880,BUY,700,700,5.25400000,5.257,3679.900,5.000,FILLED,CLOSE
f2601bfe24887dbfbe2c78b465c3faf3,2024-05-06,2024-05-07,2024-05-07T15:00:00+08:00,QMT:qmt_etf_quant_20260812:518880:2024-05-07,SH.518880,SELL,400,400,5.26800000,5.265,2106.000,5.000,FILLED,CLOSE
15a1b226807ff3be7135f71e06e426bf,2024-05-06,2024-05-07,2024-05-07T15:00:00+08:00,QMT:qmt_etf_quant_20260812:588000:2024-05-07,SH.588000,BUY,3200,3200,0.80600000,0.807,2582.400,5.000,FILLED,CLOSE
abb45a88d8b1e65f9a903a27fe84965d,2024-05-07,2024-05-08,2024-05-08T15:00:00+08:00,QMT:qmt_etf_quant_20260812:518880:2024-05-08,SH.518880,SELL,400,400,5.26100000,5.258,2103.200,5.000,FILLED,CLOSE
f3f384ae99f51d7ab1932d4441b8e5a1,2024-05-07,2024-05-08,2024-05-08T15:00:00+08:00,QMT:qmt_etf_quant_20260812:588000:2024-05-08,SH.588000,BUY,3200,3200,0.79700000,0.798,2553.600,5.000,FILLED,CLOSE
c742b8db29b56f8d95e624b65b39a179,2024-05-08,2024-05-09,2024-05-09T15:00:00+08:00,QMT:qmt_etf_quant_20260812:588000:2024-05-09,SH.588000,SELL,7300,7300,0.81500000,0.814,5942.200,5.000,FILLED,CLOSE
94f2eb31019ba66eead282a99f1213a9,2024-05-08,2024-05-09,2024-05-09T15:00:00+08:00,QMT:qmt_etf_quant_20260812:518880:2024-05-09,SH.518880,BUY,900,900,5.25000000,5.253,4727.700,5.000,FILLED,CLOSE
4de9ce272228e5ca99bf06eb2ea59e97,2024-05-09,2024-05-10,2024-05-10T15:00:00+08:00,QMT:qmt_etf_quant_20260812:518880:2024-05-10,SH.518880,SELL,1500,1500,5.36900000,5.366,8049.000,5.000,FILLED,CLOSE
06fc2e594db37d4dfc392d235781fc77,2024-05-09,2024-05-10,2024-05-10T15:00:00+08:00,QMT:qmt_etf_quant_20260812:588000:2024-05-10,SH.588000,BUY,9900,9900,0.80400000,0.805,7969.500,5.000,FILLED,CLOSE
8e73bda84cec944e7a83b1b5dfa1bed4,2024-05-10,2024-05-13,2024-05-13T15:00:00+08:00,QMT:qmt_etf_quant_20260812:588000:2024-05-13,SH.588000,BUY,800,800,0.79800000,0.799,639.200,5.000,FILLED,CLOSE
19886af5ae73053787a7f0334f9f2de7,2024-05-13,2024-05-14,2024-05-14T15:00:00+08:00,QMT:qmt_etf_quant_20260812:588000:2024-05-14,SH.588000,BUY,400,400,0.79600000,0.797,318.800,5.000,FILLED,CLOSE
ce9624bb2e622f96543f1b87c6bad2d8,2024-05-14,2024-05-15,2024-05-15T15:00:00+08:00,QMT:qmt_etf_quant_20260812:518880:2024-05-15,SH.518880,SELL,900,900,5.37000000,5.367,4830.300,5.000,FILLED,CLOSE
65166898ff99ceb79667150a81674264,2024-05-14,2024-05-15,2024-05-15T15:00:00+08:00,QMT:qmt_etf_quant_20260812:588000:2024-05-15,SH.588000,BUY,6800,6800,0.78400000,0.785,5338.000,5.000,FILLED,CLOSE
ec7b5559c63ad1b2a73ef880e0396506,2024-05-15,2024-05-16,2024-05-16T15:00:00+08:00,QMT:qmt_etf_quant_20260812:518880:2024-05-16,SH.518880,SELL,600,600,5.41700000,5.414,3248.400,5.000,FILLED,CLOSE
9501a66a3b00ab6dd7e02864c8c4cf0d,2024-05-15,2024-05-16,2024-05-16T15:00:00+08:00,QMT:qmt_etf_quant_20260812:588000:2024-05-16,SH.588000,BUY,3500,3500,0.78100000,0.782,2737.000,5.000,FILLED,CLOSE
c9eb62304ce1debf52db5a61e0cceac0,2024-05-16,2024-05-17,2024-05-17T15:00:00+08:00,QMT:qmt_etf_quant_20260812:588000:2024-05-17,SH.588000,SELL,3600,3600,0.79000000,0.789,2840.400,5.000,FILLED,CLOSE
f31f30209bcbf68c56ad73be37899b82,2024-05-16,2024-05-17,2024-05-17T15:00:00+08:00,QMT:qmt_etf_quant_20260812:518880:2024-05-17,SH.518880,BUY,300,300,5.41600000,5.419,1625.700,5.000,FILLED,CLOSE
1e86c50c28ddef7bb170c756cfb5a687,2024-05-17,2024-05-20,2024-05-20T15:00:00+08:00,QMT:qmt_etf_quant_20260812:518880:2024-05-20,SH.518880,SELL,1000,1000,5.55000000,5.547,5547.000,5.000,FILLED,CLOSE
cc08874b7f60054a5943f5926bdd215b,2024-05-17,2024-05-20,2024-05-20T15:00:00+08:00,QMT:qmt_etf_quant_20260812:588000:2024-05-20,SH.588000,BUY,6700,6700,0.78900000,0.790,5293.000,5.000,FILLED,CLOSE
cbade4a5aaf15ab8148251255aff1ac6,2024-05-20,2024-05-21,2024-05-21T15:00:00+08:00,QMT:qmt_etf_quant_20260812:588000:2024-05-21,SH.588000,SELL,700,700,0.78300000,0.782,547.400,5.000,FILLED,CLOSE
f21aac995398015df685faafea60d8b0,2024-05-20,2024-05-21,2024-05-21T15:00:00+08:00,QMT:qmt_etf_quant_20260812:518880:2024-05-21,SH.518880,BUY,200,200,5.48100000,5.484,1096.800,5.000,FILLED,CLOSE
cf3dcd8cc357a2072b3c786b160474c9,2024-05-21,2024-05-22,2024-05-22T15:00:00+08:00,QMT:qmt_etf_quant_20260812:588000:2024-05-22,SH.588000,SELL,2000,2000,0.78900000,0.788,1576.000,5.000,FILLED,CLOSE
e6cb6afd04914a49cbdd84c087106f66,2024-05-21,2024-05-22,2024-05-22T15:00:00+08:00,QMT:qmt_etf_quant_20260812:518880:2024-05-22,SH.518880,BUY,200,200,5.49200000,5.495,1099.000,5.000,FILLED,CLOSE
70008dc6887af3333ad7fb4b1ce8838e,2024-05-22,2024-05-23,2024-05-23T15:00:00+08:00,QMT:qmt_etf_quant_20260812:588000:2024-05-23,SH.588000,SELL,1100,1100,0.77700000,0.776,853.600,5.000,FILLED,CLOSE
592c45e12541c1bda9f4e9ff658d231e,2024-05-22,2024-05-23,2024-05-23T15:00:00+08:00,QMT:qmt_etf_quant_20260812:518880:2024-05-23,SH.518880,BUY,500,500,5.36600000,5.369,2684.500,5.000,FILLED,CLOSE
f1973f2b10ad9daa4e6b216d2008e8c2,2024-05-23,2024-05-24,2024-05-24T15:00:00+08:00,QMT:qmt_etf_quant_20260812:518880:2024-05-24,SH.518880,SELL,300,300,5.31900000,5.316,1594.800,5.000,FILLED,CLOSE
1598f295dea9754d5d9fe6a755f08577,2024-05-23,2024-05-24,2024-05-24T15:00:00+08:00,QMT:qmt_etf_quant_20260812:588000:2024-05-24,SH.588000,BUY,4200,4200,0.76100000,0.762,3200.400,5.000,FILLED,CLOSE
d6d816f69c51703ccce0aee06ba34ec2,2024-05-24,2024-05-27,2024-05-27T15:00:00+08:00,QMT:qmt_etf_quant_20260812:588000:2024-05-27,SH.588000,SELL,3500,3500,0.77200000,0.771,2698.500,5.000,FILLED,CLOSE
02906ec20970e07c07bcc610a59cf4b9,2024-05-24,2024-05-27,2024-05-27T15:00:00+08:00,QMT:qmt_etf_quant_20260812:518880:2024-05-27,SH.518880,BUY,300,300,5.33800000,5.341,1602.300,5.000,FILLED,CLOSE
d99a69b035f8f2464d7c6beeeec2256c,2024-05-27,2024-05-28,2024-05-28T15:00:00+08:00,QMT:qmt_etf_quant_20260812:518880:2024-05-28,SH.518880,SELL,100,100,5.33400000,5.331,533.100,5.000,FILLED,CLOSE
04345886fd77d98cbda1401dd2654cdb,2024-05-27,2024-05-28,2024-05-28T15:00:00+08:00,QMT:qmt_etf_quant_20260812:588000:2024-05-28,SH.588000,BUY,900,900,0.76900000,0.770,693.000,5.000,FILLED,CLOSE
09c33f4d00ce64adb9096400dbe47deb,2024-05-28,2024-05-29,2024-05-29T15:00:00+08:00,QMT:qmt_etf_quant_20260812:518880:2024-05-29,SH.518880,SELL,300,300,5.37000000,5.367,1610.100,5.000,FILLED,CLOSE
fb945e50fe7febdd6e55e149f5f31a15,2024-05-28,2024-05-29,2024-05-29T15:00:00+08:00,QMT:qmt_etf_quant_20260812:588000:2024-05-29,SH.588000,BUY,1800,1800,0.76900000,0.770,1386.000,5.000,FILLED,CLOSE
97310c6524c67fcee02972640ccebfce,2024-05-29,2024-05-30,2024-05-30T15:00:00+08:00,QMT:qmt_etf_quant_20260812:588000:2024-05-30,SH.588000,SELL,5800,5800,0.77700000,0.776,4500.800,5.000,FILLED,CLOSE
ea85008f592973cf05ba91f4d9d12b3c,2024-05-29,2024-05-30,2024-05-30T15:00:00+08:00,QMT:qmt_etf_quant_20260812:518880:2024-05-30,SH.518880,BUY,800,800,5.31700000,5.320,4256.000,5.000,FILLED,CLOSE
2643fe43124010a7c7306d056dac7bc9,2024-05-30,2024-05-31,2024-05-31T15:00:00+08:00,QMT:qmt_etf_quant_20260812:518880:2024-05-31,SH.518880,SELL,100,100,5.34300000,5.340,534.000,5.000,FILLED,CLOSE
a3b789993dd0e21179208b9e119bc4df,2024-05-30,2024-05-31,2024-05-31T15:00:00+08:00,QMT:qmt_etf_quant_20260812:588000:2024-05-31,SH.588000,BUY,700,700,0.77800000,0.779,545.300,5.000,FILLED,CLOSE
cf89683c2a10875d15915106450a9aab,2024-05-31,2024-06-03,2024-06-03T15:00:00+08:00,QMT:qmt_etf_quant_20260812:588000:2024-06-03,SH.588000,SELL,5000,5000,0.78500000,0.784,3920.000,5.000,FILLED,CLOSE
939b9ab2ee1412e8a2c1fd4b17658e1a,2024-05-31,2024-06-03,2024-06-03T15:00:00+08:00,QMT:qmt_etf_quant_20260812:518880:2024-06-03,SH.518880,BUY,700,700,5.29600000,5.299,3709.300,5.000,FILLED,CLOSE
63387cf29689845d8295c8963c4641a8,2024-06-03,2024-06-04,2024-06-04T15:00:00+08:00,QMT:qmt_etf_quant_20260812:518880:2024-06-04,SH.518880,SELL,200,200,5.34600000,5.343,1068.600,5.000,FILLED,CLOSE
9cef94dfc93bf65b4a4ea3fa5d494abb,2024-06-03,2024-06-04,2024-06-04T15:00:00+08:00,QMT:qmt_etf_quant_20260812:588000:2024-06-04,SH.588000,BUY,700,700,0.78900000,0.790,553.000,5.000,FILLED,CLOSE
f3db8245e083f636178564c6bf1c1989,2024-06-04,2024-06-05,2024-06-05T15:00:00+08:00,QMT:qmt_etf_quant_20260812:588000:2024-06-05,SH.588000,SELL,500,500,0.78800000,0.787,393.500,5.000,FILLED,CLOSE
bb8d4092909fd37cab808a3ae0040683,2024-06-04,2024-06-05,2024-06-05T15:00:00+08:00,QMT:qmt_etf_quant_20260812:518880:2024-06-05,SH.518880,BUY,100,100,5.32400000,5.327,532.700,5.000,FILLED,CLOSE
1938ed5c2c2bad6140ec3d933fdf7584,2024-06-05,2024-06-06,2024-06-06T15:00:00+08:00,QMT:qmt_etf_quant_20260812:518880:2024-06-06,SH.518880,SELL,1000,1000,5.39800000,5.395,5395.000,5.000,FILLED,CLOSE
97862ae010ffe8e0ab5ce4e875f5a91b,2024-06-05,2024-06-06,2024-06-06T15:00:00+08:00,QMT:qmt_etf_quant_20260812:588000:2024-06-06,SH.588000,BUY,7100,7100,0.77900000,0.780,5538.000,5.000,FILLED,CLOSE
56a997b5fa2b78c99ed9d54ce7d70c00,2024-06-06,2024-06-07,2024-06-07T15:00:00+08:00,QMT:qmt_etf_quant_20260812:518880:2024-06-07,SH.518880,SELL,200,200,5.39900000,5.396,1079.200,5.000,FILLED,CLOSE
026ad1b8b9294da348aa69fff0fab18b,2024-06-06,2024-06-07,2024-06-07T15:00:00+08:00,QMT:qmt_etf_quant_20260812:588000:2024-06-07,SH.588000,BUY,1700,1700,0.77500000,0.776,1319.200,5.000,FILLED,CLOSE
7c2c45b0d43ae6b79bf9deed4422d66d,2024-06-07,2024-06-11,2024-06-11T15:00:00+08:00,QMT:qmt_etf_quant_20260812:588000:2024-06-11,SH.588000,SELL,15200,15200,0.79400000,0.793,12053.600,5.000,FILLED,CLOSE
13d95a608c26788eda951e94a6c044b8,2024-06-07,2024-06-11,2024-06-11T15:00:00+08:00,QMT:qmt_etf_quant_20260812:518880:2024-06-11,SH.518880,BUY,2300,2300,5.23700000,5.240,12052.000,5.000,FILLED,CLOSE
6b7581c9ff70265458976f949e4745fd,2024-06-11,2024-06-12,2024-06-12T15:00:00+08:00,QMT:qmt_etf_quant_20260812:518880:2024-06-12,SH.518880,SELL,300,300,5.26700000,5.264,1579.200,5.000,FILLED,CLOSE
40e22c8fc2af2cf5c23a9df2382d3ceb,2024-06-11,2024-06-12,2024-06-12T15:00:00+08:00,QMT:qmt_etf_quant_20260812:588000:2024-06-12,SH.588000,BUY,1700,1700,0.79300000,0.794,1349.800,5.000,FILLED,CLOSE
1ba68143fbaf67dffcff03c85481a647,2024-06-12,2024-06-13,2024-06-13T15:00:00+08:00,QMT:qmt_etf_quant_20260812:588000:2024-06-13,SH.588000,SELL,1000,1000,0.79600000,0.795,795.000,5.000,FILLED,CLOSE
6c5d20b7e36ed6481af3d519665ece66,2024-06-12,2024-06-13,2024-06-13T15:00:00+08:00,QMT:qmt_etf_quant_20260812:518880:2024-06-13,SH.518880,BUY,100,100,5.26900000,5.272,527.200,5.000,FILLED,CLOSE
1f30fd60483b949aa58a8408f423b61a,2024-06-13,2024-06-14,2024-06-14T15:00:00+08:00,QMT:qmt_etf_quant_20260812:518880:2024-06-14,SH.518880,SELL,200,200,5.27100000,5.268,1053.600,5.000,FILLED,CLOSE
8e19d35151678c611f570f38ba751ecf,2024-06-13,2024-06-14,2024-06-14T15:00:00+08:00,QMT:qmt_etf_quant_20260812:588000:2024-06-14,SH.588000,BUY,2000,2000,0.79100000,0.792,1584.000,5.000,FILLED,CLOSE
28a6f844e309ccba15847dee7a5285fa,2024-06-14,2024-06-17,2024-06-17T15:00:00+08:00,QMT:qmt_etf_quant_20260812:588000:2024-06-17,SH.588000,SELL,700,700,0.79400000,0.793,555.100,5.000,FILLED,CLOSE
3556d379ed0ce2281b4241f47372641e,2024-06-17,2024-06-18,2024-06-18T15:00:00+08:00,QMT:qmt_etf_quant_20260812:588000:2024-06-18,SH.588000,BUY,100,100,0.79400000,0.795,79.500,5.000,FILLED,CLOSE
8eb8d8823bde9531d0200adacf1292c2,2024-06-18,2024-06-19,2024-06-19T15:00:00+08:00,QMT:qmt_etf_quant_20260812:518880:2024-06-19,SH.518880,SELL,500,500,5.30500000,5.302,2651.000,5.000,FILLED,CLOSE
293240a8b2af9b70899d4525f0910a1e,2024-06-18,2024-06-19,2024-06-19T15:00:00+08:00,QMT:qmt_etf_quant_20260812:588000:2024-06-19,SH.588000,BUY,3800,3800,0.78700000,0.788,2994.400,5.000,FILLED,CLOSE
cc5e1034a21ad9128e02965303c394f1,2024-06-19,2024-06-20,2024-06-20T15:00:00+08:00,QMT:qmt_etf_quant_20260812:518880:2024-06-20,SH.518880,SELL,200,200,5.35100000,5.348,1069.600,5.000,FILLED,CLOSE
3a815679359f3b975dd6c3baada34b18,2024-06-19,2024-06-20,2024-06-20T15:00:00+08:00,QMT:qmt_etf_quant_20260812:588000:2024-06-20,SH.588000,BUY,600,600,0.79100000,0.792,475.200,5.000,FILLED,CLOSE
a47ff0298b546f8f501bfa5075394679,2024-06-20,2024-06-21,2024-06-21T15:00:00+08:00,QMT:qmt_etf_quant_20260812:588000:2024-06-21,SH.588000,SELL,300,300,0.79500000,0.794,238.200,5.000,FILLED,CLOSE
17b8c2409b1757fa7fd9e999f8ac528a,2024-06-21,2024-06-24,2024-06-24T15:00:00+08:00,QMT:qmt_etf_quant_20260812:518880:2024-06-24,SH.518880,SELL,300,300,5.29000000,5.287,1586.100,5.000,FILLED,CLOSE
c3bcfc452c9856e02434215feb65a30b,2024-06-21,2024-06-24,2024-06-24T15:00:00+08:00,QMT:qmt_etf_quant_20260812:588000:2024-06-24,SH.588000,BUY,4300,4300,0.77400000,0.775,3332.500,5.000,FILLED,CLOSE
0c852cbe9bdf501611a36345db1cde01,2024-06-24,2024-06-25,2024-06-25T15:00:00+08:00,QMT:qmt_etf_quant_20260812:518880:2024-06-25,SH.518880,SELL,1200,1200,5.30200000,5.299,6358.800,5.000,FILLED,CLOSE
1342f9714a78cdced30b365699257387,2024-06-24,2024-06-25,2024-06-25T15:00:00+08:00,QMT:qmt_etf_quant_20260812:588000:2024-06-25,SH.588000,BUY,10300,10300,0.75100000,0.752,7745.600,5.000,FILLED,CLOSE
5f170371f832f4d722d63f91ce572753,2024-06-25,2024-06-26,2024-06-26T15:00:00+08:00,QMT:qmt_etf_quant_20260812:588000:2024-06-26,SH.588000,SELL,6900,6900,0.76400000,0.763,5264.700,5.000,FILLED,CLOSE
f78af391956648939a12570279576ca4,2024-06-25,2024-06-26,2024-06-26T15:00:00+08:00,QMT:qmt_etf_quant_20260812:518880:2024-06-26,SH.518880,BUY,800,800,5.27100000,5.274,4219.200,5.000,FILLED,CLOSE
2f242f6de7e6f1b4a92ce7e0c02131e8,2024-06-26,2024-06-27,2024-06-27T15:00:00+08:00,QMT:qmt_etf_quant_20260812:518880:2024-06-27,SH.518880,SELL,400,400,5.24200000,5.239,2095.600,5.000,FILLED,CLOSE
f5369daa2a0aeacb839712508d0f74fb,2024-06-26,2024-06-27,2024-06-27T15:00:00+08:00,QMT:qmt_etf_quant_20260812:588000:2024-06-27,SH.588000,BUY,4400,4400,0.75000000,0.751,3304.400,5.000,FILLED,CLOSE
773bfe8017278c50d0c3a2a878a9dd0e,2024-06-27,2024-06-28,2024-06-28T15:00:00+08:00,QMT:qmt_etf_quant_20260812:518880:2024-06-28,SH.518880,SELL,700,700,5.29700000,5.294,3705.800,5.000,FILLED,CLOSE
f8c08297afb9c4f042668169bab15a18,2024-06-27,2024-06-28,2024-06-28T15:00:00+08:00,QMT:qmt_etf_quant_20260812:588000:2024-06-28,SH.588000,BUY,4900,4900,0.74500000,0.746,3655.400,5.000,FILLED,CLOSE
ee4f062a30baac8eb0a82afd0688ec52,2024-06-28,2024-07-01,2024-07-01T15:00:00+08:00,QMT:qmt_etf_quant_20260812:518880:2024-07-01,SH.518880,SELL,100,100,5.29900000,5.296,529.600,5.000,FILLED,CLOSE
59b2f98819ee9624680696085edccb9e,2024-06-28,2024-07-01,2024-07-01T15:00:00+08:00,QMT:qmt_etf_quant_20260812:588000:2024-07-01,SH.588000,BUY,1000,1000,0.74300000,0.744,744.000,5.000,FILLED,CLOSE
a8481560893d66f166021b96fc559ae1,2024-07-01,2024-07-02,2024-07-02T15:00:00+08:00,QMT:qmt_etf_quant_20260812:518880:2024-07-02,SH.518880,SELL,600,600,5.30600000,5.303,3181.800,5.000,FILLED,CLOSE
575bce5f111d83c6e83ef5e938cca73f,2024-07-01,2024-07-02,2024-07-02T15:00:00+08:00,QMT:qmt_etf_quant_20260812:588000:2024-07-02,SH.588000,BUY,5200,5200,0.73200000,0.733,3811.600,5.000,FILLED,CLOSE
a1cd1f8bbc325182f93a0861abc92ab5,2024-07-02,2024-07-03,2024-07-03T15:00:00+08:00,QMT:qmt_etf_quant_20260812:518880:2024-07-03,SH.518880,SELL,200,200,5.34000000,5.337,1067.400,5.000,FILLED,CLOSE
bd41929b31a84b685f656086c6c9c2f4,2024-07-02,2024-07-03,2024-07-03T15:00:00+08:00,QMT:qmt_etf_quant_20260812:588000:2024-07-03,SH.588000,BUY,800,800,0.73400000,0.735,588.000,5.000,FILLED,CLOSE
a6b5d055d9683dc666b68257bd2df43d,2024-07-03,2024-07-04,2024-07-04T15:00:00+08:00,QMT:qmt_etf_quant_20260812:518880:2024-07-04,SH.518880,SELL,800,800,5.36500000,5.362,4289.600,5.000,FILLED,CLOSE
c3d5e5cdd0f74a3ca297d2026a6745f9,2024-07-03,2024-07-04,2024-07-04T15:00:00+08:00,QMT:qmt_etf_quant_20260812:588000:2024-07-04,SH.588000,BUY,6300,6300,0.72300000,0.724,4561.200,5.000,FILLED,CLOSE
479b10b5ca8d71fe167e2ca23de05ec5,2024-07-04,2024-07-05,2024-07-05T15:00:00+08:00,QMT:qmt_etf_quant_20260812:588000:2024-07-05,SH.588000,SELL,2700,2700,0.73100000,0.730,1971.000,5.000,FILLED,CLOSE
8cc7ce7fd19820e0a43e65882b46e9d9,2024-07-04,2024-07-05,2024-07-05T15:00:00+08:00,QMT:qmt_etf_quant_20260812:518880:2024-07-05,SH.518880,BUY,200,200,5.38100000,5.384,1076.800,5.000,FILLED,CLOSE
ece08994a5f383a31f2d3378b7c74d2e,2024-07-05,2024-07-08,2024-07-08T15:00:00+08:00,QMT:qmt_etf_quant_20260812:518880:2024-07-08,SH.518880,SELL,300,300,5.38400000,5.381,1614.300,5.000,FILLED,CLOSE
6e31b9f6e17d4521f683a2ebc8c28724,2024-07-05,2024-07-08,2024-07-08T15:00:00+08:00,QMT:qmt_etf_quant_20260812:588000:2024-07-08,SH.588000,BUY,3200,3200,0.72400000,0.725,2320.000,5.000,FILLED,CLOSE
0957aa35565e76671b0e8218036bc943,2024-07-08,2024-07-09,2024-07-09T15:00:00+08:00,QMT:qmt_etf_quant_20260812:588000:2024-07-09,SH.588000,SELL,9100,9100,0.74200000,0.741,6743.100,5.000,FILLED,CLOSE
a2700fb2c53587f7bddb596ba089d3e9,2024-07-08,2024-07-09,2024-07-09T15:00:00+08:00,QMT:qmt_etf_quant_20260812:518880:2024-07-09,SH.518880,BUY,1000,1000,5.36200000,5.365,5365.000,5.000,FILLED,CLOSE
24394f07af43fca882ce9bff35694628,2024-07-09,2024-07-10,2024-07-10T15:00:00+08:00,QMT:qmt_etf_quant_20260812:518880:2024-07-10,SH.518880,SELL,100,100,5.39700000,5.394,539.400,5.000,FILLED,CLOSE
e2a4c2d0eac4e40eb153059403c2abda,2024-07-09,2024-07-10,2024-07-10T15:00:00+08:00,QMT:qmt_etf_quant_20260812:588000:2024-07-10,SH.588000,BUY,1200,1200,0.74300000,0.744,892.800,5.000,FILLED,CLOSE
7e8f006ec15e26587f8dca177ee7e2cd,2024-07-10,2024-07-11,2024-07-11T15:00:00+08:00,QMT:qmt_etf_quant_20260812:588000:2024-07-11,SH.588000,SELL,2400,2400,0.75100000,0.750,1800.000,5.000,FILLED,CLOSE
dc420eb6afd3db0011d22d55a6c866a4,2024-07-10,2024-07-11,2024-07-11T15:00:00+08:00,QMT:qmt_etf_quant_20260812:518880:2024-07-11,SH.518880,BUY,100,100,5.41700000,5.420,542.000,5.000,FILLED,CLOSE
80a359f8ebe1d08ba0f7d821d305b961,2024-07-11,2024-07-12,2024-07-12T15:00:00+08:00,QMT:qmt_etf_quant_20260812:518880:2024-07-12,SH.518880,SELL,100,100,5.44600000,5.443,544.300,5.000,FILLED,CLOSE
9f533f679db969aceeb0cffcb7943c05,2024-07-11,2024-07-12,2024-07-12T15:00:00+08:00,QMT:qmt_etf_quant_20260812:588000:2024-07-12,SH.588000,BUY,900,900,0.75200000,0.753,677.700,5.000,FILLED,CLOSE
ecd469ada78fce282fc7bee87c3d6f44,2024-07-12,2024-07-15,2024-07-15T15:00:00+08:00,QMT:qmt_etf_quant_20260812:518880:2024-07-15,SH.518880,SELL,200,200,5.44200000,5.439,1087.800,5.000,FILLED,CLOSE
dc0f08f02dcd23bd48891f81ba2b6fe4,2024-07-12,2024-07-15,2024-07-15T15:00:00+08:00,QMT:qmt_etf_quant_20260812:588000:2024-07-15,SH.588000,BUY,1500,1500,0.74800000,0.749,1123.500,5.000,FILLED,CLOSE
3a8fdfe0886ec4953141e494598303c6,2024-07-15,2024-07-16,2024-07-16T15:00:00+08:00,QMT:qmt_etf_quant_20260812:588000:2024-07-16,SH.588000,SELL,3700,3700,0.76400000,0.763,2823.100,5.000,FILLED,CLOSE
cd391a91fb7fae48cecfd7ca33294ce2,2024-07-15,2024-07-16,2024-07-16T15:00:00+08:00,QMT:qmt_etf_quant_20260812:518880:2024-07-16,SH.518880,BUY,200,200,5.50500000,5.508,1101.600,5.000,FILLED,CLOSE
a3bb710a47c448d86d9f70a909a8307a,2024-07-16,2024-07-17,2024-07-17T15:00:00+08:00,QMT:qmt_etf_quant_20260812:518880:2024-07-17,SH.518880,SELL,600,600,5.57600000,5.573,3343.800,5.000,FILLED,CLOSE
9f2fa2af74ef3f850bb0ad3941354ce2,2024-07-16,2024-07-17,2024-07-17T15:00:00+08:00,QMT:qmt_etf_quant_20260812:588000:2024-07-17,SH.588000,BUY,4200,4200,0.76200000,0.763,3204.600,5.000,FILLED,CLOSE
9321186e72e9acd65ab7307e7423f933,2024-07-17,2024-07-18,2024-07-18T15:00:00+08:00,QMT:qmt_etf_quant_20260812:588000:2024-07-18,SH.588000,SELL,3100,3100,0.76900000,0.768,2380.800,5.000,FILLED,CLOSE
713be8d1678b178cc54f08de866caaa0,2024-07-17,2024-07-18,2024-07-18T15:00:00+08:00,QMT:qmt_etf_quant_20260812:518880:2024-07-18,SH.518880,BUY,300,300,5.57300000,5.576,1672.800,5.000,FILLED,CLOSE
9d1f0ff02f2426c5fa54873d565d171c,2024-07-18,2024-07-19,2024-07-19T15:00:00+08:00,QMT:qmt_etf_quant_20260812:588000:2024-07-19,SH.588000,SELL,13200,13200,0.78400000,0.783,10335.600,5.000,FILLED,CLOSE
c014d91657faf04d9393466133ff8933,2024-07-18,2024-07-19,2024-07-19T15:00:00+08:00,QMT:qmt_etf_quant_20260812:518880:2024-07-19,SH.518880,BUY,2000,2000,5.42500000,5.428,10856.000,5.000,FILLED,CLOSE
011b21d346cfbaea4c14b10887de3d82,2024-07-19,2024-07-22,2024-07-22T15:00:00+08:00,QMT:qmt_etf_quant_20260812:588000:2024-07-22,SH.588000,SELL,1400,1400,0.78700000,0.786,1100.400,5.000,FILLED,CLOSE
8581017bbf3765164b4136a72b8358df,2024-07-19,2024-07-22,2024-07-22T15:00:00+08:00,QMT:qmt_etf_quant_20260812:518880:2024-07-22,SH.518880,BUY,100,100,5.42100000,5.424,542.400,5.000,FILLED,CLOSE
f6d17e8c05e6f7fbd25a1267101875cf,2024-07-22,2024-07-23,2024-07-23T15:00:00+08:00,QMT:qmt_etf_quant_20260812:518880:2024-07-23,SH.518880,SELL,1100,1100,5.39400000,5.391,5930.100,5.000,FILLED,CLOSE
1b2f4fb1992f45664a17b05f75eecef6,2024-07-22,2024-07-23,2024-07-23T15:00:00+08:00,QMT:qmt_etf_quant_20260812:588000:2024-07-23,SH.588000,BUY,11600,11600,0.75600000,0.757,8781.200,5.000,FILLED,CLOSE
ad551e73a5304cfb8699e6953fcb739a,2024-07-23,2024-07-24,2024-07-24T15:00:00+08:00,QMT:qmt_etf_quant_20260812:518880:2024-07-24,SH.518880,SELL,1100,1100,5.46500000,5.462,6008.200,5.000,FILLED,CLOSE
96505c2308d30919867ca3e11999db49,2024-07-23,2024-07-24,2024-07-24T15:00:00+08:00,QMT:qmt_etf_quant_20260812:588000:2024-07-24,SH.588000,BUY,7900,7900,0.74600000,0.747,5901.300,5.000,FILLED,CLOSE
9781dd66118d92ff0f3d7d428d6bbf16,2024-07-24,2024-07-25,2024-07-25T15:00:00+08:00,QMT:qmt_etf_quant_20260812:588000:2024-07-25,SH.588000,SELL,7600,7600,0.74800000,0.747,5677.200,5.000,FILLED,CLOSE
e6c7785acdbe4b2d70cf98bf0a88285c,2024-07-24,2024-07-25,2024-07-25T15:00:00+08:00,QMT:qmt_etf_quant_20260812:518880:2024-07-25,SH.518880,BUY,1100,1100,5.32700000,5.330,5863.000,5.000,FILLED,CLOSE
1ba7f743c45cf7bec2cd36b59f6661d0,2024-07-25,2024-07-26,2024-07-26T15:00:00+08:00,QMT:qmt_etf_quant_20260812:588000:2024-07-26,SH.588000,SELL,1000,1000,0.75300000,0.752,752.000,5.000,FILLED,CLOSE
ae313d84130c63cfc5f42df81e8cbada,2024-07-25,2024-07-26,2024-07-26T15:00:00+08:00,QMT:qmt_etf_quant_20260812:518880:2024-07-26,SH.518880,BUY,100,100,5.35000000,5.353,535.300,5.000,FILLED,CLOSE
2f56ed24fa5e1c3d98d502562040906d,2024-07-26,2024-07-29,2024-07-29T15:00:00+08:00,QMT:qmt_etf_quant_20260812:518880:2024-07-29,SH.518880,SELL,900,900,5.38700000,5.384,4845.600,5.000,FILLED,CLOSE
27d8a92c929fa14f15e751155c65af10,2024-07-26,2024-07-29,2024-07-29T15:00:00+08:00,QMT:qmt_etf_quant_20260812:588000:2024-07-29,SH.588000,BUY,7500,7500,0.74000000,0.741,5557.500,5.000,FILLED,CLOSE
dc2b3cb993e132cb5b7f788383fc6718,2024-07-29,2024-07-30,2024-07-30T15:00:00+08:00,QMT:qmt_etf_quant_20260812:588000:2024-07-30,SH.588000,SELL,900,900,0.74300000,0.742,667.800,5.000,FILLED,CLOSE
cb4cc05f6654e108ea30fd42c3bada0b,2024-07-30,2024-07-31,2024-07-31T15:00:00+08:00,QMT:qmt_etf_quant_20260812:588000:2024-07-31,SH.588000,SELL,12800,12800,0.77800000,0.777,9945.600,5.000,FILLED,CLOSE
99932d42a7fecb264a6181b8ce2ae89c,2024-07-30,2024-07-31,2024-07-31T15:00:00+08:00,QMT:qmt_etf_quant_20260812:518880:2024-07-31,SH.518880,BUY,1400,1400,5.43600000,5.439,7614.600,5.000,FILLED,CLOSE
aec456d8dac1d438710ebd6d3c6d5555,2024-07-31,2024-08-01,2024-08-01T15:00:00+08:00,QMT:qmt_etf_quant_20260812:518880:2024-08-01,SH.518880,SELL,500,500,5.48000000,5.477,2738.500,5.000,FILLED,CLOSE
f3210042e880e618832c1b8d7f4ddfc4,2024-07-31,2024-08-01,2024-08-01T15:00:00+08:00,QMT:qmt_etf_quant_20260812:588000:2024-08-01,SH.588000,BUY,3700,3700,0.77400000,0.775,2867.500,5.000,FILLED,CLOSE
0d62d230a8d01b6da9b64b1fd9ad64b2,2024-08-01,2024-08-02,2024-08-02T15:00:00+08:00,QMT:qmt_etf_quant_20260812:518880:2024-08-02,SH.518880,SELL,700,700,5.50500000,5.502,3851.400,5.000,FILLED,CLOSE
d2a4d9b4772b036e4bde705f26b7a189,2024-08-01,2024-08-02,2024-08-02T15:00:00+08:00,QMT:qmt_etf_quant_20260812:588000:2024-08-02,SH.588000,BUY,6300,6300,0.76200000,0.763,4806.900,5.000,FILLED,CLOSE
c70c01ef8cdd54ae8b3aad7db20c36a8,2024-08-02,2024-08-05,2024-08-05T15:00:00+08:00,QMT:qmt_etf_quant_20260812:518880:2024-08-05,SH.518880,SELL,100,100,5.36600000,5.363,536.300,5.000,FILLED,CLOSE
28ce3d7081c9f53d874f80b291cc9126,2024-08-02,2024-08-05,2024-08-05T15:00:00+08:00,QMT:qmt_etf_quant_20260812:588000:2024-08-05,SH.588000,BUY,3600,3600,0.73800000,0.739,2660.400,5.000,FILLED,CLOSE
4ae3c6f4f9991248ca1c288b9f7f9a6c,2024-08-05,2024-08-06,2024-08-06T15:00:00+08:00,QMT:qmt_etf_quant_20260812:588000:2024-08-06,SH.588000,SELL,6200,6200,0.74800000,0.747,4631.400,5.000,FILLED,CLOSE
ebfffe5130348ce4ceefa2284ee18d81,2024-08-05,2024-08-06,2024-08-06T15:00:00+08:00,QMT:qmt_etf_quant_20260812:518880:2024-08-06,SH.518880,BUY,800,800,5.32700000,5.330,4264.000,5.000,FILLED,CLOSE
ab235c2fd136e60b2b5b6710267192d7,2024-08-06,2024-08-07,2024-08-07T15:00:00+08:00,QMT:qmt_etf_quant_20260812:518880:2024-08-07,SH.518880,SELL,400,400,5.35200000,5.349,2139.600,5.000,FILLED,CLOSE
648343f762628b019ba9d0a68e3ecec9,2024-08-06,2024-08-07,2024-08-07T15:00:00+08:00,QMT:qmt_etf_quant_20260812:588000:2024-08-07,SH.588000,BUY,3800,3800,0.74200000,0.743,2823.400,5.000,FILLED,CLOSE
3ab919ab044d53809cd48d54a92fbdef,2024-08-07,2024-08-08,2024-08-08T15:00:00+08:00,QMT:qmt_etf_quant_20260812:588000:2024-08-08,SH.588000,SELL,1400,1400,0.74500000,0.744,1041.600,5.000,FILLED,CLOSE
ae58da072f9516e8c55f4086e79098db,2024-08-08,2024-08-09,2024-08-09T15:00:00+08:00,QMT:qmt_etf_quant_20260812:518880:2024-08-09,SH.518880,SELL,400,400,5.39600000,5.393,2157.200,5.000,FILLED,CLOSE
0fe1e8878e9a865681cfe49833e15caa,2024-08-08,2024-08-09,2024-08-09T15:00:00+08:00,QMT:qmt_etf_quant_20260812:588000:2024-08-09,SH.588000,BUY,3600,3600,0.74200000,0.743,2674.800,5.000,FILLED,CLOSE
63b2fd0a47b5386794e71bb5a9af7257,2024-08-09,2024-08-12,2024-08-12T15:00:00+08:00,QMT:qmt_etf_quant_20260812:518880:2024-08-12,SH.518880,SELL,400,400,5.43700000,5.434,2173.600,5.000,FILLED,CLOSE
b1965814fe7be645b840224cdccfeb8e,2024-08-09,2024-08-12,2024-08-12T15:00:00+08:00,QMT:qmt_etf_quant_20260812:588000:2024-08-12,SH.588000,BUY,2000,2000,0.74200000,0.743,1486.000,5.000,FILLED,CLOSE
12a476f3d0953db02c268343868b06d7,2024-08-12,2024-08-13,2024-08-13T15:00:00+08:00,QMT:qmt_etf_quant_20260812:518880:2024-08-13,SH.518880,SELL,100,100,5.47400000,5.471,547.100,5.000,FILLED,CLOSE
a5e0ffead63ba944ff0295246b198a46,2024-08-13,2024-08-14,2024-08-14T15:00:00+08:00,QMT:qmt_etf_quant_20260812:518880:2024-08-14,SH.518880,SELL,300,300,5.45600000,5.453,1635.900,5.000,FILLED,CLOSE
4d232f590b2f14437dad1d9220136898,2024-08-13,2024-08-14,2024-08-14T15:00:00+08:00,QMT:qmt_etf_quant_20260812:588000:2024-08-14,SH.588000,BUY,3600,3600,0.73600000,0.737,2653.200,5.000,FILLED,CLOSE
e1ceedac8a1ef1b4301fe93a4a9fd86d,2024-08-14,2024-08-15,2024-08-15T15:00:00+08:00,QMT:qmt_etf_quant_20260812:588000:2024-08-15,SH.588000,SELL,3700,3700,0.74300000,0.742,2745.400,5.000,FILLED,CLOSE
009087c58552280081acb635559c435b,2024-08-14,2024-08-15,2024-08-15T15:00:00+08:00,QMT:qmt_etf_quant_20260812:518880:2024-08-15,SH.518880,BUY,300,300,5.44300000,5.446,1633.800,5.000,FILLED,CLOSE
1be533d5ef8da91fe5ec21db315bfe9c,2024-08-15,2024-08-16,2024-08-16T15:00:00+08:00,QMT:qmt_etf_quant_20260812:518880:2024-08-16,SH.518880,SELL,100,100,5.45300000,5.450,545.000,5.000,FILLED,CLOSE
a2b5e3027a51d227261740482513d369,2024-08-15,2024-08-16,2024-08-16T15:00:00+08:00,QMT:qmt_etf_quant_20260812:588000:2024-08-16,SH.588000,BUY,1800,1800,0.74000000,0.741,1333.800,5.000,FILLED,CLOSE
1321d19a3f86127eeb9425092dbf882a,2024-08-16,2024-08-19,2024-08-19T15:00:00+08:00,QMT:qmt_etf_quant_20260812:518880:2024-08-19,SH.518880,SELL,500,500,5.51300000,5.510,2755.000,5.000,FILLED,CLOSE
1a0238743a8c1dd5ecb831fea9fdb1c2,2024-08-16,2024-08-19,2024-08-19T15:00:00+08:00,QMT:qmt_etf_quant_20260812:588000:2024-08-19,SH.588000,BUY,3400,3400,0.73900000,0.740,2516.000,5.000,FILLED,CLOSE
011b8dccf36405c37f666b59fb472950,2024-08-19,2024-08-20,2024-08-20T15:00:00+08:00,QMT:qmt_etf_quant_20260812:518880:2024-08-20,SH.518880,SELL,600,600,5.51300000,5.510,3306.000,5.000,FILLED,CLOSE
824cfee2d75565ffd4df6be68d1df5f0,2024-08-19,2024-08-20,2024-08-20T15:00:00+08:00,QMT:qmt_etf_quant_20260812:588000:2024-08-20,SH.588000,BUY,5000,5000,0.72800000,0.729,3645.000,5.000,FILLED,CLOSE
ab114bfe2b92de74a712387ada9bfa62,2024-08-20,2024-08-21,2024-08-21T15:00:00+08:00,QMT:qmt_etf_quant_20260812:518880:2024-08-21,SH.518880,SELL,300,300,5.53700000,5.534,1660.200,5.000,FILLED,CLOSE
6e3df6235864924982f0e16cd0230c94,2024-08-20,2024-08-21,2024-08-21T15:00:00+08:00,QMT:qmt_etf_quant_20260812:588000:2024-08-21,SH.588000,BUY,2100,2100,0.72600000,0.727,1526.700,5.000,FILLED,CLOSE
8381e07930503413a2862c07b4caf1ee,2024-08-21,2024-08-22,2024-08-22T15:00:00+08:00,QMT:qmt_etf_quant_20260812:518880:2024-08-22,SH.518880,SELL,200,200,5.52300000,5.520,1104.000,5.000,FILLED,CLOSE
9556cfd5b3b1768972247dceb0c96be7,2024-08-21,2024-08-22,2024-08-22T15:00:00+08:00,QMT:qmt_etf_quant_20260812:588000:2024-08-22,SH.588000,BUY,2600,2600,0.71900000,0.720,1872.000,5.000,FILLED,CLOSE
04a559bbd13e78ae72115653895a6211,2024-08-22,2024-08-23,2024-08-23T15:00:00+08:00,QMT:qmt_etf_quant_20260812:588000:2024-08-23,SH.588000,SELL,1300,1300,0.72000000,0.719,934.700,5.000,FILLED,CLOSE
ef817452b09907b75bc5a7b104750da0,2024-08-22,2024-08-23,2024-08-23T15:00:00+08:00,QMT:qmt_etf_quant_20260812:518880:2024-08-23,SH.518880,BUY,100,100,5.50400000,5.507,550.700,5.000,FILLED,CLOSE
bdbdb3a8b77165ffa84831e69c078726,2024-08-23,2024-08-26,2024-08-26T15:00:00+08:00,QMT:qmt_etf_quant_20260812:518880:2024-08-26,SH.518880,SELL,400,400,5.53800000,5.535,2214.000,5.000,FILLED,CLOSE
f302ec6c65b9e5958dfa9e77d7056a25,2024-08-23,2024-08-26,2024-08-26T15:00:00+08:00,QMT:qmt_etf_quant_20260812:588000:2024-08-26,SH.588000,BUY,3900,3900,0.71500000,0.716,2792.400,5.000,FILLED,CLOSE
b8dc1951bb1e8e7bf26323f3c2c60eb9,2024-08-26,2024-08-27,2024-08-27T15:00:00+08:00,QMT:qmt_etf_quant_20260812:518880:2024-08-27,SH.518880,SELL,300,300,5.53400000,5.531,1659.300,5.000,FILLED,CLOSE
d17a2583ac71bee9cba42da13a3ff432,2024-08-26,2024-08-27,2024-08-27T15:00:00+08:00,QMT:qmt_etf_quant_20260812:588000:2024-08-27,SH.588000,BUY,3200,3200,0.70800000,0.709,2268.800,5.000,FILLED,CLOSE
e937c25d4c95a83b66dba1874de0a571,2024-08-27,2024-08-28,2024-08-28T15:00:00+08:00,QMT:qmt_etf_quant_20260812:518880:2024-08-28,SH.518880,SELL,200,200,5.52800000,5.525,1105.000,5.000,FILLED,CLOSE
88806ee6037c8fc84e819ed78f15f961,2024-08-27,2024-08-28,2024-08-28T15:00:00+08:00,QMT:qmt_etf_quant_20260812:588000:2024-08-28,SH.588000,BUY,1600,1600,0.70400000,0.705,1128.000,5.000,FILLED,CLOSE
c02a6518e2b1d7505c133d3db99051d6,2024-08-28,2024-08-29,2024-08-29T15:00:00+08:00,QMT:qmt_etf_quant_20260812:588000:2024-08-29,SH.588000,SELL,3800,3800,0.71300000,0.712,2705.600,5.000,FILLED,CLOSE
4590c647460485a9cd694c8dfbf89915,2024-08-28,2024-08-29,2024-08-29T15:00:00+08:00,QMT:qmt_etf_quant_20260812:518880:2024-08-29,SH.518880,BUY,300,300,5.53500000,5.538,1661.400,5.000,FILLED,CLOSE
8a9a1833ed32374b7eedaa71e5991717,2024-08-29,2024-08-30,2024-08-30T15:00:00+08:00,QMT:qmt_etf_quant_20260812:588000:2024-08-30,SH.588000,SELL,7700,7700,0.72800000,0.727,5597.900,5.000,FILLED,CLOSE
e2df6a744e6158fb4d85bf65865735d8,2024-08-29,2024-08-30,2024-08-30T15:00:00+08:00,QMT:qmt_etf_quant_20260812:518880:2024-08-30,SH.518880,BUY,800,800,5.52200000,5.525,4420.000,5.000,FILLED,CLOSE
f962fe6878ba721bcc2e52cfb262f481,2024-08-30,2024-09-02,2024-09-02T15:00:00+08:00,QMT:qmt_etf_quant_20260812:518880:2024-09-02,SH.518880,SELL,800,800,5.49100000,5.488,4390.400,5.000,FILLED,CLOSE
175a8b5a06a2c55e9fae166be68cc2e1,2024-08-30,2024-09-02,2024-09-02T15:00:00+08:00,QMT:qmt_etf_quant_20260812:588000:2024-09-02,SH.588000,BUY,10200,10200,0.70300000,0.704,7180.800,5.000,FILLED,CLOSE
ea10eaa81bbd284137e17774d386c8ad,2024-09-02,2024-09-03,2024-09-03T15:00:00+08:00,QMT:qmt_etf_quant_20260812:588000:2024-09-03,SH.588000,SELL,1800,1800,0.70800000,0.707,1272.600,5.000,FILLED,CLOSE
0aa8bd33983cb3638f1032d6e5845723,2024-09-03,2024-09-04,2024-09-04T15:00:00+08:00,QMT:qmt_etf_quant_20260812:588000:2024-09-04,SH.588000,SELL,500,500,0.70500000,0.704,352.000,5.000,FILLED,CLOSE
b769b94dccacb074d5091accc6415068,2024-09-03,2024-09-04,2024-09-04T15:00:00+08:00,QMT:qmt_etf_quant_20260812:518880:2024-09-04,SH.518880,BUY,200,200,5.46300000,5.466,1093.200,5.000,FILLED,CLOSE
0265b32300e96304f5924818eb819ed2,2024-09-04,2024-09-05,2024-09-05T15:00:00+08:00,QMT:qmt_etf_quant_20260812:518880:2024-09-05,SH.518880,SELL,200,200,5.50200000,5.499,1099.800,5.000,FILLED,CLOSE
af462897baf4138329e966575f282966,2024-09-04,2024-09-05,2024-09-05T15:00:00+08:00,QMT:qmt_etf_quant_20260812:588000:2024-09-05,SH.588000,BUY,1900,1900,0.70500000,0.706,1341.400,5.000,FILLED,CLOSE
f7b0679a427f0a915cc10b847208cac7,2024-09-05,2024-09-06,2024-09-06T15:00:00+08:00,QMT:qmt_etf_quant_20260812:518880:2024-09-06,SH.518880,SELL,600,600,5.51700000,5.514,3308.400,5.000,FILLED,CLOSE
78f262a31764c88d5dfc968afc016b47,2024-09-05,2024-09-06,2024-09-06T15:00:00+08:00,QMT:qmt_etf_quant_20260812:588000:2024-09-06,SH.588000,BUY,5200,5200,0.69600000,0.697,3624.400,5.000,FILLED,CLOSE
a4b0990dd40b717bf34a5caf93a39893,2024-09-06,2024-09-09,2024-09-09T15:00:00+08:00,QMT:qmt_etf_quant_20260812:518880:2024-09-09,SH.518880,SELL,200,200,5.47700000,5.474,1094.800,5.000,FILLED,CLOSE
2b788ca212cde2293a8b8e00aced1d5f,2024-09-06,2024-09-09,2024-09-09T15:00:00+08:00,QMT:qmt_etf_quant_20260812:588000:2024-09-09,SH.588000,BUY,2400,2400,0.68700000,0.688,1651.200,5.000,FILLED,CLOSE
06883bf35884229cf32f46fa0a61a56c,2024-09-09,2024-09-10,2024-09-10T15:00:00+08:00,QMT:qmt_etf_quant_20260812:588000:2024-09-10,SH.588000,SELL,600,600,0.69200000,0.691,414.600,5.000,FILLED,CLOSE
d3720d9cf747ace12431367dee376db4,2024-09-10,2024-09-11,2024-09-11T15:00:00+08:00,QMT:qmt_etf_quant_20260812:518880:2024-09-11,SH.518880,SELL,100,100,5.54200000,5.539,553.900,5.000,FILLED,CLOSE
3072177f0e625b9c0fe118a74907e58b,2024-09-11,2024-09-12,2024-09-12T15:00:00+08:00,QMT:qmt_etf_quant_20260812:518880:2024-09-12,SH.518880,SELL,100,100,5.53100000,5.528,552.800,5.000,FILLED,CLOSE
525cd79805da5700bca219328159240a,2024-09-11,2024-09-12,2024-09-12T15:00:00+08:00,QMT:qmt_etf_quant_20260812:588000:2024-09-12,SH.588000,BUY,1800,1800,0.69000000,0.691,1243.800,5.000,FILLED,CLOSE
7eeaeb99ac0a05ebd2a064be48baf69a,2024-09-12,2024-09-13,2024-09-13T15:00:00+08:00,QMT:qmt_etf_quant_20260812:518880:2024-09-13,SH.518880,SELL,1000,1000,5.61100000,5.608,5608.000,5.000,FILLED,CLOSE
b4b9aff9b740d898fb4ed2392210c1cf,2024-09-12,2024-09-13,2024-09-13T15:00:00+08:00,QMT:qmt_etf_quant_20260812:588000:2024-09-13,SH.588000,BUY,7700,7700,0.68300000,0.684,5266.800,5.000,FILLED,CLOSE
c11c1fde8d2d1ae82ac7e49130295adb,2024-09-13,2024-09-18,2024-09-18T15:00:00+08:00,QMT:qmt_etf_quant_20260812:518880:2024-09-18,SH.518880,SELL,200,200,5.60900000,5.606,1121.200,5.000,FILLED,CLOSE
f6315f507b53bc1b637b9d0e39d4dc09,2024-09-13,2024-09-18,2024-09-18T15:00:00+08:00,QMT:qmt_etf_quant_20260812:588000:2024-09-18,SH.588000,BUY,2500,2500,0.67800000,0.679,1697.500,5.000,FILLED,CLOSE
c0c4ab6c6f731db0db4d1481b692cdf9,2024-09-18,2024-09-19,2024-09-19T15:00:00+08:00,QMT:qmt_etf_quant_20260812:588000:2024-09-19,SH.588000,SELL,2900,2900,0.68300000,0.682,1977.800,5.000,FILLED,CLOSE
5c3a5a9e4ca015f7aa5dc822d87b43df,2024-09-18,2024-09-19,2024-09-19T15:00:00+08:00,QMT:qmt_etf_quant_20260812:518880:2024-09-19,SH.518880,BUY,200,200,5.60000000,5.603,1120.600,5.000,FILLED,CLOSE
a48bcba720a2953c862105a27c6aebb6,2024-09-19,2024-09-20,2024-09-20T15:00:00+08:00,QMT:qmt_etf_quant_20260812:518880:2024-09-20,SH.518880,SELL,600,600,5.66300000,5.660,3396.000,5.000,FILLED,CLOSE
0accd95430a255a6bb103bca66e99019,2024-09-19,2024-09-20,2024-09-20T15:00:00+08:00,QMT:qmt_etf_quant_20260812:588000:2024-09-20,SH.588000,BUY,5700,5700,0.67800000,0.679,3870.300,5.000,FILLED,CLOSE
58ff3072bdc526b2378d220f21d0bed4,2024-09-20,2024-09-23,2024-09-23T15:00:00+08:00,QMT:qmt_etf_quant_20260812:518880:2024-09-23,SH.518880,SELL,600,600,5.71100000,5.708,3424.800,5.000,FILLED,CLOSE
4184fc5131f580c5709d52b15c924f4b,2024-09-20,2024-09-23,2024-09-23T15:00:00+08:00,QMT:qmt_etf_quant_20260812:588000:2024-09-23,SH.588000,BUY,4500,4500,0.67400000,0.675,3037.500,5.000,FILLED,CLOSE
563f64de8a7ff4ed0824cc08db363f00,2024-09-23,2024-09-24,2024-09-24T15:00:00+08:00,QMT:qmt_etf_quant_20260812:588000:2024-09-24,SH.588000,SELL,13300,13300,0.69900000,0.698,9283.400,5.000,FILLED,CLOSE
f2a6acd3dc29a0426dfe2a3e3a29660a,2024-09-23,2024-09-24,2024-09-24T15:00:00+08:00,QMT:qmt_etf_quant_20260812:518880:2024-09-24,SH.518880,BUY,1300,1300,5.69700000,5.700,7410.000,5.000,FILLED,CLOSE
88970b298c7153dcaad892dbd2ac0183,2024-09-24,2024-09-25,2024-09-25T15:00:00+08:00,QMT:qmt_etf_quant_20260812:518880:2024-09-25,SH.518880,SELL,200,200,5.74000000,5.737,1147.400,5.000,FILLED,CLOSE
c0fec7783d6b0451446e7d1cbe24950a,2024-09-24,2024-09-25,2024-09-25T15:00:00+08:00,QMT:qmt_etf_quant_20260812:588000:2024-09-25,SH.588000,BUY,1500,1500,0.70000000,0.701,1051.500,5.000,FILLED,CLOSE
fdf8783c32c7e8192f6863ba2721a56a,2024-09-25,2024-09-26,2024-09-26T15:00:00+08:00,QMT:qmt_etf_quant_20260812:588000:2024-09-26,SH.588000,SELL,12800,12800,0.72800000,0.727,9305.600,5.000,FILLED,CLOSE
c36986be4149441a85e07033553741e9,2024-09-25,2024-09-26,2024-09-26T15:00:00+08:00,QMT:qmt_etf_quant_20260812:518880:2024-09-26,SH.518880,BUY,1200,1200,5.75100000,5.754,6904.800,5.000,FILLED,CLOSE
a56b8185a2bd815cd9fb7e918fff506b,2024-09-26,2024-09-27,2024-09-27T15:00:00+08:00,QMT:qmt_etf_quant_20260812:588000:2024-09-27,SH.588000,SELL,29600,29600,0.79200000,0.791,23413.600,7.024,FILLED,CLOSE
c391fc79464c62af0f2b5a14b3a128d1,2024-09-26,2024-09-27,2024-09-27T15:00:00+08:00,QMT:qmt_etf_quant_20260812:518880:2024-09-27,SH.518880,BUY,3500,3500,5.70800000,5.711,19988.500,5.997,FILLED,CLOSE
c8eecfa669be0d617aa39f5fd9d8a072,2024-09-27,2024-09-30,2024-09-30T15:00:00+08:00,QMT:qmt_etf_quant_20260812:588000:2024-09-30,SH.588000,SELL,54200,54200,0.95000000,0.949,51435.800,15.431,FILLED,CLOSE
dc981191c6ac4853e27159e242b3e7cf,2024-09-27,2024-09-30,2024-09-30T15:00:00+08:00,QMT:qmt_etf_quant_20260812:518880:2024-09-30,SH.518880,BUY,7400,7400,5.70700000,5.710,42254.000,12.676,FILLED,CLOSE
575dc5d9de3a124be5f878c6533841fc,2024-09-30,2024-10-08,2024-10-08T15:00:00+08:00,QMT:qmt_etf_quant_20260812:588000:2024-10-08,SH.588000,SELL,49300,49300,1.14000000,1.139,56152.700,16.846,FILLED,CLOSE
cfcbf223166da4d656b45ce0d1a2eaba,2024-09-30,2024-10-08,2024-10-08T15:00:00+08:00,QMT:qmt_etf_quant_20260812:518880:2024-10-08,SH.518880,BUY,8000,8000,5.71400000,5.717,45736.000,13.721,FILLED,CLOSE
fdca0aa6df43a641c8948e0251c6ecdc,2024-10-08,2024-10-09,2024-10-09T15:00:00+08:00,QMT:qmt_etf_quant_20260812:518880:2024-10-09,SH.518880,SELL,1000,1000,5.64000000,5.637,5637.000,5.000,FILLED,CLOSE
9cf996ddce154a1e6a991ac18fa34788,2024-10-08,2024-10-09,2024-10-09T15:00:00+08:00,QMT:qmt_etf_quant_20260812:588000:2024-10-09,SH.588000,BUY,7700,7700,1.09600000,1.097,8446.900,5.000,FILLED,CLOSE
879a29f5f131c7e0b5ba33e66bdeb772,2024-10-09,2024-10-10,2024-10-10T15:00:00+08:00,QMT:qmt_etf_quant_20260812:518880:2024-10-10,SH.518880,SELL,3100,3100,5.67600000,5.673,17586.300,5.276,FILLED,CLOSE
d8b7f4739860578f3f2b411aa54698ef,2024-10-09,2024-10-10,2024-10-10T15:00:00+08:00,QMT:qmt_etf_quant_20260812:588000:2024-10-10,SH.588000,BUY,20200,20200,1.02600000,1.027,20745.400,6.224,FILLED,CLOSE
90ccef30c8a3bf1220301e0bf517e50a,2024-10-10,2024-10-11,2024-10-11T15:00:00+08:00,QMT:qmt_etf_quant_20260812:518880:2024-10-11,SH.518880,SELL,3600,3600,5.73900000,5.736,20649.600,6.195,FILLED,CLOSE
73f7cdcba5c9960f79500a61baa57bd1,2024-10-10,2024-10-11,2024-10-11T15:00:00+08:00,QMT:qmt_etf_quant_20260812:588000:2024-10-11,SH.588000,BUY,25200,25200,0.95100000,0.952,23990.400,7.197,FILLED,CLOSE
f90f4933126ae78807b54f052e682c4d,2024-10-11,2024-10-14,2024-10-14T15:00:00+08:00,QMT:qmt_etf_quant_20260812:588000:2024-10-14,SH.588000,SELL,4500,4500,0.97400000,0.973,4378.500,5.000,FILLED,CLOSE
6eb4b0ced2b46e4159230044e9aab995,2024-10-11,2024-10-14,2024-10-14T15:00:00+08:00,QMT:qmt_etf_quant_20260812:518880:2024-10-14,SH.518880,BUY,400,400,5.79900000,5.802,2320.800,5.000,FILLED,CLOSE
14bbbe67f0ac3e96dd86a9b4922bef80,2024-10-14,2024-10-15,2024-10-15T15:00:00+08:00,QMT:qmt_etf_quant_20260812:518880:2024-10-15,SH.518880,SELL,1100,1100,5.79900000,5.796,6375.600,5.000,FILLED,CLOSE
604a2ed1109c247da14e820c218ed52b,2024-10-14,2024-10-15,2024-10-15T15:00:00+08:00,QMT:qmt_etf_quant_20260812:588000:2024-10-15,SH.588000,BUY,8700,8700,0.94600000,0.947,8238.900,5.000,FILLED,CLOSE
ef4436bc52b9c5a20b9f5a003ff89335,2024-10-15,2024-10-16,2024-10-16T15:00:00+08:00,QMT:qmt_etf_quant_20260812:518880:2024-10-16,SH.518880,SELL,1600,1600,5.88400000,5.881,9409.600,5.000,FILLED,CLOSE
67b7231b2c3a1649fffedbaaea92984e,2024-10-15,2024-10-16,2024-10-16T15:00:00+08:00,QMT:qmt_etf_quant_20260812:588000:2024-10-16,SH.588000,BUY,11100,11100,0.92300000,0.924,10256.400,5.000,FILLED,CLOSE
d4894bf6d02dbc78bb5d42ab222af473,2024-10-16,2024-10-17,2024-10-17T15:00:00+08:00,QMT:qmt_etf_quant_20260812:518880:2024-10-17,SH.518880,SELL,100,100,5.90500000,5.902,590.200,5.000,FILLED,CLOSE
f51f87d1ad8558fb2be574b2c27eb97b,2024-10-16,2024-10-17,2024-10-17T15:00:00+08:00,QMT:qmt_etf_quant_20260812:588000:2024-10-17,SH.588000,SELL,557500,557500,0.92600000,0.925,515687.500,154.706,FILLED,CLOSE
b91254a59ab49209c5be8dcae88c72aa,2024-10-16,2024-10-17,2024-10-17T15:00:00+08:00,QMT:qmt_etf_quant_20260812:510300:2024-10-17,SH.510300,BUY,133600,133600,3.86300000,3.865,516364.000,154.909,FILLED,CLOSE
aca79f3e61c22facbb13feb575954e0f,2024-10-17,2024-10-18,2024-10-18T15:00:00+08:00,QMT:qmt_etf_quant_20260812:510300:2024-10-18,SH.510300,SELL,133600,133600,4.01600000,4.013,536136.800,160.841,FILLED,CLOSE
38f36669832bc320af419261382993d2,2024-10-17,2024-10-18,2024-10-18T15:00:00+08:00,QMT:qmt_etf_quant_20260812:518880:2024-10-18,SH.518880,BUY,1000,1000,5.94500000,5.948,5948.000,5.000,FILLED,CLOSE
6a276d31d732b65f3abd88bef845b629,2024-10-17,2024-10-18,2024-10-18T15:00:00+08:00,QMT:qmt_etf_quant_20260812:588000:2024-10-18,SH.588000,BUY,505800,505800,1.04100000,1.042,527043.600,158.113,FILLED,CLOSE
4fd37471425635afd8414cefc06e9b47,2024-10-18,2024-10-21,2024-10-21T15:00:00+08:00,QMT:qmt_etf_quant_20260812:518880:2024-10-21,SH.518880,SELL,200,200,6.02000000,6.016,1203.200,5.000,FILLED,CLOSE
ed5565ad2b608d72658be7835e413f14,2024-10-21,2024-10-22,2024-10-22T15:00:00+08:00,QMT:qmt_etf_quant_20260812:518880:2024-10-22,SH.518880,SELL,500,500,6.01800000,6.014,3007.000,5.000,FILLED,CLOSE
f6a3f3e944ba4356181177832f053f37,2024-10-21,2024-10-22,2024-10-22T15:00:00+08:00,QMT:qmt_etf_quant_20260812:588000:2024-10-22,SH.588000,SELL,505800,505800,1.03700000,1.036,524008.800,157.203,FILLED,CLOSE
6dcebead733d63ef3f65afb2ba83711d,2024-10-21,2024-10-22,2024-10-22T15:00:00+08:00,QMT:qmt_etf_quant_20260812:510300:2024-10-22,SH.510300,BUY,130600,130600,4.04000000,4.043,528015.800,158.405,FILLED,CLOSE
689ca63f23d38d45c0a6719743bff152,2024-10-22,2024-10-23,2024-10-23T15:00:00+08:00,QMT:qmt_etf_quant_20260812:518880:2024-10-23,SH.518880,SELL,200,200,6.05600000,6.052,1210.400,5.000,FILLED,CLOSE
c46e31495336d32b8f3768dccbc53296,2024-10-23,2024-10-24,2024-10-24T15:00:00+08:00,QMT:qmt_etf_quant_20260812:510300:2024-10-24,SH.510300,BUY,200,200,4.01100000,4.014,802.800,5.000,FILLED,CLOSE
adfb350341708d026e5efeb8154e331c,2024-10-24,2024-10-25,2024-10-25T15:00:00+08:00,QMT:qmt_etf_quant_20260812:510300:2024-10-25,SH.510300,SELL,130800,130800,4.04000000,4.037,528039.600,158.412,FILLED,CLOSE
02dc0c289afc4edbad47cdf2a3b13cb1,2024-10-24,2024-10-25,2024-10-25T15:00:00+08:00,QMT:qmt_etf_quant_20260812:518880:2024-10-25,SH.518880,BUY,200,200,5.99800000,6.001,1200.200,5.000,FILLED,CLOSE
cd9158ed11e3111bd4a81db120e24a42,2024-10-24,2024-10-25,2024-10-25T15:00:00+08:00,QMT:qmt_etf_quant_20260812:588000:2024-10-25,SH.588000,BUY,504000,504000,1.04500000,1.046,527184.000,158.155,FILLED,CLOSE
c5dcd428fe8f3022f5127bc73443861f,2024-10-25,2024-10-28,2024-10-28T15:00:00+08:00,QMT:qmt_etf_quant_20260812:518880:2024-10-28,SH.518880,SELL,400,400,6.01700000,6.013,2405.200,5.000,FILLED,CLOSE
dfc3ad9fd09cd7ffbd0c485adfd2e152,2024-10-25,2024-10-28,2024-10-28T15:00:00+08:00,QMT:qmt_etf_quant_20260812:588000:2024-10-28,SH.588000,BUY,1700,1700,1.03900000,1.040,1768.000,5.000,FILLED,CLOSE
88868eb2e9345f97de2a3d468021452d,2024-10-28,2024-10-29,2024-10-29T15:00:00+08:00,QMT:qmt_etf_quant_20260812:518880:2024-10-29,SH.518880,SELL,800,800,6.06800000,6.064,4851.200,5.000,FILLED,CLOSE
0f839b388d5a269e917f249843c965da,2024-10-28,2024-10-29,2024-10-29T15:00:00+08:00,QMT:qmt_etf_quant_20260812:588000:2024-10-29,SH.588000,BUY,4900,4900,1.02800000,1.029,5042.100,5.000,FILLED,CLOSE
21a3b3b11beb43c105e39583227c616e,2024-10-29,2024-10-30,2024-10-30T15:00:00+08:00,QMT:qmt_etf_quant_20260812:518880:2024-10-30,SH.518880,SELL,1300,1300,6.14000000,6.136,7976.800,5.000,FILLED,CLOSE
6c8268d878f34969e10fdd7dae42d310,2024-10-29,2024-10-30,2024-10-30T15:00:00+08:00,QMT:qmt_etf_quant_20260812:588000:2024-10-30,SH.588000,BUY,8400,8400,1.00800000,1.009,8475.600,5.000,FILLED,CLOSE
b84628fc2a60dd4fceaddf81c35430c2,2024-10-30,2024-10-31,2024-10-31T15:00:00+08:00,QMT:qmt_etf_quant_20260812:588000:2024-10-31,SH.588000,SELL,519000,519000,1.02000000,1.019,528861.000,158.658,FILLED,CLOSE
e61d2d14ebab91d401a26b8a8d59e578,2024-10-30,2024-10-31,2024-10-31T15:00:00+08:00,QMT:qmt_etf_quant_20260812:510300:2024-10-31,SH.510300,BUY,132100,132100,3.97100000,3.973,524833.300,157.450,FILLED,CLOSE
3a8f9b9e85e277ff59a419c6cca374db,2024-10-30,2024-10-31,2024-10-31T15:00:00+08:00,QMT:qmt_etf_quant_20260812:518880:2024-10-31,SH.518880,BUY,600,600,6.10300000,6.107,3664.200,5.000,FILLED,CLOSE
11dd79b59069211ee00617c33b54e6f9,2024-10-31,2024-11-01,2024-11-01T15:00:00+08:00,QMT:qmt_etf_quant_20260812:510300:2024-11-01,SH.510300,SELL,700,700,3.97900000,3.977,2783.900,5.000,FILLED,CLOSE
304e16d9cba53593e2a636447858d761,2024-10-31,2024-11-01,2024-11-01T15:00:00+08:00,QMT:qmt_etf_quant_20260812:518880:2024-11-01,SH.518880,BUY,400,400,6.05100000,6.055,2422.000,5.000,FILLED,CLOSE
dcee207a231a5522ff354f4e8ab5047e,2024-11-01,2024-11-04,2024-11-04T15:00:00+08:00,QMT:qmt_etf_quant_20260812:510300:2024-11-04,SH.510300,SELL,1400,1400,4.03200000,4.029,5640.600,5.000,FILLED,CLOSE
eae18182e68e068ad0d78b945f8af27e,2024-11-01,2024-11-04,2024-11-04T15:00:00+08:00,QMT:qmt_etf_quant_20260812:518880:2024-11-04,SH.518880,BUY,900,900,6.00600000,6.010,5409.000,5.000,FILLED,CLOSE
fdeee5d6e78c98437f90668882520f96,2024-11-04,2024-11-05,2024-11-05T15:00:00+08:00,QMT:qmt_etf_quant_20260812:510300:2024-11-05,SH.510300,SELL,130000,130000,4.13700000,4.134,537420.000,161.226,FILLED,CLOSE
f5ee3343949d1f42ff34ffe95a5d0099,2024-11-04,2024-11-05,2024-11-05T15:00:00+08:00,QMT:qmt_etf_quant_20260812:518880:2024-11-05,SH.518880,BUY,1000,1000,6.00600000,6.010,6010.000,5.000,FILLED,CLOSE
f89c1dab20bbd09155df9fc47951f1e2,2024-11-04,2024-11-05,2024-11-05T15:00:00+08:00,QMT:qmt_etf_quant_20260812:588000:2024-11-05,SH.588000,BUY,504800,504800,1.05000000,1.051,530544.800,159.163,FILLED,CLOSE
ada0b574e097dbc01a1502e46fcf8b76,2024-11-05,2024-11-06,2024-11-06T15:00:00+08:00,QMT:qmt_etf_quant_20260812:588000:2024-11-06,SH.588000,SELL,1600,1600,1.05300000,1.052,1683.200,5.000,FILLED,CLOSE
95409df0c152cda624fa8c60a5d50301,2024-11-05,2024-11-06,2024-11-06T15:00:00+08:00,QMT:qmt_etf_quant_20260812:518880:2024-11-06,SH.518880,BUY,100,100,5.99400000,5.997,599.700,5.000,FILLED,CLOSE
141dddfd24fc54c9d751cf7a310ba2f1,2024-11-06,2024-11-07,2024-11-07T15:00:00+08:00,QMT:qmt_etf_quant_20260812:588000:2024-11-07,SH.588000,SELL,13600,13600,1.08700000,1.086,14769.600,5.000,FILLED,CLOSE
0553231a85b344a10cfc65cab12a32de,2024-11-06,2024-11-07,2024-11-07T15:00:00+08:00,QMT:qmt_etf_quant_20260812:518880:2024-11-07,SH.518880,BUY,2500,2500,5.86000000,5.863,14657.500,5.000,FILLED,CLOSE
0366fb117484ffda293d7feca59c364f,2024-11-07,2024-11-08,2024-11-08T15:00:00+08:00,QMT:qmt_etf_quant_20260812:518880:2024-11-08,SH.518880,SELL,500,500,5.89800000,5.895,2947.500,5.000,FILLED,CLOSE
eca6c4a1f9b2b2ee347d765c7bd60548,2024-11-07,2024-11-08,2024-11-08T15:00:00+08:00,QMT:qmt_etf_quant_20260812:588000:2024-11-08,SH.588000,BUY,2800,2800,1.08100000,1.082,3029.600,5.000,FILLED,CLOSE
a3d00670030af90d7b0d5dbd0c3b7f2b,2024-11-08,2024-11-11,2024-11-11T15:00:00+08:00,QMT:qmt_etf_quant_20260812:588000:2024-11-11,SH.588000,SELL,11300,11300,1.13000000,1.129,12757.700,5.000,FILLED,CLOSE
15f8d4461210e8662d823267f882acf7,2024-11-08,2024-11-11,2024-11-11T15:00:00+08:00,QMT:qmt_etf_quant_20260812:518880:2024-11-11,SH.518880,BUY,1700,1700,5.90500000,5.908,10043.600,5.000,FILLED,CLOSE
28e9b18e04166d6edcbbb05b0238b01f,2024-11-11,2024-11-12,2024-11-12T15:00:00+08:00,QMT:qmt_etf_quant_20260812:588000:2024-11-12,SH.588000,SELL,481100,481100,1.10500000,1.104,531134.400,159.340,FILLED,CLOSE
11219160d727b3c6816150bf0890c0f9,2024-11-11,2024-11-12,2024-11-12T15:00:00+08:00,QMT:qmt_etf_quant_20260812:510300:2024-11-12,SH.510300,BUY,128000,128000,4.16900000,4.172,534016.000,160.205,FILLED,CLOSE
e3c6fa8082fc10e642bfbe4952c8357d,2024-11-12,2024-11-13,2024-11-13T15:00:00+08:00,QMT:qmt_etf_quant_20260812:510300:2024-11-13,SH.510300,SELL,500,500,4.19500000,4.192,2096.000,5.000,FILLED,CLOSE
4f6aeba8128862fef81904b4a8092b00,2024-11-12,2024-11-13,2024-11-13T15:00:00+08:00,QMT:qmt_etf_quant_20260812:518880:2024-11-13,SH.518880,BUY,200,200,5.79600000,5.799,1159.800,5.000,FILLED,CLOSE
485b0a10abaa7cf091b53177f25fbc2a,2024-11-13,2024-11-14,2024-11-14T15:00:00+08:00,QMT:qmt_etf_quant_20260812:518880:2024-11-14,SH.518880,BUY,300,300,5.68000000,5.683,1704.900,5.000,FILLED,CLOSE
b37b2d2adebc0b9eb997079a48e7cde6,2024-11-14,2024-11-15,2024-11-15T15:00:00+08:00,QMT:qmt_etf_quant_20260812:518880:2024-11-15,SH.518880,SELL,600,600,5.68300000,5.680,3408.000,5.000,FILLED,CLOSE
c60fc172059d837dfb05660d6e2cd033,2024-11-14,2024-11-15,2024-11-15T15:00:00+08:00,QMT:qmt_etf_quant_20260812:510300:2024-11-15,SH.510300,BUY,1100,1100,4.05500000,4.058,4463.800,5.000,FILLED,CLOSE
66920cb5208691862daaf0fb17da7d20,2024-11-15,2024-11-18,2024-11-18T15:00:00+08:00,QMT:qmt_etf_quant_20260812:510300:2024-11-18,SH.510300,SELL,128600,128600,4.03800000,4.035,518901.000,155.670,FILLED,CLOSE
707023050814fb8e4368af7ef61c6307,2024-11-15,2024-11-18,2024-11-18T15:00:00+08:00,QMT:qmt_etf_quant_20260812:518880:2024-11-18,SH.518880,SELL,900,900,5.75800000,5.755,5179.500,5.000,FILLED,CLOSE
4955a96b030a3462f7f9405379b2202f,2024-11-15,2024-11-18,2024-11-18T15:00:00+08:00,QMT:qmt_etf_quant_20260812:588000:2024-11-18,SH.588000,BUY,513500,513500,1.02000000,1.021,524283.500,157.285,FILLED,CLOSE
bb5c8193c796d51f843f8dc002971481,2024-11-18,2024-11-19,2024-11-19T15:00:00+08:00,QMT:qmt_etf_quant_20260812:588000:2024-11-19,SH.588000,SELL,5100,5100,1.05200000,1.051,5360.100,5.000,FILLED,CLOSE
35ebbde93545a78917400de3fafa39ee,2024-11-18,2024-11-19,2024-11-19T15:00:00+08:00,QMT:qmt_etf_quant_20260812:518880:2024-11-19,SH.518880,BUY,200,200,5.85800000,5.861,1172.200,5.000,FILLED,CLOSE
c7968d04826266bb48b30872dfb3fad1,2024-11-19,2024-11-20,2024-11-20T15:00:00+08:00,QMT:qmt_etf_quant_20260812:588000:2024-11-20,SH.588000,SELL,800,800,1.05500000,1.054,843.200,5.000,FILLED,CLOSE
be15c8cbf72799bbfd1a3cf3b3718324,2024-11-19,2024-11-20,2024-11-20T15:00:00+08:00,QMT:qmt_etf_quant_20260812:518880:2024-11-20,SH.518880,BUY,200,200,5.85700000,5.860,1172.000,5.000,FILLED,CLOSE
a590f2d485a45db131e90a3aac552e20,2024-11-20,2024-11-21,2024-11-21T15:00:00+08:00,QMT:qmt_etf_quant_20260812:518880:2024-11-21,SH.518880,SELL,200,200,5.93300000,5.930,1186.000,5.000,FILLED,CLOSE
f4b16823fbd69cdcb39acd35028089f6,2024-11-20,2024-11-21,2024-11-21T15:00:00+08:00,QMT:qmt_etf_quant_20260812:588000:2024-11-21,SH.588000,BUY,500,500,1.06400000,1.065,532.500,5.000,FILLED,CLOSE
47aa093adaf9fbdea83fa14d767b79d1,2024-11-21,2024-11-22,2024-11-22T15:00:00+08:00,QMT:qmt_etf_quant_20260812:518880:2024-11-22,SH.518880,SELL,2300,2300,6.01000000,6.006,13813.800,5.000,FILLED,CLOSE
dacf44eca4a6bb9e9f223ebd113656b0,2024-11-21,2024-11-22,2024-11-22T15:00:00+08:00,QMT:qmt_etf_quant_20260812:588000:2024-11-22,SH.588000,BUY,14500,14500,1.02200000,1.023,14833.500,5.000,FILLED,CLOSE
06e4f6209028fef4aa614fe313b3c125,2024-11-22,2024-11-25,2024-11-25T15:00:00+08:00,QMT:qmt_etf_quant_20260812:518880:2024-11-25,SH.518880,BUY,100,100,5.91600000,5.919,591.900,5.000,FILLED,CLOSE
a46fd4fe740cc841bb417fac09f871aa,2024-11-22,2024-11-25,2024-11-25T15:00:00+08:00,QMT:qmt_etf_quant_20260812:588000:2024-11-25,SH.588000,BUY,300,300,1.00800000,1.009,302.700,5.000,FILLED,CLOSE
8a06d12c6691f03d6b5e5501cf34c971,2024-11-25,2024-11-26,2024-11-26T15:00:00+08:00,QMT:qmt_etf_quant_20260812:588000:2024-11-26,SH.588000,SELL,1100,1100,1.00200000,1.001,1101.100,5.000,FILLED,CLOSE
7cf770849d2260ae33736b19511ac4b3,2024-11-25,2024-11-26,2024-11-26T15:00:00+08:00,QMT:qmt_etf_quant_20260812:518880:2024-11-26,SH.518880,BUY,400,400,5.84400000,5.847,2338.800,5.000,FILLED,CLOSE
1890195d5e82213716cb42cdd5870732,2024-11-26,2024-11-27,2024-11-27T15:00:00+08:00,QMT:qmt_etf_quant_20260812:588000:2024-11-27,SH.588000,SELL,7800,7800,1.03800000,1.037,8088.600,5.000,FILLED,CLOSE
54d7532b6f1cfd65d119f66065838a2b,2024-11-26,2024-11-27,2024-11-27T15:00:00+08:00,QMT:qmt_etf_quant_20260812:518880:2024-11-27,SH.518880,BUY,1000,1000,5.89900000,5.902,5902.000,5.000,FILLED,CLOSE
0f6617f5ae48ffdb74e4e6adf604e72e,2024-11-27,2024-11-28,2024-11-28T15:00:00+08:00,QMT:qmt_etf_quant_20260812:588000:2024-11-28,SH.588000,SELL,100,100,1.03400000,1.033,103.300,5.000,FILLED,CLOSE
5690d0c2c4e5ce2049b9ab1c7ee27dfd,2024-11-27,2024-11-28,2024-11-28T15:00:00+08:00,QMT:qmt_etf_quant_20260812:518880:2024-11-28,SH.518880,BUY,100,100,5.86900000,5.872,587.200,5.000,FILLED,CLOSE
df106e20412803be164d3fef96c78b69,2024-11-28,2024-11-29,2024-11-29T15:00:00+08:00,QMT:qmt_etf_quant_20260812:588000:2024-11-29,SH.588000,SELL,4900,4900,1.06000000,1.059,5189.100,5.000,FILLED,CLOSE
e588346c07bc991b179bf3e455c2c0d5,2024-11-28,2024-11-29,2024-11-29T15:00:00+08:00,QMT:qmt_etf_quant_20260812:518880:2024-11-29,SH.518880,BUY,500,500,5.92300000,5.926,2963.000,5.000,FILLED,CLOSE
f47611341d06fd25ca01c9a2761c8e20,2024-11-29,2024-12-02,2024-12-02T15:00:00+08:00,QMT:qmt_etf_quant_20260812:588000:2024-12-02,SH.588000,SELL,4000,4000,1.06800000,1.067,4268.000,5.000,FILLED,CLOSE
0ded9c44e4a7d19224681337f6b0829f,2024-11-29,2024-12-02,2024-12-02T15:00:00+08:00,QMT:qmt_etf_quant_20260812:518880:2024-12-02,SH.518880,BUY,800,800,5.87200000,5.875,4700.000,5.000,FILLED,CLOSE
aa7324903e8673673752e0af9bd33ed4,2024-12-02,2024-12-03,2024-12-03T15:00:00+08:00,QMT:qmt_etf_quant_20260812:518880:2024-12-03,SH.518880,SELL,800,800,5.93100000,5.928,4742.400,5.000,FILLED,CLOSE
6d3726c6e8b8918eb1790607a87d14a4,2024-12-02,2024-12-03,2024-12-03T15:00:00+08:00,QMT:qmt_etf_quant_20260812:588000:2024-12-03,SH.588000,BUY,5100,5100,1.05700000,1.058,5395.800,5.000,FILLED,CLOSE
51c247489d1a92ce5857ba9df732a3c0,2024-12-03,2024-12-04,2024-12-04T15:00:00+08:00,QMT:qmt_etf_quant_20260812:518880:2024-12-04,SH.518880,SELL,300,300,5.92900000,5.926,1777.800,5.000,FILLED,CLOSE
439756f98c3b4ea2a2541e9b339532c0,2024-12-03,2024-12-04,2024-12-04T15:00:00+08:00,QMT:qmt_etf_quant_20260812:588000:2024-12-04,SH.588000,BUY,1700,1700,1.05000000,1.051,1786.700,5.000,FILLED,CLOSE
2768d56e7ed43bbdad7e684dd37ff72c,2024-12-04,2024-12-05,2024-12-05T15:00:00+08:00,QMT:qmt_etf_quant_20260812:588000:2024-12-05,SH.588000,SELL,700,700,1.05300000,1.052,736.400,5.000,FILLED,CLOSE
9b87c7d0b14b961540b291359e6d75ee,2024-12-05,2024-12-06,2024-12-06T15:00:00+08:00,QMT:qmt_etf_quant_20260812:588000:2024-12-06,SH.588000,SELL,4700,4700,1.06700000,1.066,5010.200,5.000,FILLED,CLOSE
abadcd8ce241346ffc1db8caab0ca528,2024-12-05,2024-12-06,2024-12-06T15:00:00+08:00,QMT:qmt_etf_quant_20260812:518880:2024-12-06,SH.518880,BUY,800,800,5.90300000,5.906,4724.800,5.000,FILLED,CLOSE
285c73ea610a2b0f2f309a82781529cc,2024-12-06,2024-12-09,2024-12-09T15:00:00+08:00,QMT:qmt_etf_quant_20260812:518880:2024-12-09,SH.518880,SELL,700,700,5.93600000,5.933,4153.100,5.000,FILLED,CLOSE
b2cb7123cdd240b4ddba252bef39d51f,2024-12-06,2024-12-09,2024-12-09T15:00:00+08:00,QMT:qmt_etf_quant_20260812:588000:2024-12-09,SH.588000,BUY,4700,4700,1.05400000,1.055,4958.500,5.000,FILLED,CLOSE
0086b12f9a4035d142faaece116af387,2024-12-09,2024-12-10,2024-12-10T15:00:00+08:00,QMT:qmt_etf_quant_20260812:588000:2024-12-10,SH.588000,SELL,1400,1400,1.06300000,1.062,1486.800,5.000,FILLED,CLOSE
54296a1667bec31a841b37c1985b65aa,2024-12-10,2024-12-11,2024-12-11T15:00:00+08:00,QMT:qmt_etf_quant_20260812:518880:2024-12-11,SH.518880,SELL,400,400,6.01100000,6.007,2402.800,5.000,FILLED,CLOSE
4133661c05b9aa18f9cf4cf75f2124bf,2024-12-10,2024-12-11,2024-12-11T15:00:00+08:00,QMT:qmt_etf_quant_20260812:588000:2024-12-11,SH.588000,BUY,2900,2900,1.05900000,1.060,3074.000,5.000,FILLED,CLOSE
a83cc920a364a0a8690aa7a0df56c283,2024-12-11,2024-12-12,2024-12-12T15:00:00+08:00,QMT:qmt_etf_quant_20260812:518880:2024-12-12,SH.518880,SELL,200,200,6.05200000,6.048,1209.600,5.000,FILLED,CLOSE
9b87d743815db354110cc7787560c0c7,2024-12-11,2024-12-12,2024-12-12T15:00:00+08:00,QMT:qmt_etf_quant_20260812:588000:2024-12-12,SH.588000,BUY,500,500,1.06300000,1.064,532.000,5.000,FILLED,CLOSE
9421af5dc7b0b5ecf2be4af173bd1cf3,2024-12-12,2024-12-13,2024-12-13T15:00:00+08:00,QMT:qmt_etf_quant_20260812:518880:2024-12-13,SH.518880,SELL,400,400,6.00100000,5.997,2398.800,5.000,FILLED,CLOSE
7e763dc56428840de9dcdd7432ef6a51,2024-12-12,2024-12-13,2024-12-13T15:00:00+08:00,QMT:qmt_etf_quant_20260812:588000:2024-12-13,SH.588000,BUY,3700,3700,1.04200000,1.043,3859.100,5.000,FILLED,CLOSE
ff7f1788fed0c93b29b707e6f359072a,2024-12-13,2024-12-16,2024-12-16T15:00:00+08:00,QMT:qmt_etf_quant_20260812:518880:2024-12-16,SH.518880,SELL,200,200,5.94700000,5.944,1188.800,5.000,FILLED,CLOSE
2c3ea685389877020ed7f775cfb6f293,2024-12-13,2024-12-16,2024-12-16T15:00:00+08:00,QMT:qmt_etf_quant_20260812:588000:2024-12-16,SH.588000,BUY,2600,2600,1.02500000,1.026,2667.600,5.000,FILLED,CLOSE
eaa9d39aa60b196c22b2274795f57207,2024-12-16,2024-12-17,2024-12-17T15:00:00+08:00,QMT:qmt_etf_quant_20260812:518880:2024-12-17,SH.518880,SELL,200,200,5.94000000,5.937,1187.400,5.000,FILLED,CLOSE
89e330943feb658524e1321887e39637,2024-12-16,2024-12-17,2024-12-17T15:00:00+08:00,QMT:qmt_etf_quant_20260812:588000:2024-12-17,SH.588000,BUY,1400,1400,1.01900000,1.020,1428.000,5.000,FILLED,CLOSE
edc7447b007733609923a95a35c8f44c,2024-12-17,2024-12-18,2024-12-18T15:00:00+08:00,QMT:qmt_etf_quant_20260812:588000:2024-12-18,SH.588000,SELL,4100,4100,1.03300000,1.032,4231.200,5.000,FILLED,CLOSE
c7b55e7d92faca97c9a1bf1136a82afe,2024-12-17,2024-12-18,2024-12-18T15:00:00+08:00,QMT:qmt_etf_quant_20260812:518880:2024-12-18,SH.518880,BUY,500,500,5.93200000,5.935,2967.500,5.000,FILLED,CLOSE
78255cabbc64af2ece4f2d5ca1c891ca,2024-12-18,2024-12-19,2024-12-19T15:00:00+08:00,QMT:qmt_etf_quant_20260812:588000:2024-12-19,SH.588000,SELL,5100,5100,1.04500000,1.044,5324.400,5.000,FILLED,CLOSE
c748e0c1e8172801f4c2ca785e45425f,2024-12-18,2024-12-19,2024-12-19T15:00:00+08:00,QMT:qmt_etf_quant_20260812:518880:2024-12-19,SH.518880,BUY,900,900,5.88500000,5.888,5299.200,5.000,FILLED,CLOSE
6aa4fcd6fe2b52ec47d0429bcdc058d0,2024-12-19,2024-12-20,2024-12-20T15:00:00+08:00,QMT:qmt_etf_quant_20260812:588000:2024-12-20,SH.588000,SELL,5000,5000,1.06500000,1.064,5320.000,5.000,FILLED,CLOSE
4937f2d6d4b63e341ce0463cd7121757,2024-12-19,2024-12-20,2024-12-20T15:00:00+08:00,QMT:qmt_etf_quant_20260812:518880:2024-12-20,SH.518880,BUY,700,700,5.89200000,5.895,4126.500,5.000,FILLED,CLOSE
395bf5d356b8deb29cba5f82b9a405a9,2024-12-20,2024-12-23,2024-12-23T15:00:00+08:00,QMT:qmt_etf_quant_20260812:518880:2024-12-23,SH.518880,SELL,900,900,5.95100000,5.948,5353.200,5.000,FILLED,CLOSE
5c7c1fa9127db5c4acfb5198916fcee4,2024-12-20,2024-12-23,2024-12-23T15:00:00+08:00,QMT:qmt_etf_quant_20260812:588000:2024-12-23,SH.588000,BUY,5600,5600,1.05200000,1.053,5896.800,5.000,FILLED,CLOSE
a7f30f0d6941076c7abded5ec4d1f851,2024-12-23,2024-12-24,2024-12-24T15:00:00+08:00,QMT:qmt_etf_quant_20260812:588000:2024-12-24,SH.588000,SELL,5500,5500,1.06900000,1.068,5874.000,5.000,FILLED,CLOSE
76f8600fd85d9efeef6a52aec7955c47,2024-12-23,2024-12-24,2024-12-24T15:00:00+08:00,QMT:qmt_etf_quant_20260812:518880:2024-12-24,SH.518880,BUY,800,800,5.92100000,5.924,4739.200,5.000,FILLED,CLOSE
0d7dd6f44ddbf6b0f419c575335d10ad,2024-12-24,2024-12-25,2024-12-25T15:00:00+08:00,QMT:qmt_etf_quant_20260812:588000:2024-12-25,SH.588000,SELL,200,200,1.07200000,1.071,214.200,5.000,FILLED,CLOSE
b8d31ff3fc91a485130add440b2e57f5,2024-12-25,2024-12-26,2024-12-26T15:00:00+08:00,QMT:qmt_etf_quant_20260812:588000:2024-12-26,SH.588000,SELL,2200,2200,1.08100000,1.080,2376.000,5.000,FILLED,CLOSE
d3132cc045a209ba245f3e94d98a97b9,2024-12-25,2024-12-26,2024-12-26T15:00:00+08:00,QMT:qmt_etf_quant_20260812:518880:2024-12-26,SH.518880,BUY,300,300,5.94000000,5.943,1782.900,5.000,FILLED,CLOSE
1216799c0765643b8b4ad87e58f934e7,2024-12-26,2024-12-27,2024-12-27T15:00:00+08:00,QMT:qmt_etf_quant_20260812:518880:2024-12-27,SH.518880,SELL,200,200,5.94500000,5.942,1188.400,5.000,FILLED,CLOSE
3de941b004a47a8a527369fae7a6942e,2024-12-26,2024-12-27,2024-12-27T15:00:00+08:00,QMT:qmt_etf_quant_20260812:588000:2024-12-27,SH.588000,BUY,1900,1900,1.07400000,1.075,2042.500,5.000,FILLED,CLOSE
62458b8458336a7da7c434dea6a3d50b,2024-12-27,2024-12-30,2024-12-30T15:00:00+08:00,QMT:qmt_etf_quant_20260812:588000:2024-12-30,SH.588000,SELL,1500,1500,1.07700000,1.076,1614.000,5.000,FILLED,CLOSE
3d52d8bfbfe8bbc26690f462008ea2ee,2024-12-27,2024-12-30,2024-12-30T15:00:00+08:00,QMT:qmt_etf_quant_20260812:518880:2024-12-30,SH.518880,BUY,200,200,5.92300000,5.926,1185.200,5.000,FILLED,CLOSE
bd415966620f22487b1956e2c3f65e8c,2024-12-30,2024-12-31,2024-12-31T15:00:00+08:00,QMT:qmt_etf_quant_20260812:518880:2024-12-31,SH.518880,SELL,1200,1200,5.92800000,5.925,7110.000,5.000,FILLED,CLOSE
b976273ed2f2aecd7a065256b4c2e04e,2024-12-30,2024-12-31,2024-12-31T15:00:00+08:00,QMT:qmt_etf_quant_20260812:588000:2024-12-31,SH.588000,BUY,8600,8600,1.04500000,1.046,8995.600,5.000,FILLED,CLOSE
