﻿HuijinEntity,Symbol,ReportTypeID,ReportTypeName,EndDate,Ranking,HolderName,FundID,FundClassID,Startdate,HoldersShare,HolderOfListing
中央汇金资产管理有限责任公司,159562,6,年度,2024-12-31,1.0,华夏基金－中央汇金资产管理有限责任公司－华夏基金－汇金资管单一资产管理计划,10981215,202000051594,2024-01-11,32976000.0,11.9
中央汇金资产管理有限责任公司,159562,5,半年度,2025-06-30,1.0,华夏基金－中央汇金资产管理有限责任公司－华夏基金－汇金资管单一资产管理计划,10981215,202000051594,2025-01-01,36343374.0,9.71
中央汇金资产管理有限责任公司,159562,6,年度,2025-12-31,2.0,华夏基金－中央汇金资产管理有限责任公司－华夏基金－汇金资管单一资产管理计划,10981215,202000051594,2025-01-01,92999674.0,6.86
中央汇金资产管理有限责任公司,159605,5,半年度,2022-06-30,2.0,易方达基金-中央汇金资产管理有限责任公司-易方达基金-汇金资管单一资产管理计划,10571623,202000033570,2022-01-01,178628541.0,3.67
中央汇金资产管理有限责任公司,159605,6,年度,2022-12-31,3.0,易方达基金-中央汇金资产管理有限责任公司-易方达基金-汇金资管单一资产管理计划,10571623,202000033570,2022-01-01,330000019.0,4.57
中央汇金资产管理有限责任公司,159605,5,半年度,2023-06-30,2.0,易方达基金-中央汇金资产管理有限责任公司-易方达基金-汇金资管单一资产管理计划,10571623,202000033570,2023-01-01,510000019.0,6.29
中央汇金资产管理有限责任公司,159605,6,年度,2023-12-31,2.0,易方达基金-中央汇金资产管理有限责任公司-易方达基金-汇金资管单一资产管理计划,10571623,202000033570,2023-01-01,628000019.0,6.43
中央汇金资产管理有限责任公司,159605,5,半年度,2024-06-30,2.0,易方达基金-中央汇金资产管理有限责任公司-易方达基金-汇金资管单一资产管理计划,10571623,202000033570,2024-01-01,670000019.0,8.41
中央汇金资产管理有限责任公司,159605,6,年度,2024-12-31,1.0,易方达基金-中央汇金资产管理有限责任公司-易方达基金-汇金资管单一资产管理计划,10571623,202000033570,2024-01-01,1484211143.0,18.93
中央汇金资产管理有限责任公司,159605,5,半年度,2025-06-30,1.0,易方达基金-中央汇金资产管理有限责任公司-易方达基金-汇金资管单一资产管理计划,10571623,202000033570,2025-01-01,800000043.0,19.13
中央汇金资产管理有限责任公司,159605,6,年度,2025-12-31,1.0,易方达基金-中央汇金资产管理有限责任公司-易方达基金-汇金资管单一资产管理计划,10571623,202000033570,2025-01-01,700000043.0,17.49
中央汇金投资有限责任公司,159629,5,半年度,2024-06-30,1.0,中央汇金投资有限责任公司,10595530,202000040619,2024-01-01,1313005255.0,47.01
中央汇金资产管理有限责任公司,159629,6,年度,2024-12-31,1.0,中央汇金资产管理有限责任公司,10595530,202000040619,2024-01-01,1461247600.0,39.59
中央汇金投资有限责任公司,159629,6,年度,2024-12-31,2.0,中央汇金投资有限责任公司,10595530,202000040619,2024-01-01,1313005255.0,35.57
中央汇金资产管理有限责任公司,159629,5,半年度,2025-06-30,1.0,中央汇金资产管理有限责任公司,10595530,202000040619,2025-01-01,2320963700.0,50.57
中央汇金投资有限责任公司,159629,5,半年度,2025-06-30,2.0,中央汇金投资有限责任公司,10595530,202000040619,2025-01-01,1313005255.0,28.61
中央汇金资产管理有限责任公司,159629,6,年度,2025-12-31,1.0,中央汇金资产管理有限责任公司,10595530,202000040619,2025-01-01,2320963700.0,54.52
中央汇金投资有限责任公司,159629,6,年度,2025-12-31,2.0,中央汇金投资有限责任公司,10595530,202000040619,2025-01-01,1313005255.0,30.84
中央汇金资产管理有限责任公司,159726,6,年度,2024-12-31,1.0,华夏基金－中央汇金资产管理有限责任公司－华夏基金－汇金资管单一资产管理计划,10561034,202000031373,2024-01-01,70120000.0,13.49
中央汇金资产管理有限责任公司,159726,5,半年度,2025-06-30,1.0,华夏基金－中央汇金资产管理有限责任公司－华夏基金－汇金资管单一资产管理计划,10561034,202000031373,2025-01-01,80588800.0,19.35
中央汇金资产管理有限责任公司,159745,6,年度,2023-12-31,8.0,华夏基金－中央汇金资产管理有限责任公司－华夏基金－汇金资管单一资产管理计划,10542918,202000028229,2023-01-01,13854000.0,1.13
中央汇金资产管理有限责任公司,159745,5,半年度,2024-06-30,4.0,华夏基金－中央汇金资产管理有限责任公司－华夏基金－汇金资管单一资产管理计划,10542918,202000028229,2024-01-01,62719900.0,4.86
中央汇金资产管理有限责任公司,159766,5,半年度,2023-06-30,6.0,华夏基金－中央汇金资产管理有限责任公司－华夏基金－汇金资管单一资产管理计划,10545710,202000029110,2023-01-01,41721800.0,1.24
中央汇金资产管理有限责任公司,159766,6,年度,2023-12-31,1.0,华夏基金－中央汇金资产管理有限责任公司－华夏基金－汇金资管单一资产管理计划,10545710,202000029110,2023-01-01,126675336.0,3.38
中央汇金资产管理有限责任公司,159766,5,半年度,2024-06-30,8.0,华夏基金－中央汇金资产管理有限责任公司－华夏基金－汇金资管单一资产管理计划,10545710,202000029110,2024-01-01,86926506.0,1.9
中央汇金资产管理有限责任公司,159766,6,年度,2024-12-31,4.0,华夏基金－中央汇金资产管理有限责任公司－华夏基金－汇金资管单一资产管理计划,10545710,202000029110,2024-01-01,72901700.0,2.33
中央汇金资产管理有限责任公司,159766,5,半年度,2025-06-30,8.0,华夏基金－中央汇金资产管理有限责任公司－华夏基金－汇金资管单一资产管理计划,10545710,202000029110,2025-01-01,58433793.0,1.34
中央汇金资产管理有限责任公司,159806,6,年度,2020-12-31,1.0,华夏基金－中央汇金资产管理有限责任公司－华夏基金－汇金资管单一资产管理计划,10484225,202000022563,2020-03-10,117999901.0,15.93
中央汇金资产管理有限责任公司,159806,5,半年度,2021-06-30,1.0,华夏基金－中央汇金资产管理有限责任公司－华夏基金－汇金资管单一资产管理计划,10484225,202000022563,2021-01-01,117999901.0,19.61
中央汇金资产管理有限责任公司,159806,6,年度,2021-12-31,1.0,华夏基金－中央汇金资产管理有限责任公司－华夏基金－汇金资管单一资产管理计划,10484225,202000022563,2021-01-01,117999901.0,16.08
中央汇金资产管理有限责任公司,159807,6,年度,2020-12-31,1.0,华夏基金－中央汇金资产管理有限责任公司－华夏基金－汇金资管单一资产管理计划,10484262,202000022575,2020-03-16,93407905.0,14.2
中央汇金资产管理有限责任公司,159807,5,半年度,2021-06-30,1.0,华夏基金－中央汇金资产管理有限责任公司－华夏基金－汇金资管单一资产管理计划,10484262,202000022575,2021-01-01,253820490.0,20.26
中央汇金资产管理有限责任公司,159825,5,半年度,2023-06-30,8.0,华夏基金－中央汇金资产管理有限责任公司－华夏基金－汇金资管单一资产管理计划,10509063,202000024530,2023-01-01,23199700.0,0.61
中央汇金资产管理有限责任公司,159845,6,年度,2022-12-31,6.0,华夏基金－中央汇金资产管理有限责任公司－华夏基金－汇金资管单一资产管理计划,10526385,202000025910,2022-01-01,85443161.0,2.59
中央汇金投资有限责任公司,159845,5,半年度,2024-06-30,1.0,中央汇金投资有限责任公司,10526385,202000025910,2024-01-01,4797801550.0,71.56
中央汇金资产管理有限责任公司,159845,6,年度,2024-12-31,1.0,中央汇金资产管理有限责任公司,10526385,202000025910,2024-01-01,5123275630.0,43.31
中央汇金投资有限责任公司,159845,6,年度,2024-12-31,2.0,中央汇金投资有限责任公司,10526385,202000025910,2024-01-01,4797801550.0,40.55
中央汇金资产管理有限责任公司,159845,5,半年度,2025-06-30,1.0,中央汇金资产管理有限责任公司,10526385,202000025910,2025-01-01,8928108730.0,60.92
中央汇金投资有限责任公司,159845,5,半年度,2025-06-30,2.0,中央汇金投资有限责任公司,10526385,202000025910,2025-01-01,4797801550.0,32.74
中央汇金资产管理有限责任公司,159845,6,年度,2025-12-31,1.0,中央汇金资产管理有限责任公司,10526385,202000025910,2025-01-01,8928108730.0,56.04
中央汇金投资有限责任公司,159845,6,年度,2025-12-31,2.0,中央汇金投资有限责任公司,10526385,202000025910,2025-01-01,4797801550.0,30.11
中央汇金资产管理有限责任公司,159850,6,年度,2022-12-31,10.0,华夏基金－中央汇金资产管理有限责任公司－华夏基金－汇金资管单一资产管理计划,10524544,202000025246,2022-01-01,4657600.0,0.39
中央汇金资产管理有限责任公司,159852,6,年度,2022-12-31,10.0,华夏基金－中央汇金资产管理有限责任公司－华夏基金－汇金资管单一资产管理计划,10524228,202000025093,2022-01-01,9220900.0,1.52
中央汇金资产管理有限责任公司,159852,6,年度,2024-12-31,1.0,华夏基金－中央汇金资产管理有限责任公司－华夏基金－汇金资管单一资产管理计划,10524228,202000025093,2024-01-01,56725700.0,3.05
中央汇金资产管理有限责任公司,159852,5,半年度,2025-06-30,3.0,华夏基金－中央汇金资产管理有限责任公司－华夏基金－汇金资管单一资产管理计划,10524228,202000025093,2025-01-01,56725700.0,1.44
中央汇金资产管理有限责任公司,159852,6,年度,2025-12-31,1.0,华夏基金－中央汇金资产管理有限责任公司－华夏基金－汇金资管单一资产管理计划,10524228,202000025093,2025-01-01,122125500.0,1.75
中央汇金资产管理有限责任公司,159865,5,半年度,2023-06-30,8.0,华夏基金－中央汇金资产管理有限责任公司－华夏基金－汇金资管单一资产管理计划,10525907,202000025767,2023-01-01,59751400.0,0.71
中央汇金资产管理有限责任公司,159865,6,年度,2023-12-31,4.0,华夏基金－中央汇金资产管理有限责任公司－华夏基金－汇金资管单一资产管理计划,10525907,202000025767,2023-01-01,67344300.0,0.98
中央汇金资产管理有限责任公司,159865,6,年度,2024-12-31,2.0,华夏基金－中央汇金资产管理有限责任公司－华夏基金－汇金资管单一资产管理计划,10525907,202000025767,2024-01-01,83552560.0,1.47
中央汇金资产管理有限责任公司,159865,5,半年度,2025-06-30,5.0,华夏基金－中央汇金资产管理有限责任公司－华夏基金－汇金资管单一资产管理计划,10525907,202000025767,2025-01-01,83552560.0,1.39
中央汇金资产管理有限责任公司,159865,6,年度,2025-12-31,7.0,华夏基金－中央汇金资产管理有限责任公司－华夏基金－汇金资管单一资产管理计划,10525907,202000025767,2025-01-01,128690960.0,1.37
中央汇金资产管理有限责任公司,159870,5,半年度,2023-06-30,3.0,华夏基金－中央汇金资产管理有限责任公司－华夏基金－汇金资管单一资产管理计划,10525690,202000025641,2023-01-01,207419549.0,6.36
中央汇金资产管理有限责任公司,159870,6,年度,2023-12-31,3.0,华夏基金－中央汇金资产管理有限责任公司－华夏基金－汇金资管单一资产管理计划,10525690,202000025641,2023-01-01,264536049.0,7.72
中央汇金资产管理有限责任公司,159870,5,半年度,2024-06-30,1.0,华夏基金－中央汇金资产管理有限责任公司－华夏基金－汇金资管单一资产管理计划,10525690,202000025641,2024-01-01,264536049.0,9.13
中央汇金资产管理有限责任公司,159870,6,年度,2024-12-31,1.0,华夏基金－中央汇金资产管理有限责任公司－华夏基金－汇金资管单一资产管理计划,10525690,202000025641,2024-01-01,248062289.0,9.87
中央汇金资产管理有限责任公司,159870,5,半年度,2025-06-30,1.0,华夏基金－中央汇金资产管理有限责任公司－华夏基金－汇金资管单一资产管理计划,10525690,202000025641,2025-01-01,248062289.0,10.02
中央汇金资产管理有限责任公司,159870,6,年度,2025-12-31,10.0,华夏基金－中央汇金资产管理有限责任公司－华夏基金－汇金资管单一资产管理计划,10525690,202000025641,2025-01-01,220185027.0,1.07
中央汇金资产管理有限责任公司,159883,6,年度,2024-12-31,8.0,华夏基金-中央汇金资产管理有限责任公司-华夏基金-汇金资管单一资产管理计划,10529167,202000026557,2024-01-01,37720200.0,1.06
中央汇金投资有限责任公司,159901,6,年度,2015-12-31,7.0,中央汇金投资有限责任公司,10102967,202000000532,2015-01-01,12662660.0,1.0
中央汇金投资有限责任公司,159901,5,半年度,2016-06-30,5.0,中央汇金投资有限责任公司,10102967,202000000532,2016-01-01,12662660.0,1.18
中央汇金投资有限责任公司,159901,6,年度,2016-12-31,5.0,中央汇金投资有限责任公司,10102967,202000000532,2016-01-01,12662660.0,1.42
中央汇金投资有限责任公司,159901,5,半年度,2017-06-30,5.0,中央汇金投资有限责任公司,10102967,202000000532,2017-01-01,12662660.0,1.53
中央汇金投资有限责任公司,159901,6,年度,2017-12-31,4.0,中央汇金投资有限责任公司,10102967,202000000532,2017-01-01,12662660.0,1.58
中央汇金投资有限责任公司,159901,5,半年度,2018-06-30,4.0,中央汇金投资有限责任公司,10102967,202000000532,2018-01-01,12662660.0,1.63
中央汇金资产管理有限责任公司,159901,6,年度,2018-12-31,2.0,中央汇金资产管理有限责任公司,10102967,202000000532,2018-01-01,29457900.0,2.91
中央汇金投资有限责任公司,159901,6,年度,2018-12-31,6.0,中央汇金投资有限责任公司,10102967,202000000532,2018-01-01,12662660.0,1.25
中央汇金资产管理有限责任公司,159901,5,半年度,2019-06-30,1.0,中央汇金资产管理有限责任公司,10102967,202000000532,2019-01-01,261699300.0,19.41
中央汇金投资有限责任公司,159901,5,半年度,2019-06-30,7.0,中央汇金投资有限责任公司,10102967,202000000532,2019-01-01,12662660.0,0.94
中央汇金资产管理有限责任公司,159901,6,年度,2019-12-31,1.0,中央汇金资产管理有限责任公司,10102967,202000000532,2019-01-01,269480100.0,19.42
中央汇金资产管理有限责任公司,159901,6,年度,2019-12-31,2.0,易方达基金－中央汇金资产管理有限责任公司－易方达基金－汇金资管单一资产管理计划,10102967,202000000532,2019-01-01,185200042.0,13.35
中央汇金资产管理有限责任公司,159901,6,年度,2019-12-31,5.0,华夏基金－中央汇金资产管理有限责任公司－华夏基金－汇金资管单一资产管理计划,10102967,202000000532,2019-01-01,19261393.0,1.39
中央汇金投资有限责任公司,159901,6,年度,2019-12-31,7.0,中央汇金投资有限责任公司,10102967,202000000532,2019-01-01,12662660.0,0.91
中央汇金资产管理有限责任公司,159901,5,半年度,2020-06-30,1.0,中央汇金资产管理有限责任公司,10102967,202000000532,2020-01-01,279853280.0,21.1
中央汇金资产管理有限责任公司,159901,5,半年度,2020-06-30,2.0,易方达基金－中央汇金资产管理有限责任公司－易方达基金－汇金资管单一资产管理计划,10102967,202000000532,2020-01-01,150000051.0,11.31
中央汇金资产管理有限责任公司,159901,5,半年度,2020-06-30,4.0,华夏基金－中央汇金资产管理有限责任公司－华夏基金－汇金资管单一资产管理计划,10102967,202000000532,2020-01-01,54668368.0,4.12
中央汇金投资有限责任公司,159901,5,半年度,2020-06-30,7.0,中央汇金投资有限责任公司,10102967,202000000532,2020-01-01,12662660.0,0.95
中央汇金资产管理有限责任公司,159901,6,年度,2020-12-31,1.0,中央汇金资产管理有限责任公司,10102967,202000000532,2020-01-01,294323142.0,24.61
中央汇金资产管理有限责任公司,159901,6,年度,2020-12-31,2.0,易方达基金－中央汇金资产管理有限责任公司－易方达基金－汇金资管单一资产管理计划,10102967,202000000532,2020-01-01,196000017.0,16.39
中央汇金资产管理有限责任公司,159901,6,年度,2020-12-31,3.0,华夏基金－中央汇金资产管理有限责任公司－华夏基金－汇金资管单一资产管理计划,10102967,202000000532,2020-01-01,77999870.0,6.52
中央汇金投资有限责任公司,159901,6,年度,2020-12-31,6.0,中央汇金投资有限责任公司,10102967,202000000532,2020-01-01,12662660.0,1.06
中央汇金资产管理有限责任公司,159901,5,半年度,2021-06-30,1.0,中央汇金资产管理有限责任公司,10102967,202000000532,2021-01-01,588646284.0,25.04
中央汇金资产管理有限责任公司,159901,5,半年度,2021-06-30,2.0,易方达基金－中央汇金资产管理有限责任公司－易方达基金－汇金资管单一资产管理计划,10102967,202000000532,2021-01-01,350000034.0,14.89
中央汇金资产管理有限责任公司,159901,5,半年度,2021-06-30,3.0,华夏基金－中央汇金资产管理有限责任公司－华夏基金－汇金资管单一资产管理计划,10102967,202000000532,2021-01-01,147128676.0,6.26
中央汇金投资有限责任公司,159901,5,半年度,2021-06-30,8.0,中央汇金投资有限责任公司,10102967,202000000532,2021-01-01,25325320.0,1.08
中央汇金资产管理有限责任公司,159901,6,年度,2021-12-31,1.0,中央汇金资产管理有限责任公司,10102967,202000000532,2021-01-01,588646284.0,28.59
中央汇金资产管理有限责任公司,159901,6,年度,2021-12-31,2.0,易方达基金－中央汇金资产管理有限责任公司－易方达基金－汇金资管单一资产管理计划,10102967,202000000532,2021-01-01,310010034.0,15.06
中央汇金投资有限责任公司,159901,6,年度,2021-12-31,7.0,中央汇金投资有限责任公司,10102967,202000000532,2021-01-01,25325320.0,1.23
中央汇金资产管理有限责任公司,159901,5,半年度,2022-06-30,1.0,中央汇金资产管理有限责任公司,10102967,202000000532,2022-01-01,681116084.0,33.35
中央汇金资产管理有限责任公司,159901,5,半年度,2022-06-30,2.0,易方达基金－中央汇金资产管理有限责任公司－易方达基金－汇金资管单一资产管理计划,10102967,202000000532,2022-01-01,244852539.0,11.99
中央汇金投资有限责任公司,159901,5,半年度,2022-06-30,7.0,中央汇金投资有限责任公司,10102967,202000000532,2022-01-01,25325320.0,1.24
中央汇金资产管理有限责任公司,159901,6,年度,2022-12-31,1.0,中央汇金资产管理有限责任公司,10102967,202000000532,2022-01-01,693203184.0,31.55
中央汇金资产管理有限责任公司,159901,6,年度,2022-12-31,2.0,易方达基金－中央汇金资产管理有限责任公司－易方达基金－汇金资管单一资产管理计划,10102967,202000000532,2022-01-01,230000339.0,10.47
中央汇金投资有限责任公司,159901,6,年度,2022-12-31,6.0,中央汇金投资有限责任公司,10102967,202000000532,2022-01-01,25325320.0,1.15
中央汇金资产管理有限责任公司,159901,5,半年度,2023-06-30,1.0,中央汇金资产管理有限责任公司,10102967,202000000532,2023-01-01,693203184.0,29.66
中央汇金资产管理有限责任公司,159901,5,半年度,2023-06-30,2.0,易方达基金－中央汇金资产管理有限责任公司－易方达基金－汇金资管单一资产管理计划,10102967,202000000532,2023-01-01,230000339.0,9.84
中央汇金投资有限责任公司,159901,5,半年度,2023-06-30,6.0,中央汇金投资有限责任公司,10102967,202000000532,2023-01-01,25325320.0,1.08
中央汇金资产管理有限责任公司,159901,6,年度,2023-12-31,1.0,中央汇金资产管理有限责任公司,10102967,202000000532,2023-01-01,693203184.0,26.59
中央汇金资产管理有限责任公司,159901,6,年度,2023-12-31,2.0,易方达基金－中央汇金资产管理有限责任公司－易方达基金－汇金资管单一资产管理计划,10102967,202000000532,2023-01-01,230000339.0,8.82
中央汇金投资有限责任公司,159901,6,年度,2023-12-31,8.0,中央汇金投资有限责任公司,10102967,202000000532,2023-01-01,25325320.0,0.97
中央汇金资产管理有限责任公司,159901,5,半年度,2024-06-30,1.0,中央汇金资产管理有限责任公司,10102967,202000000532,2024-01-01,693203184.0,27.47
中央汇金资产管理有限责任公司,159901,5,半年度,2024-06-30,2.0,易方达基金－中央汇金资产管理有限责任公司－易方达基金－汇金资管单一资产管理计划,10102967,202000000532,2024-01-01,230104839.0,9.12
中央汇金投资有限责任公司,159901,5,半年度,2024-06-30,6.0,中央汇金投资有限责任公司,10102967,202000000532,2024-01-01,25325320.0,1.0
中央汇金资产管理有限责任公司,159901,6,年度,2024-12-31,1.0,中央汇金资产管理有限责任公司,10102967,202000000532,2024-01-01,693203184.0,27.86
中央汇金资产管理有限责任公司,159901,6,年度,2024-12-31,2.0,易方达基金－中央汇金资产管理有限责任公司－易方达基金－汇金资管单一资产管理计划,10102967,202000000532,2024-01-01,240000039.0,9.65
中央汇金投资有限责任公司,159901,6,年度,2024-12-31,5.0,中央汇金投资有限责任公司,10102967,202000000532,2024-01-01,25325320.0,1.02
中央汇金资产管理有限责任公司,159901,5,半年度,2025-06-30,1.0,中央汇金资产管理有限责任公司,10102967,202000000532,2025-01-01,693203184.0,29.59
中央汇金资产管理有限责任公司,159901,5,半年度,2025-06-30,2.0,易方达基金－中央汇金资产管理有限责任公司－易方达基金－汇金资管单一资产管理计划,10102967,202000000532,2025-01-01,240000039.0,10.24
中央汇金投资有限责任公司,159901,5,半年度,2025-06-30,5.0,中央汇金投资有限责任公司,10102967,202000000532,2025-01-01,25325320.0,1.08
中央汇金资产管理有限责任公司,159901,6,年度,2025-12-31,1.0,中央汇金资产管理有限责任公司,10102967,202000000532,2025-01-01,693203184.0,33.94
中央汇金资产管理有限责任公司,159901,6,年度,2025-12-31,2.0,易方达基金－中央汇金资产管理有限责任公司－易方达基金－汇金资管单一资产管理计划,10102967,202000000532,2025-01-01,240000039.0,11.75
中央汇金投资有限责任公司,159901,6,年度,2025-12-31,5.0,中央汇金投资有限责任公司,10102967,202000000532,2025-01-01,25325320.0,1.24
中央汇金资产管理有限责任公司,159902,5,半年度,2020-06-30,2.0,华夏基金－中央汇金资产管理有限责任公司－华夏基金－汇金资管单一资产管理计划,10103148,202000000533,2020-01-01,8457181.0,1.5
中央汇金资产管理有限责任公司,159905,5,半年度,2020-06-30,1.0,易方达基金－中央汇金资产管理有限责任公司－易方达基金－汇金资管单一资产管理计划,10103173,202000000535,2020-01-01,140005150.0,10.84
中央汇金资产管理有限责任公司,159905,5,半年度,2020-06-30,8.0,华夏基金－中央汇金资产管理有限责任公司－华夏基金－汇金资管单一资产管理计划,10103173,202000000535,2020-01-01,9661400.0,0.75
中央汇金资产管理有限责任公司,159905,6,年度,2020-12-31,1.0,易方达基金－中央汇金资产管理有限责任公司－易方达基金－汇金资管单一资产管理计划,10103173,202000000535,2020-01-01,220000056.0,14.78
中央汇金资产管理有限责任公司,159905,5,半年度,2021-06-30,1.0,易方达基金－中央汇金资产管理有限责任公司－易方达基金－汇金资管单一资产管理计划,10103173,202000000535,2021-01-01,220000056.0,15.59
中央汇金资产管理有限责任公司,159915,5,半年度,2019-06-30,2.0,中央汇金资产管理有限责任公司,10103462,202000000544,2019-01-01,375577400.0,2.43
中央汇金资产管理有限责任公司,159915,6,年度,2019-12-31,2.0,中央汇金资产管理有限责任公司,10103462,202000000544,2019-01-01,387153500.0,4.15
中央汇金资产管理有限责任公司,159915,5,半年度,2020-06-30,1.0,中央汇金资产管理有限责任公司,10103462,202000000544,2020-01-01,401490545.0,5.51
中央汇金资产管理有限责任公司,159915,5,半年度,2020-06-30,5.0,华夏基金－中央汇金资产管理有限责任公司－华夏基金－汇金资管单一资产管理计划,10103462,202000000544,2020-01-01,82371797.0,1.13
中央汇金资产管理有限责任公司,159915,6,年度,2020-12-31,1.0,中央汇金资产管理有限责任公司,10103462,202000000544,2020-01-01,420303345.0,7.74
中央汇金资产管理有限责任公司,159915,6,年度,2020-12-31,7.0,华夏基金－中央汇金资产管理有限责任公司－华夏基金－汇金资管单一资产管理计划,10103462,202000000544,2020-01-01,30000000.0,0.55
中央汇金资产管理有限责任公司,159915,5,半年度,2021-06-30,1.0,中央汇金资产管理有限责任公司,10103462,202000000544,2021-01-01,420303345.0,9.53
中央汇金资产管理有限责任公司,159915,6,年度,2021-12-31,1.0,中央汇金资产管理有限责任公司,10103462,202000000544,2021-01-01,420303345.0,10.77
中央汇金资产管理有限责任公司,159915,5,半年度,2022-06-30,1.0,中央汇金资产管理有限责任公司,10103462,202000000544,2022-01-01,450426545.0,7.26
中央汇金资产管理有限责任公司,159915,6,年度,2022-12-31,1.0,中央汇金资产管理有限责任公司,10103462,202000000544,2022-01-01,522463645.0,5.79
中央汇金资产管理有限责任公司,159915,5,半年度,2023-06-30,2.0,中央汇金资产管理有限责任公司,10103462,202000000544,2023-01-01,556130945.0,3.08
中央汇金资产管理有限责任公司,159915,6,年度,2023-12-31,1.0,中央汇金资产管理有限责任公司,10103462,202000000544,2023-01-01,600275945.0,2.71
中央汇金投资有限责任公司,159915,5,半年度,2024-06-30,1.0,中央汇金投资有限责任公司,10103462,202000000544,2024-01-01,11362962941.0,36.37
中央汇金资产管理有限责任公司,159915,5,半年度,2024-06-30,2.0,中央汇金资产管理有限责任公司,10103462,202000000544,2024-01-01,600275945.0,1.92
中央汇金投资有限责任公司,159915,6,年度,2024-12-31,1.0,中央汇金投资有限责任公司,10103462,202000000544,2024-01-01,11362962941.0,26.08
中央汇金资产管理有限责任公司,159915,6,年度,2024-12-31,2.0,中央汇金资产管理有限责任公司,10103462,202000000544,2024-01-01,3568834265.0,8.19
中央汇金投资有限责任公司,159915,5,半年度,2025-06-30,1.0,中央汇金投资有限责任公司,10103462,202000000544,2025-01-01,11362962941.0,28.32
中央汇金资产管理有限责任公司,159915,5,半年度,2025-06-30,2.0,中央汇金资产管理有限责任公司,10103462,202000000544,2025-01-01,5656821265.0,14.1
中央汇金投资有限责任公司,159915,6,年度,2025-12-31,1.0,中央汇金投资有限责任公司,10103462,202000000544,2025-01-01,11362962941.0,36.07
中央汇金资产管理有限责任公司,159915,6,年度,2025-12-31,2.0,中央汇金资产管理有限责任公司,10103462,202000000544,2025-01-01,5656821265.0,17.96
中央汇金投资有限责任公司,159919,6,年度,2015-12-31,3.0,中央汇金投资有限责任公司,10103407,202000000548,2015-01-01,75000000.0,1.44
中央汇金投资有限责任公司,159919,5,半年度,2016-06-30,2.0,中央汇金投资有限责任公司,10103407,202000000548,2016-01-01,75000000.0,1.4
中央汇金投资有限责任公司,159919,6,年度,2016-12-31,2.0,中央汇金投资有限责任公司,10103407,202000000548,2016-01-01,75000000.0,1.54
中央汇金投资有限责任公司,159919,5,半年度,2017-06-30,1.0,中央汇金投资有限责任公司,10103407,202000000548,2017-01-01,75000000.0,1.69
中央汇金投资有限责任公司,159919,6,年度,2017-12-31,1.0,中央汇金投资有限责任公司,10103407,202000000548,2017-01-01,75000000.0,1.8
中央汇金投资有限责任公司,159919,5,半年度,2018-06-30,1.0,中央汇金投资有限责任公司,10103407,202000000548,2018-01-01,75000000.0,1.79
中央汇金投资有限责任公司,159919,6,年度,2018-12-31,1.0,中央汇金投资有限责任公司,10103407,202000000548,2018-01-01,75000000.0,1.34
中央汇金资产管理有限责任公司,159919,6,年度,2018-12-31,3.0,中央汇金资产管理有限责任公司,10103407,202000000548,2018-01-01,30483400.0,0.54
中央汇金资产管理有限责任公司,159919,5,半年度,2019-06-30,1.0,中央汇金资产管理有限责任公司,10103407,202000000548,2019-01-01,303142173.0,4.46
中央汇金投资有限责任公司,159919,5,半年度,2019-06-30,3.0,中央汇金投资有限责任公司,10103407,202000000548,2019-01-01,83301065.0,1.22
中央汇金资产管理有限责任公司,159919,6,年度,2019-12-31,1.0,中央汇金资产管理有限责任公司,10103407,202000000548,2019-01-01,313051932.0,4.79
中央汇金投资有限责任公司,159919,6,年度,2019-12-31,5.0,中央汇金投资有限责任公司,10103407,202000000548,2019-01-01,83301065.0,1.27
中央汇金资产管理有限责任公司,159919,5,半年度,2020-06-30,1.0,中央汇金资产管理有限责任公司,10103407,202000000548,2020-01-01,327476131.0,6.13
中央汇金投资有限责任公司,159919,5,半年度,2020-06-30,3.0,中央汇金投资有限责任公司,10103407,202000000548,2020-01-01,83301065.0,1.56
中央汇金资产管理有限责任公司,159919,6,年度,2020-12-31,1.0,中央汇金资产管理有限责任公司,10103407,202000000548,2020-01-01,364539607.0,7.56
中央汇金投资有限责任公司,159919,6,年度,2020-12-31,4.0,中央汇金投资有限责任公司,10103407,202000000548,2020-01-01,83301065.0,1.73
中央汇金资产管理有限责任公司,159919,5,半年度,2021-06-30,1.0,中央汇金资产管理有限责任公司,10103407,202000000548,2021-01-01,375648807.0,8.66
中央汇金投资有限责任公司,159919,5,半年度,2021-06-30,7.0,中央汇金投资有限责任公司,10103407,202000000548,2021-01-01,83301065.0,1.92
中央汇金资产管理有限责任公司,159919,6,年度,2021-12-31,1.0,中央汇金资产管理有限责任公司,10103407,202000000548,2021-01-01,375648807.0,8.17
中央汇金投资有限责任公司,159919,6,年度,2021-12-31,5.0,中央汇金投资有限责任公司,10103407,202000000548,2021-01-01,83301065.0,1.81
中央汇金资产管理有限责任公司,159919,5,半年度,2022-06-30,1.0,中央汇金资产管理有限责任公司,10103407,202000000548,2022-01-01,517598407.0,12.25
中央汇金投资有限责任公司,159919,5,半年度,2022-06-30,3.0,中央汇金投资有限责任公司,10103407,202000000548,2022-01-01,83301065.0,1.97
中央汇金资产管理有限责任公司,159919,6,年度,2022-12-31,1.0,中央汇金资产管理有限责任公司,10103407,202000000548,2022-01-01,582829107.0,10.94
中央汇金投资有限责任公司,159919,6,年度,2022-12-31,7.0,中央汇金投资有限责任公司,10103407,202000000548,2022-01-01,83301065.0,1.56
中央汇金资产管理有限责任公司,159919,5,半年度,2023-06-30,1.0,中央汇金资产管理有限责任公司,10103407,202000000548,2023-01-01,603744007.0,11.29
中央汇金投资有限责任公司,159919,5,半年度,2023-06-30,5.0,中央汇金投资有限责任公司,10103407,202000000548,2023-01-01,83301065.0,1.56
中央汇金投资有限责任公司,159919,6,年度,2023-12-31,1.0,中央汇金投资有限责任公司,10103407,202000000548,2023-01-01,2681931565.0,23.13
中央汇金资产管理有限责任公司,159919,6,年度,2023-12-31,2.0,中央汇金资产管理有限责任公司,10103407,202000000548,2023-01-01,628310296.0,5.42
中央汇金投资有限责任公司,159919,5,半年度,2024-06-30,1.0,中央汇金投资有限责任公司,10103407,202000000548,2024-01-01,19543686916.0,68.17
中央汇金资产管理有限责任公司,159919,5,半年度,2024-06-30,2.0,中央汇金资产管理有限责任公司,10103407,202000000548,2024-01-01,813583796.0,2.84
中央汇金投资有限责任公司,159919,6,年度,2024-12-31,1.0,中央汇金投资有限责任公司,10103407,202000000548,2024-01-01,19543686916.0,51.56
中央汇金资产管理有限责任公司,159919,6,年度,2024-12-31,2.0,中央汇金资产管理有限责任公司,10103407,202000000548,2024-01-01,10297802662.0,27.17
中央汇金投资有限责任公司,159919,5,半年度,2025-06-30,1.0,中央汇金投资有限责任公司,10103407,202000000548,2025-01-01,19543686916.0,47.39
中央汇金资产管理有限责任公司,159919,5,半年度,2025-06-30,2.0,中央汇金资产管理有限责任公司,10103407,202000000548,2025-01-01,15954808069.0,38.69
中央汇金投资有限责任公司,159919,6,年度,2025-12-31,1.0,中央汇金投资有限责任公司,10103407,202000000548,2025-01-01,19543686916.0,47.88
中央汇金资产管理有限责任公司,159919,6,年度,2025-12-31,2.0,中央汇金资产管理有限责任公司,10103407,202000000548,2025-01-01,15954808069.0,39.09
中央汇金资产管理有限责任公司,159920,6,年度,2020-12-31,9.0,华夏基金－中央汇金资产管理有限责任公司－华夏基金－汇金资管单一资产管理计划,10103417,202000000549,2020-01-01,140550324.0,2.28
中央汇金资产管理有限责任公司,159920,5,半年度,2021-06-30,1.0,华夏基金－中央汇金资产管理有限责任公司－华夏基金－汇金资管单一资产管理计划,10103417,202000000549,2021-01-01,348650324.0,5.16
中央汇金资产管理有限责任公司,159920,6,年度,2021-12-31,3.0,华夏基金－中央汇金资产管理有限责任公司－华夏基金－汇金资管单一资产管理计划,10103417,202000000549,2021-01-01,199575300.0,2.07
中央汇金资产管理有限责任公司,159920,6,年度,2022-12-31,6.0,华夏基金－中央汇金资产管理有限责任公司－华夏基金－汇金资管单一资产管理计划,10103417,202000000549,2022-01-01,263007400.0,1.81
中央汇金投资有限责任公司,159922,5,半年度,2024-06-30,1.0,中央汇金投资有限责任公司,10107999,202000000551,2024-01-01,924288152.0,39.07
中央汇金投资有限责任公司,159922,6,年度,2024-12-31,1.0,中央汇金投资有限责任公司,10107999,202000000551,2024-01-01,2310720380.0,44.24
中央汇金投资有限责任公司,159922,5,半年度,2025-06-30,1.0,中央汇金投资有限责任公司,10107999,202000000551,2025-01-01,2310720380.0,48.43
中央汇金投资有限责任公司,159922,6,年度,2025-12-31,1.0,中央汇金投资有限责任公司,10107999,202000000551,2025-01-01,2310720380.0,44.32
中央汇金资产管理有限责任公司,159928,6,年度,2019-12-31,4.0,易方达基金中央汇金资产管理有限责任公司易方达基金汇金资管单一资产管理计划,10117289,202000001865,2019-01-01,4000000.0,0.34
中央汇金资产管理有限责任公司,159928,5,半年度,2020-06-30,2.0,易方达基金中央汇金资产管理有限责任公司易方达基金汇金资管单一资产管理计划,10117289,202000001865,2020-01-01,107000075.0,6.75
中央汇金资产管理有限责任公司,159928,5,半年度,2020-06-30,3.0,华夏基金中央汇金资产管理有限责任公司华夏基金汇金资管单一资产管理计划,10117289,202000001865,2020-01-01,58268639.0,3.67
中央汇金资产管理有限责任公司,159928,6,年度,2020-12-31,1.0,易方达基金中央汇金资产管理有限责任公司易方达基金汇金资管单一资产管理计划,10117289,202000001865,2020-01-01,184000060.0,11.41
中央汇金资产管理有限责任公司,159928,6,年度,2020-12-31,2.0,华夏基金中央汇金资产管理有限责任公司华夏基金汇金资管单一资产管理计划,10117289,202000001865,2020-01-01,65878836.0,4.09
中央汇金资产管理有限责任公司,159928,5,半年度,2021-06-30,1.0,易方达基金-中央汇金资产管理有限责任公司-易方达基金-汇金资管单一资产管理计划,10117289,202000001865,2021-01-01,704000240.0,10.45
中央汇金资产管理有限责任公司,159928,5,半年度,2021-06-30,2.0,华夏基金-中央汇金资产管理有限责任公司-华夏基金-汇金资管单一资产管理计划,10117289,202000001865,2021-01-01,245963384.0,3.65
中央汇金资产管理有限责任公司,159928,6,年度,2021-12-31,1.0,易方达基金-中央汇金资产管理有限责任公司-易方达基金-汇金资管单一资产管理计划,10117289,202000001865,2021-01-01,630000040.0,6.52
中央汇金资产管理有限责任公司,159928,6,年度,2021-12-31,4.0,华夏基金-中央汇金资产管理有限责任公司-华夏基金-汇金资管单一资产管理计划,10117289,202000001865,2021-01-01,149108704.0,1.54
中央汇金资产管理有限责任公司,159928,5,半年度,2022-06-30,1.0,易方达基金-中央汇金资产管理有限责任公司-易方达基金-汇金资管单一资产管理计划,10117289,202000001865,2022-01-01,344307340.0,3.47
中央汇金资产管理有限责任公司,159928,6,年度,2022-12-31,1.0,易方达基金－中央汇金资产管理有限责任公司－易方达基金－汇金资管单一资产管理计划,10117289,202000001865,2022-01-01,330010040.0,3.14
中央汇金资产管理有限责任公司,159928,5,半年度,2023-06-30,3.0,易方达基金－中央汇金资产管理有限责任公司－易方达基金－汇金资管单一资产管理计划,10117289,202000001865,2023-01-01,330010040.0,2.8
中央汇金资产管理有限责任公司,159928,6,年度,2023-12-31,2.0,易方达基金－中央汇金资产管理有限责任公司－易方达基金－汇金资管单一资产管理计划,10117289,202000001865,2023-01-01,330010040.0,2.95
中央汇金资产管理有限责任公司,159928,5,半年度,2024-06-30,1.0,易方达基金－中央汇金资产管理有限责任公司－易方达基金－汇金资管单一资产管理计划,10117289,202000001865,2024-01-01,330010040.0,3.35
中央汇金资产管理有限责任公司,159928,6,年度,2024-12-31,9.0,易方达基金－中央汇金资产管理有限责任公司－易方达基金－汇金资管单一资产管理计划,10117289,202000001865,2024-01-01,60000040.0,0.36
中央汇金资产管理有限责任公司,159929,6,年度,2020-12-31,2.0,华夏基金中央汇金资产管理有限责任公司华夏基金汇金资管单一资产管理计划,10117290,202000001864,2020-01-01,4999998.0,2.03
中央汇金资产管理有限责任公司,159938,6,年度,2019-12-31,7.0,易方达基金中央汇金资产管理有限责任公司易方达基金汇金资管单一资产管理计划,10137853,202000002586,2019-01-01,3996100.0,0.23
中央汇金资产管理有限责任公司,159939,5,半年度,2020-06-30,2.0,华夏基金中央汇金资产管理有限责任公司华夏基金汇金资管单一资产管理计划,10139046,202000002687,2020-01-01,38235800.0,2.99
中央汇金资产管理有限责任公司,159949,5,半年度,2020-06-30,8.0,华夏基金－中央汇金资产管理有限责任公司－华夏基金－汇金资管单一资产管理计划,10376608,202000004617,2020-01-01,98142400.0,0.96
中央汇金资产管理有限责任公司,159949,5,半年度,2021-06-30,1.0,华夏基金－中央汇金资产管理有限责任公司－华夏基金－汇金资管单一资产管理计划,10376608,202000004617,2021-01-01,304794718.0,3.85
中央汇金资产管理有限责任公司,159949,6,年度,2021-12-31,6.0,华夏基金－中央汇金资产管理有限责任公司－华夏基金－汇金资管单一资产管理计划,10376608,202000004617,2021-01-01,65000000.0,1.08
中央汇金投资有限责任公司,159952,5,半年度,2024-06-30,1.0,中央汇金投资有限责任公司,10404765,202000006486,2024-01-01,1091025800.0,16.11
中央汇金投资有限责任公司,159952,6,年度,2024-12-31,1.0,中央汇金投资有限责任公司,10404765,202000006486,2024-01-01,1091025800.0,12.46
中央汇金投资有限责任公司,159952,5,半年度,2025-06-30,1.0,中央汇金投资有限责任公司,10404765,202000006486,2025-01-01,1091025800.0,14.19
中央汇金投资有限责任公司,159952,6,年度,2025-12-31,1.0,中央汇金投资有限责任公司,10404765,202000006486,2025-01-01,1091025800.0,15.43
中央汇金资产管理有限责任公司,159966,6,年度,2020-12-31,1.0,华夏基金－中央汇金资产管理有限责任公司－华夏基金－汇金资管单一资产管理计划,10456854,202000019983,2020-01-01,359999922.0,12.96
中央汇金资产管理有限责任公司,159967,6,年度,2020-12-31,1.0,华夏基金－中央汇金资产管理有限责任公司－华夏基金－汇金资管单一资产管理计划,10456855,202000019984,2020-01-01,379976472.0,18.32
中央汇金资产管理有限责任公司,159967,5,半年度,2021-06-30,1.0,华夏基金－中央汇金资产管理有限责任公司－华夏基金－汇金资管单一资产管理计划,10456855,202000019984,2021-01-01,288000000.0,7.18
中央汇金资产管理有限责任公司,159967,6,年度,2021-12-31,1.0,华夏基金－中央汇金资产管理有限责任公司－华夏基金－汇金资管单一资产管理计划,10456855,202000019984,2021-01-01,616999905.0,15.1
中央汇金资产管理有限责任公司,159967,5,半年度,2022-06-30,2.0,华夏基金－中央汇金资产管理有限责任公司－华夏基金－汇金资管单一资产管理计划,10456855,202000019984,2022-01-01,200000000.0,4.05
中央汇金资产管理有限责任公司,159967,6,年度,2022-12-31,3.0,华夏基金－中央汇金资产管理有限责任公司－华夏基金－汇金资管单一资产管理计划,10456855,202000019984,2022-01-01,136282400.0,2.3
中央汇金投资有限责任公司,159977,5,半年度,2024-06-30,1.0,中央汇金投资有限责任公司,10460699,202000021557,2024-01-01,231006218.0,5.36
中央汇金投资有限责任公司,159977,6,年度,2024-12-31,1.0,中央汇金投资有限责任公司,10460699,202000021557,2024-01-01,231006218.0,4.76
中央汇金投资有限责任公司,159977,5,半年度,2025-06-30,1.0,中央汇金投资有限责任公司,10460699,202000021557,2025-01-01,231006218.0,5.75
中央汇金投资有限责任公司,159977,6,年度,2025-12-31,1.0,中央汇金投资有限责任公司,10460699,202000021557,2025-01-01,462012436.0,8.94
中央汇金资产管理有限责任公司,159992,6,年度,2020-12-31,2.0,华夏基金-中央汇金资产管理有限责任公司-华夏基金-汇金资管单一资产管理计划,10484230,202000022568,2020-03-20,177999626.0,5.03
中央汇金资产管理有限责任公司,159992,5,半年度,2021-06-30,2.0,华夏基金－中央汇金资产管理有限责任公司－华夏基金－汇金,10484230,202000022568,2021-01-01,100420112.0,5.07
中央汇金资产管理有限责任公司,159995,5,半年度,2021-06-30,2.0,华夏基金－中央汇金资产管理有限责任公司－华夏基金－汇金资管单一资产管理计划,10481324,202000022200,2021-01-01,100000000.0,0.97
中央汇金资产管理有限责任公司,159995,6,年度,2021-12-31,4.0,华夏基金－中央汇金资产管理有限责任公司－华夏基金－汇金资管单一资产管理计划,10481324,202000022200,2021-01-01,80000000.0,0.74
中央汇金资产管理有限责任公司,159995,6,年度,2022-12-31,3.0,华夏基金－中央汇金资产管理有限责任公司－华夏基金－汇金资管单一资产管理计划,10481324,202000022200,2022-01-01,237660225.0,1.16
中央汇金资产管理有限责任公司,159995,5,半年度,2023-06-30,3.0,华夏基金－中央汇金资产管理有限责任公司－华夏基金－汇金资管单一资产管理计划,10481324,202000022200,2023-01-01,318191351.0,1.34
中央汇金资产管理有限责任公司,159995,6,年度,2023-12-31,2.0,华夏基金－中央汇金资产管理有限责任公司－华夏基金－汇金资管单一资产管理计划,10481324,202000022200,2023-01-01,334766544.0,1.19
中央汇金资产管理有限责任公司,159995,5,半年度,2024-06-30,2.0,华夏基金－中央汇金资产管理有限责任公司－华夏基金－汇金资管单一资产管理计划,10481324,202000022200,2024-01-01,340513544.0,1.32
中央汇金资产管理有限责任公司,159995,6,年度,2024-12-31,1.0,华夏基金－中央汇金资产管理有限责任公司－华夏基金－汇金资管单一资产管理计划,10481324,202000022200,2024-01-01,301600273.0,1.42
中央汇金资产管理有限责任公司,159995,5,半年度,2025-06-30,2.0,华夏基金－中央汇金资产管理有限责任公司－华夏基金－汇金资管单一资产管理计划,10481324,202000022200,2025-01-01,354910373.0,1.71
中央汇金资产管理有限责任公司,159995,6,年度,2025-12-31,1.0,华夏基金－中央汇金资产管理有限责任公司－华夏基金－汇金资管单一资产管理计划,10481324,202000022200,2025-01-01,280167071.0,1.92
中央汇金资产管理有限责任公司,159996,6,年度,2020-12-31,1.0,华夏基金－中央汇金资产管理有限责任公司－华夏基金－汇金资管单一资产管理计划,10483786,202000022438,2020-02-27,60000000.0,7.9
中央汇金资产管理有限责任公司,159998,6,年度,2023-12-31,4.0,华夏基金－中央汇金资产管理有限责任公司－华夏基金－汇金资管单一资产管理计划,10484260,202000022573,2023-01-01,36890300.0,1.38
中央汇金资产管理有限责任公司,159998,5,半年度,2024-06-30,3.0,华夏基金－中央汇金资产管理有限责任公司－华夏基金－汇金资管单一资产管理计划,10484260,202000022573,2024-01-01,36890300.0,1.31
中央汇金投资有限责任公司,510050,5,半年度,2013-06-30,1.0,中央汇金投资有限责任公司,10102871,202000001384,2013-01-01,2621648984.0,19.9
中央汇金投资有限责任公司,510050,6,年度,2013-12-31,1.0,中央汇金投资有限责任公司,10102871,202000001384,2013-01-01,2855120251.0,21.17
中央汇金投资有限责任公司,510050,5,半年度,2014-06-30,1.0,中央汇金投资有限责任公司,10102871,202000001384,2014-01-01,3447178802.0,24.4
中央汇金投资有限责任公司,510050,6,年度,2014-12-31,1.0,中央汇金投资有限责任公司,10102871,202000001384,2014-01-01,2509692796.0,24.71
中央汇金投资有限责任公司,510050,5,半年度,2015-06-30,1.0,中央汇金投资有限责任公司,10102871,202000001384,2015-01-01,1043485014.0,7.58
中央汇金投资有限责任公司,510050,6,年度,2015-12-31,1.0,中央汇金投资有限责任公司,10102871,202000001384,2015-01-01,6745687936.0,54.12
中央汇金投资有限责任公司,510050,5,半年度,2016-06-30,1.0,中央汇金投资有限责任公司,10102871,202000001384,2016-01-01,6745687936.0,53.73
中央汇金投资有限责任公司,510050,6,年度,2016-12-31,1.0,中央汇金投资有限责任公司,10102871,202000001384,2016-01-01,6745687936.0,52.71
中央汇金投资有限责任公司,510050,5,半年度,2017-06-30,1.0,中央汇金投资有限责任公司,10102871,202000001384,2017-01-01,6745687936.0,57.65
中央汇金投资有限责任公司,510050,6,年度,2017-12-31,1.0,中央汇金投资有限责任公司,10102871,202000001384,2017-01-01,6745687936.0,50.64
中央汇金投资有限责任公司,510050,5,半年度,2018-06-30,1.0,中央汇金投资有限责任公司,10102871,202000001384,2018-01-01,6745687936.0,49.53
中央汇金投资有限责任公司,510050,6,年度,2018-12-31,1.0,中央汇金投资有限责任公司,10102871,202000001384,2018-01-01,6745687936.0,33.72
中央汇金投资有限责任公司,510050,5,半年度,2019-06-30,1.0,中央汇金投资有限责任公司,10102871,202000001384,2019-01-01,6745687936.0,40.4
中央汇金投资有限责任公司,510050,6,年度,2019-12-31,1.0,中央汇金投资有限责任公司,10102871,202000001384,2019-01-01,6745687936.0,44.64
中央汇金投资有限责任公司,510050,5,半年度,2020-06-30,1.0,中央汇金投资有限责任公司,10102871,202000001384,2020-01-01,6745687936.0,50.55
中央汇金资产管理有限责任公司,510050,5,半年度,2020-06-30,3.0,易方达基金－中央汇金资产管理有限责任公司－易方达基金－汇金资管单一资产管理计划,10102871,202000001384,2020-01-01,199999949.0,1.5
中央汇金资产管理有限责任公司,510050,5,半年度,2020-06-30,9.0,华夏基金－中央汇金资产管理有限责任公司－华夏基金－汇金资管单一资产管理计划,10102871,202000001384,2020-01-01,45144015.0,0.34
中央汇金投资有限责任公司,510050,6,年度,2020-12-31,1.0,中央汇金投资有限责任公司,10102871,202000001384,2020-01-01,6745687936.0,43.34
中央汇金资产管理有限责任公司,510050,6,年度,2020-12-31,5.0,华夏基金－中央汇金资产管理有限责任公司－华夏基金－汇金资管单一资产管理计划,10102871,202000001384,2020-01-01,210000000.0,1.35
中央汇金投资有限责任公司,510050,5,半年度,2021-06-30,1.0,中央汇金投资有限责任公司,10102871,202000001384,2021-01-01,6745687936.0,43.59
中央汇金资产管理有限责任公司,510050,5,半年度,2021-06-30,6.0,易方达基金－中央汇金资产管理有限责任公司－易方达基金－汇金资管单一资产管理计划,10102871,202000001384,2021-01-01,110000049.0,0.71
中央汇金投资有限责任公司,510050,6,年度,2021-12-31,1.0,中央汇金投资有限责任公司,10102871,202000001384,2021-01-01,6745687936.0,31.81
中央汇金投资有限责任公司,510050,5,半年度,2022-06-30,1.0,中央汇金投资有限责任公司,10102871,202000001384,2022-01-01,6745687936.0,39.03
中央汇金投资有限责任公司,510050,6,年度,2022-12-31,1.0,中央汇金投资有限责任公司,10102871,202000001384,2022-01-01,6745687936.0,30.63
中央汇金投资有限责任公司,510050,5,半年度,2023-06-30,1.0,中央汇金投资有限责任公司,10102871,202000001384,2023-01-01,6745687936.0,29.73
中央汇金投资有限责任公司,510050,6,年度,2023-12-31,1.0,中央汇金投资有限责任公司,10102871,202000001384,2023-01-01,12360763333.0,36.39
中央汇金投资有限责任公司,510050,5,半年度,2024-06-30,1.0,中央汇金投资有限责任公司,10102871,202000001384,2024-01-01,28791513899.0,62.22
中央汇金投资有限责任公司,510050,6,年度,2024-12-31,1.0,中央汇金投资有限责任公司,10102871,202000001384,2024-01-01,28791513899.0,52.03
中央汇金资产管理有限责任公司,510050,6,年度,2024-12-31,2.0,中央汇金资产管理有限责任公司,10102871,202000001384,2024-01-01,11784827531.0,21.3
中央汇金投资有限责任公司,510050,5,半年度,2025-06-30,1.0,中央汇金投资有限责任公司,10102871,202000001384,2025-01-01,28791513899.0,48.84
中央汇金资产管理有限责任公司,510050,5,半年度,2025-06-30,2.0,中央汇金资产管理有限责任公司,10102871,202000001384,2025-01-01,19967517877.0,33.87
中央汇金投资有限责任公司,510050,6,年度,2025-12-31,1.0,中央汇金投资有限责任公司,10102871,202000001384,2025-01-01,28791513899.0,50.81
中央汇金资产管理有限责任公司,510050,6,年度,2025-12-31,2.0,中央汇金资产管理有限责任公司,10102871,202000001384,2025-01-01,19967517877.0,35.24
中央汇金投资有限责任公司,510100,5,半年度,2024-06-30,3.0,中央汇金投资有限责任公司,10457921,202000021187,2024-01-01,184550200.0,6.45
中央汇金投资有限责任公司,510100,6,年度,2024-12-31,2.0,中央汇金投资有限责任公司,10457921,202000021187,2024-01-01,184550200.0,7.12
中央汇金投资有限责任公司,510100,5,半年度,2025-06-30,3.0,中央汇金投资有限责任公司,10457921,202000021187,2025-01-01,91758179.0,5.75
中央汇金投资有限责任公司,510100,6,年度,2025-12-31,4.0,中央汇金投资有限责任公司,10457921,202000021187,2025-01-01,91758179.0,5.83
中央汇金资产管理有限责任公司,510150,6,年度,2020-12-31,4.0,华夏基金中央汇金资产管理有限责任公司华夏基金汇金资管单一资产管理计划,10103608,202000001393,2020-01-01,500000.0,0.95
中央汇金资产管理有限责任公司,510150,5,半年度,2021-06-30,1.0,华夏基金-中央汇金资产管理有限责任公司-华夏基金-汇金资管单一资产管理计划,10103608,202000001393,2021-01-01,42000000.0,4.93
中央汇金投资有限责任公司,510180,5,半年度,2013-06-30,1.0,中央汇金投资有限责任公司,10103286,202000001396,2013-01-01,14478254548.0,58.16
中央汇金投资有限责任公司,510180,6,年度,2013-12-31,1.0,中央汇金投资有限责任公司,10103286,202000001396,2013-01-01,3684248082.0,59.81
中央汇金投资有限责任公司,510180,5,半年度,2014-06-30,1.0,中央汇金投资有限责任公司,10103286,202000001396,2014-01-01,3915618350.0,61.46
中央汇金投资有限责任公司,510180,6,年度,2014-12-31,1.0,中央汇金投资有限责任公司,10103286,202000001396,2014-01-01,2630433492.0,57.08
中央汇金投资有限责任公司,510180,5,半年度,2015-06-30,1.0,中央汇金投资有限责任公司,10103286,202000001396,2015-01-01,982928423.0,41.73
中央汇金投资有限责任公司,510180,6,年度,2015-12-31,1.0,中央汇金投资有限责任公司,10103286,202000001396,2015-01-01,5231571046.0,87.16
中央汇金投资有限责任公司,510180,5,半年度,2016-06-30,1.0,中央汇金投资有限责任公司,10103286,202000001396,2016-01-01,5231571046.0,87.9
中央汇金投资有限责任公司,510180,6,年度,2016-12-31,1.0,中央汇金投资有限责任公司,10103286,202000001396,2016-01-01,5231571046.0,90.1
中央汇金投资有限责任公司,510180,5,半年度,2017-06-30,1.0,中央汇金投资有限责任公司,10103286,202000001396,2017-01-01,5231571046.0,90.09
中央汇金投资有限责任公司,510180,6,年度,2017-12-31,1.0,中央汇金投资有限责任公司,10103286,202000001396,2017-01-01,5231571046.0,90.13
中央汇金投资有限责任公司,510180,5,半年度,2018-06-30,1.0,中央汇金投资有限责任公司,10103286,202000001396,2018-01-01,5231571046.0,92.02
中央汇金投资有限责任公司,510180,6,年度,2018-12-31,1.0,中央汇金投资有限责任公司,10103286,202000001396,2018-01-01,5231571046.0,91.01
中央汇金投资有限责任公司,510180,5,半年度,2019-06-30,1.0,中央汇金投资有限责任公司,10103286,202000001396,2019-01-01,5231571046.0,92.77
中央汇金投资有限责任公司,510180,6,年度,2019-12-31,1.0,中央汇金投资有限责任公司,10103286,202000001396,2019-01-01,5231571046.0,93.01
中央汇金投资有限责任公司,510180,5,半年度,2020-06-30,1.0,中央汇金投资有限责任公司,10103286,202000001396,2020-01-01,5231571046.0,93.77
中央汇金投资有限责任公司,510180,6,年度,2020-12-31,1.0,中央汇金投资有限责任公司,10103286,202000001396,2020-01-01,5231571046.0,93.58
中央汇金投资有限责任公司,510180,5,半年度,2021-06-30,1.0,中央汇金投资有限责任公司,10103286,202000001396,2021-01-01,5231571046.0,94.55
中央汇金投资有限责任公司,510180,6,年度,2021-12-31,1.0,中央汇金投资有限责任公司,10103286,202000001396,2021-01-01,5231571046.0,94.47
中央汇金投资有限责任公司,510180,5,半年度,2022-06-30,1.0,中央汇金投资有限责任公司,10103286,202000001396,2022-01-01,5231571046.0,94.23
中央汇金投资有限责任公司,510180,6,年度,2022-12-31,1.0,中央汇金投资有限责任公司,10103286,202000001396,2022-01-01,5231571046.0,93.26
中央汇金投资有限责任公司,510180,5,半年度,2023-06-30,1.0,中央汇金投资有限责任公司,10103286,202000001396,2023-01-01,5231571046.0,92.74
中央汇金投资有限责任公司,510180,6,年度,2023-12-31,1.0,中央汇金投资有限责任公司,10103286,202000001396,2023-01-01,5231571046.0,88.28
中央汇金投资有限责任公司,510180,5,半年度,2024-06-30,1.0,中央汇金投资有限责任公司,10103286,202000001396,2024-01-01,5231571046.0,90.0
中央汇金投资有限责任公司,510180,6,年度,2024-12-31,1.0,中央汇金投资有限责任公司,10103286,202000001396,2024-01-01,5231571046.0,89.24
中央汇金投资有限责任公司,510180,5,半年度,2025-06-30,1.0,中央汇金投资有限责任公司,10103286,202000001396,2025-01-01,5231571046.0,90.88
中央汇金投资有限责任公司,510180,6,年度,2025-12-31,1.0,中央汇金投资有限责任公司,10103286,202000001396,2025-01-01,5231571046.0,91.93
中央汇金投资有限责任公司,510230,5,半年度,2014-06-30,1.0,中央汇金投资有限责任公司,10102841,202000001400,2014-01-01,251000209.0,51.2
中央汇金投资有限责任公司,510230,6,年度,2014-12-31,2.0,中央汇金投资有限责任公司,10102841,202000001400,2014-01-01,65868689.0,15.26
中央汇金投资有限责任公司,510230,5,半年度,2015-06-30,2.0,中央汇金投资有限责任公司,10102841,202000001400,2015-01-01,74491600.0,17.87
中央汇金投资有限责任公司,510230,6,年度,2015-12-31,1.0,中央汇金投资有限责任公司,10102841,202000001400,2015-01-01,512712100.0,77.71
中央汇金投资有限责任公司,510230,5,半年度,2016-06-30,1.0,中央汇金投资有限责任公司,10102841,202000001400,2016-01-01,512712100.0,82.0
中央汇金投资有限责任公司,510230,6,年度,2016-12-31,1.0,中央汇金投资有限责任公司,10102841,202000001400,2016-01-01,512712100.0,78.67
中央汇金投资有限责任公司,510230,5,半年度,2017-06-30,1.0,中央汇金投资有限责任公司,10102841,202000001400,2017-01-01,512712100.0,79.71
中央汇金投资有限责任公司,510230,6,年度,2017-12-31,1.0,中央汇金投资有限责任公司,10102841,202000001400,2017-01-01,512712100.0,82.86
中央汇金投资有限责任公司,510230,5,半年度,2018-06-30,1.0,中央汇金投资有限责任公司,10102841,202000001400,2018-01-01,512712100.0,79.52
中央汇金投资有限责任公司,510230,6,年度,2018-12-31,1.0,中央汇金投资有限责任公司,10102841,202000001400,2018-01-01,512712100.0,44.83
中央汇金投资有限责任公司,510230,5,半年度,2019-06-30,1.0,中央汇金投资有限责任公司,10102841,202000001400,2019-01-01,512712100.0,49.57
中央汇金投资有限责任公司,510230,6,年度,2019-12-31,1.0,中央汇金投资有限责任公司,10102841,202000001400,2019-01-01,512712100.0,60.44
中央汇金投资有限责任公司,510230,5,半年度,2020-06-30,1.0,中央汇金投资有限责任公司,10102841,202000001400,2020-01-01,512712100.0,57.24
中央汇金投资有限责任公司,510230,6,年度,2020-12-31,1.0,中央汇金投资有限责任公司,10102841,202000001400,2020-01-01,2563560500.0,61.17
中央汇金投资有限责任公司,510230,5,半年度,2021-06-30,1.0,中央汇金投资有限责任公司,10102841,202000001400,2021-01-01,2563560500.0,63.1
中央汇金投资有限责任公司,510230,6,年度,2021-12-31,1.0,中央汇金投资有限责任公司,10102841,202000001400,2021-01-01,2563560500.0,65.94
中央汇金投资有限责任公司,510230,5,半年度,2022-06-30,1.0,中央汇金投资有限责任公司,10102841,202000001400,2022-01-01,2563560500.0,69.31
中央汇金投资有限责任公司,510230,6,年度,2022-12-31,1.0,中央汇金投资有限责任公司,10102841,202000001400,2022-01-01,2563560500.0,69.61
中央汇金投资有限责任公司,510230,5,半年度,2023-06-30,1.0,中央汇金投资有限责任公司,10102841,202000001400,2023-01-01,2563560500.0,67.2
中央汇金投资有限责任公司,510230,6,年度,2023-12-31,1.0,中央汇金投资有限责任公司,10102841,202000001400,2023-01-01,2563560500.0,74.53
中央汇金投资有限责任公司,510230,5,半年度,2024-06-30,1.0,中央汇金投资有限责任公司,10102841,202000001400,2024-01-01,2563560500.0,78.81
中央汇金投资有限责任公司,510230,6,年度,2024-12-31,1.0,中央汇金投资有限责任公司,10102841,202000001400,2024-01-01,2563560500.0,71.53
中央汇金投资有限责任公司,510230,5,半年度,2025-06-30,1.0,中央汇金投资有限责任公司,10102841,202000001400,2025-01-01,2563560500.0,71.51
中央汇金投资有限责任公司,510230,6,年度,2025-12-31,1.0,中央汇金投资有限责任公司,10102841,202000001400,2025-01-01,2563560500.0,77.59
中央汇金投资有限责任公司,510300,5,半年度,2013-06-30,1.0,中央汇金投资有限责任公司,10103044,202000001405,2013-01-01,807357701.0,11.3
中央汇金投资有限责任公司,510300,6,年度,2013-12-31,1.0,中央汇金投资有限责任公司,10103044,202000001405,2013-01-01,954451411.0,15.78
中央汇金投资有限责任公司,510300,5,半年度,2014-06-30,1.0,中央汇金投资有限责任公司,10103044,202000001405,2014-01-01,1833502305.0,22.67
中央汇金投资有限责任公司,510300,6,年度,2014-12-31,1.0,中央汇金投资有限责任公司,10103044,202000001405,2014-01-01,1131997000.0,11.92
中央汇金投资有限责任公司,510300,5,半年度,2015-06-30,1.0,中央汇金投资有限责任公司,10103044,202000001405,2015-01-01,523271767.0,8.95
中央汇金投资有限责任公司,510300,6,年度,2015-12-31,1.0,中央汇金投资有限责任公司,10103044,202000001405,2015-01-01,2423958601.0,41.95
中央汇金投资有限责任公司,510300,5,半年度,2016-06-30,1.0,中央汇金投资有限责任公司,10103044,202000001405,2016-01-01,2423958601.0,36.7
中央汇金投资有限责任公司,510300,6,年度,2016-12-31,1.0,中央汇金投资有限责任公司,10103044,202000001405,2016-01-01,2423958601.0,45.6
中央汇金投资有限责任公司,510300,5,半年度,2017-06-30,1.0,中央汇金投资有限责任公司,10103044,202000001405,2017-01-01,2423958601.0,46.54
中央汇金投资有限责任公司,510300,6,年度,2017-12-31,1.0,中央汇金投资有限责任公司,10103044,202000001405,2017-01-01,2423958601.0,48.64
中央汇金投资有限责任公司,510300,5,半年度,2018-06-30,1.0,中央汇金投资有限责任公司,10103044,202000001405,2018-01-01,2423958601.0,38.32
中央汇金投资有限责任公司,510300,6,年度,2018-12-31,1.0,中央汇金投资有限责任公司,10103044,202000001405,2018-01-01,2423958601.0,22.35
中央汇金投资有限责任公司,510300,5,半年度,2019-06-30,1.0,中央汇金投资有限责任公司,10103044,202000001405,2019-01-01,2423958601.0,25.62
中央汇金投资有限责任公司,510300,6,年度,2019-12-31,1.0,中央汇金投资有限责任公司,10103044,202000001405,2019-01-01,2423958601.0,24.61
中央汇金投资有限责任公司,510300,5,半年度,2020-06-30,1.0,中央汇金投资有限责任公司,10103044,202000001405,2020-01-01,2423958601.0,29.67
中央汇金投资有限责任公司,510300,6,年度,2020-12-31,1.0,中央汇金投资有限责任公司,10103044,202000001405,2020-01-01,2423958601.0,28.0
中央汇金投资有限责任公司,510300,5,半年度,2021-06-30,1.0,中央汇金投资有限责任公司,10103044,202000001405,2021-01-01,2423958601.0,26.39
中央汇金投资有限责任公司,510300,6,年度,2021-12-31,1.0,中央汇金投资有限责任公司,10103044,202000001405,2021-01-01,2423958601.0,21.37
中央汇金投资有限责任公司,510300,5,半年度,2022-06-30,1.0,中央汇金投资有限责任公司,10103044,202000001405,2022-01-01,2423958601.0,22.45
中央汇金资产管理有限责任公司,510300,5,半年度,2022-06-30,5.0,易方达基金－中央汇金资产管理有限责任公司－易方达基金－汇金资管单一资产管理计划,10103044,202000001405,2022-01-01,122500000.0,1.13
中央汇金投资有限责任公司,510300,6,年度,2022-12-31,1.0,中央汇金投资有限责任公司,10103044,202000001405,2022-01-01,2423958601.0,12.31
中央汇金投资有限责任公司,510300,5,半年度,2023-06-30,1.0,中央汇金投资有限责任公司,10103044,202000001405,2023-01-01,2423958601.0,13.09
中央汇金投资有限责任公司,510300,6,年度,2023-12-31,1.0,中央汇金投资有限责任公司,10103044,202000001405,2023-01-01,6247371001.0,16.68
中央汇金投资有限责任公司,510300,5,半年度,2024-06-30,1.0,中央汇金投资有限责任公司,10103044,202000001405,2024-01-01,35654598859.0,58.7
中央汇金资产管理有限责任公司,510300,5,半年度,2024-06-30,3.0,中央汇金资产管理有限责任公司,10103044,202000001405,2024-01-01,728041500.0,1.2
中央汇金投资有限责任公司,510300,6,年度,2024-12-31,1.0,中央汇金投资有限责任公司,10103044,202000001405,2024-01-01,35654598859.0,39.89
中央汇金资产管理有限责任公司,510300,6,年度,2024-12-31,2.0,中央汇金资产管理有限责任公司,10103044,202000001405,2024-01-01,26621328344.0,29.78
中央汇金资产管理有限责任公司,510300,5,半年度,2025-06-30,1.0,中央汇金资产管理有限责任公司,10103044,202000001405,2025-01-01,37858474974.0,40.26
中央汇金投资有限责任公司,510300,5,半年度,2025-06-30,2.0,中央汇金投资有限责任公司,10103044,202000001405,2025-01-01,35654598859.0,37.91
中央汇金资产管理有限责任公司,510300,6,年度,2025-12-31,1.0,中央汇金资产管理有限责任公司,10103044,202000001405,2025-01-01,37858474974.0,42.62
中央汇金投资有限责任公司,510300,6,年度,2025-12-31,2.0,中央汇金投资有限责任公司,10103044,202000001405,2025-01-01,35654598859.0,40.14
中央汇金资产管理有限责任公司,510310,6,年度,2019-12-31,1.0,易方达基金－中央汇金资产管理有限责任公司－易方达基金－汇金资管单一资产管理计划,10110233,202000001406,2019-01-01,160000000.0,3.33
中央汇金资产管理有限责任公司,510310,5,半年度,2020-06-30,1.0,易方达基金－中央汇金资产管理有限责任公司－易方达基金－汇金资管单一资产管理计划,10110233,202000001406,2020-01-01,230000000.0,5.72
中央汇金资产管理有限责任公司,510310,6,年度,2020-12-31,1.0,易方达基金－中央汇金资产管理有限责任公司－易方达基金－汇金资管单一资产管理计划,10110233,202000001406,2020-01-01,360000000.0,9.5
中央汇金资产管理有限责任公司,510310,5,半年度,2021-06-30,1.0,易方达基金－中央汇金资产管理有限责任公司－易方达基金－汇金资管单一资产管理计划,10110233,202000001406,2021-01-01,360000000.0,8.87
中央汇金资产管理有限责任公司,510310,6,年度,2021-12-31,1.0,易方达基金－中央汇金资产管理有限责任公司－易方达基金－汇金资管单一资产管理计划,10110233,202000001406,2021-01-01,320000017.0,7.13
中央汇金资产管理有限责任公司,510310,5,半年度,2022-06-30,1.0,易方达基金－中央汇金资产管理有限责任公司－易方达基金－汇金资管单一资产管理计划,10110233,202000001406,2022-01-01,370000017.0,6.94
中央汇金资产管理有限责任公司,510310,6,年度,2022-12-31,1.0,易方达基金－中央汇金资产管理有限责任公司－易方达基金－汇金资管单一资产管理计划,10110233,202000001406,2022-01-01,355000017.0,4.12
中央汇金资产管理有限责任公司,510310,5,半年度,2023-06-30,3.0,易方达基金－中央汇金资产管理有限责任公司－易方达基金－汇金资管单一资产管理计划,10110233,202000001406,2023-01-01,360000017.0,3.7
中央汇金投资有限责任公司,510310,6,年度,2023-12-31,1.0,中央汇金投资有限责任公司,10110233,202000001406,2023-01-01,6146257685.0,21.67
中央汇金资产管理有限责任公司,510310,6,年度,2023-12-31,6.0,易方达基金－中央汇金资产管理有限责任公司－易方达基金－汇金资管单一资产管理计划,10110233,202000001406,2023-01-01,422000017.0,1.49
中央汇金投资有限责任公司,510310,5,半年度,2024-06-30,1.0,中央汇金投资有限责任公司,10110233,202000001406,2024-01-01,54735310974.0,67.03
中央汇金资产管理有限责任公司,510310,5,半年度,2024-06-30,5.0,中央汇金资产管理有限责任公司,10110233,202000001406,2024-01-01,596404800.0,0.73
中央汇金资产管理有限责任公司,510310,5,半年度,2024-06-30,7.0,易方达基金－中央汇金资产管理有限责任公司－易方达基金－汇金资管单一资产管理计划,10110233,202000001406,2024-01-01,470000017.0,0.58
中央汇金投资有限责任公司,510310,6,年度,2024-12-31,1.0,中央汇金投资有限责任公司,10110233,202000001406,2024-01-01,27355388757.0,42.92
中央汇金资产管理有限责任公司,510310,6,年度,2024-12-31,2.0,中央汇金资产管理有限责任公司,10110233,202000001406,2024-01-01,19607770466.0,30.76
中央汇金资产管理有限责任公司,510310,6,年度,2024-12-31,8.0,易方达基金－中央汇金资产管理有限责任公司－易方达基金－汇金资管单一资产管理计划,10110233,202000001406,2024-01-01,305090377.0,0.48
中央汇金资产管理有限责任公司,510310,5,半年度,2025-06-30,1.0,中央汇金资产管理有限责任公司,10110233,202000001406,2025-01-01,28538696695.0,41.8
中央汇金投资有限责任公司,510310,5,半年度,2025-06-30,2.0,中央汇金投资有限责任公司,10110233,202000001406,2025-01-01,27355388757.0,40.07
中央汇金资产管理有限责任公司,510310,5,半年度,2025-06-30,4.0,易方达基金－中央汇金资产管理有限责任公司－易方达基金－汇金资管单一资产管理计划,10110233,202000001406,2025-01-01,254000077.0,0.37
中央汇金资产管理有限责任公司,510310,6,年度,2025-12-31,1.0,中央汇金资产管理有限责任公司,10110233,202000001406,2025-01-01,28538696695.0,43.34
中央汇金投资有限责任公司,510310,6,年度,2025-12-31,2.0,中央汇金投资有限责任公司,10110233,202000001406,2025-01-01,27355388757.0,41.54
中央汇金资产管理有限责任公司,510310,6,年度,2025-12-31,5.0,易方达基金－中央汇金资产管理有限责任公司－易方达基金－汇金资管单一资产管理计划,10110233,202000001406,2025-01-01,254000077.0,0.39
中央汇金投资有限责任公司,510330,5,半年度,2013-06-30,1.0,中央汇金投资有限责任公司,10107324,202000001407,2013-01-01,774276360.0,9.14
中央汇金投资有限责任公司,510330,6,年度,2013-12-31,1.0,中央汇金投资有限责任公司,10107324,202000001407,2013-01-01,888470969.0,11.13
中央汇金投资有限责任公司,510330,5,半年度,2014-06-30,1.0,中央汇金投资有限责任公司,10107324,202000001407,2014-01-01,1956681259.0,21.97
中央汇金投资有限责任公司,510330,6,年度,2014-12-31,1.0,中央汇金投资有限责任公司,10107324,202000001407,2014-01-01,1324081159.0,16.44
中央汇金投资有限责任公司,510330,5,半年度,2015-06-30,1.0,中央汇金投资有限责任公司,10107324,202000001407,2015-01-01,262902700.0,7.09
中央汇金投资有限责任公司,510330,6,年度,2015-12-31,1.0,中央汇金投资有限责任公司,10107324,202000001407,2015-01-01,1790942652.0,38.51
中央汇金投资有限责任公司,510330,5,半年度,2016-06-30,1.0,中央汇金投资有限责任公司,10107324,202000001407,2016-01-01,1790942652.0,37.64
中央汇金投资有限责任公司,510330,6,年度,2016-12-31,1.0,中央汇金投资有限责任公司,10107324,202000001407,2016-01-01,1790942652.0,39.13
中央汇金投资有限责任公司,510330,5,半年度,2017-06-30,1.0,中央汇金投资有限责任公司,10107324,202000001407,2017-01-01,1790942652.0,41.07
中央汇金投资有限责任公司,510330,6,年度,2017-12-31,1.0,中央汇金投资有限责任公司,10107324,202000001407,2017-01-01,1790942652.0,41.79
中央汇金投资有限责任公司,510330,5,半年度,2018-06-30,1.0,中央汇金投资有限责任公司,10107324,202000001407,2018-01-01,1790942652.0,38.89
中央汇金投资有限责任公司,510330,6,年度,2018-12-31,1.0,中央汇金投资有限责任公司,10107324,202000001407,2018-01-01,1790942652.0,23.68
中央汇金投资有限责任公司,510330,5,半年度,2019-06-30,1.0,中央汇金投资有限责任公司,10107324,202000001407,2019-01-01,1790942652.0,25.79
中央汇金投资有限责任公司,510330,6,年度,2019-12-31,1.0,中央汇金投资有限责任公司,10107324,202000001407,2019-01-01,1790942652.0,23.97
中央汇金资产管理有限责任公司,510330,6,年度,2019-12-31,2.0,华夏基金－中央汇金资产管理有限责任公司－华夏基金－汇金资管单一资产管理计划,10107324,202000001407,2019-01-01,196482500.0,2.63
中央汇金投资有限责任公司,510330,5,半年度,2020-06-30,1.0,中央汇金投资有限责任公司,10107324,202000001407,2020-01-01,1790942652.0,27.8
中央汇金资产管理有限责任公司,510330,5,半年度,2020-06-30,2.0,华夏基金－中央汇金资产管理有限责任公司－华夏基金－汇金资管单一资产管理计划,10107324,202000001407,2020-01-01,293470500.0,4.56
中央汇金投资有限责任公司,510330,6,年度,2020-12-31,1.0,中央汇金投资有限责任公司,10107324,202000001407,2020-01-01,1790942652.0,31.07
中央汇金资产管理有限责任公司,510330,6,年度,2020-12-31,2.0,华夏基金－中央汇金资产管理有限责任公司－华夏基金－汇金资管单一资产管理计划,10107324,202000001407,2020-01-01,621966805.0,10.79
中央汇金投资有限责任公司,510330,5,半年度,2021-06-30,1.0,中央汇金投资有限责任公司,10107324,202000001407,2021-01-01,1790942652.0,32.57
中央汇金资产管理有限责任公司,510330,5,半年度,2021-06-30,2.0,华夏基金－中央汇金资产管理有限责任公司－华夏基金－汇金资管单一资产管理计划,10107324,202000001407,2021-01-01,563682302.0,10.25
中央汇金投资有限责任公司,510330,6,年度,2021-12-31,1.0,中央汇金投资有限责任公司,10107324,202000001407,2021-01-01,1790942652.0,31.1
中央汇金资产管理有限责任公司,510330,6,年度,2021-12-31,2.0,华夏基金－中央汇金资产管理有限责任公司－华夏基金－汇金资管单一资产管理计划,10107324,202000001407,2021-01-01,414882219.0,7.2
中央汇金投资有限责任公司,510330,5,半年度,2022-06-30,1.0,中央汇金投资有限责任公司,10107324,202000001407,2022-01-01,1790942652.0,34.96
中央汇金资产管理有限责任公司,510330,5,半年度,2022-06-30,2.0,华夏基金－中央汇金资产管理有限责任公司－华夏基金－汇金资管单一资产管理计划,10107324,202000001407,2022-01-01,110760019.0,2.16
中央汇金投资有限责任公司,510330,6,年度,2022-12-31,1.0,中央汇金投资有限责任公司,10107324,202000001407,2022-01-01,1790942652.0,28.31
中央汇金投资有限责任公司,510330,5,半年度,2023-06-30,1.0,中央汇金投资有限责任公司,10107324,202000001407,2023-01-01,1790942652.0,29.11
中央汇金投资有限责任公司,510330,6,年度,2023-12-31,1.0,中央汇金投资有限责任公司,10107324,202000001407,2023-01-01,2893029852.0,26.93
中央汇金投资有限责任公司,510330,5,半年度,2024-06-30,1.0,中央汇金投资有限责任公司,10107324,202000001407,2024-01-01,20937230572.0,75.24
中央汇金资产管理有限责任公司,510330,5,半年度,2024-06-30,7.0,中央汇金资产管理有限责任公司,10107324,202000001407,2024-01-01,172096800.0,0.62
中央汇金投资有限责任公司,510330,6,年度,2024-12-31,1.0,中央汇金投资有限责任公司,10107324,202000001407,2024-01-01,20937230572.0,52.57
中央汇金资产管理有限责任公司,510330,6,年度,2024-12-31,2.0,中央汇金资产管理有限责任公司,10107324,202000001407,2024-01-01,11645863223.0,29.24
中央汇金资产管理有限责任公司,510330,5,半年度,2025-06-30,1.0,中央汇金资产管理有限责任公司,10107324,202000001407,2025-01-01,21090791723.0,43.97
中央汇金投资有限责任公司,510330,5,半年度,2025-06-30,2.0,中央汇金投资有限责任公司,10107324,202000001407,2025-01-01,20937230572.0,43.65
中央汇金资产管理有限责任公司,510330,6,年度,2025-12-31,1.0,中央汇金资产管理有限责任公司,10107324,202000001407,2025-01-01,21090791723.0,44.47
中央汇金投资有限责任公司,510330,6,年度,2025-12-31,2.0,中央汇金投资有限责任公司,10107324,202000001407,2025-01-01,20937230572.0,44.15
中央汇金资产管理有限责任公司,510410,5,半年度,2023-06-30,2.0,华夏基金－中央汇金资产管理有限责任公司－华夏基金－汇金资管单一资产管理计划,10103166,202000001408,2023-01-01,7577900.0,2.29
中央汇金投资有限责任公司,510500,6,年度,2013-12-31,2.0,中央汇金投资有限责任公司,10108075,202000001412,2013-01-01,168715800.0,4.05
中央汇金投资有限责任公司,510500,5,半年度,2014-06-30,2.0,中央汇金投资有限责任公司,10108075,202000001412,2014-01-01,571526990.0,12.58
中央汇金投资有限责任公司,510500,6,年度,2014-12-31,2.0,中央汇金投资有限责任公司,10108075,202000001412,2014-01-01,372499790.0,11.77
中央汇金投资有限责任公司,510500,5,半年度,2015-06-30,2.0,中央汇金投资有限责任公司,10108075,202000001412,2015-01-01,22101667.0,3.18
中央汇金投资有限责任公司,510500,6,年度,2015-12-31,1.0,中央汇金投资有限责任公司,10108075,202000001412,2015-01-01,1728426785.0,66.29
中央汇金投资有限责任公司,510500,5,半年度,2016-06-30,1.0,中央汇金投资有限责任公司,10108075,202000001412,2016-01-01,1728426785.0,60.42
中央汇金投资有限责任公司,510500,6,年度,2016-12-31,1.0,中央汇金投资有限责任公司,10108075,202000001412,2016-01-01,1728426785.0,67.73
中央汇金投资有限责任公司,510500,5,半年度,2017-06-30,1.0,中央汇金投资有限责任公司,10108075,202000001412,2017-01-01,1728426785.0,60.24
中央汇金投资有限责任公司,510500,6,年度,2017-12-31,1.0,中央汇金投资有限责任公司,10108075,202000001412,2017-01-01,1728426785.0,61.5
中央汇金投资有限责任公司,510500,5,半年度,2018-06-30,1.0,中央汇金投资有限责任公司,10108075,202000001412,2018-01-01,1728426785.0,39.46
中央汇金投资有限责任公司,510500,6,年度,2018-12-31,1.0,中央汇金投资有限责任公司,10108075,202000001412,2018-01-01,1728426785.0,23.05
中央汇金投资有限责任公司,510500,5,半年度,2019-06-30,1.0,中央汇金投资有限责任公司,10108075,202000001412,2019-01-01,1728426785.0,19.13
中央汇金投资有限责任公司,510500,6,年度,2019-12-31,2.0,中央汇金投资有限责任公司,10108075,202000001412,2019-01-01,1728426785.0,22.15
中央汇金投资有限责任公司,510500,5,半年度,2020-06-30,1.0,中央汇金投资有限责任公司,10108075,202000001412,2020-01-01,1728426785.0,28.81
中央汇金投资有限责任公司,510500,6,年度,2020-12-31,1.0,中央汇金投资有限责任公司,10108075,202000001412,2020-01-01,1728426785.0,31.89
中央汇金投资有限责任公司,510500,5,半年度,2021-06-30,1.0,中央汇金投资有限责任公司,10108075,202000001412,2021-01-01,1728426785.0,33.58
中央汇金资产管理有限责任公司,510500,5,半年度,2021-06-30,2.0,华夏基金-中央汇金资产管理有限责任公司-华夏基金-汇金资管单一资产管理计划,10108075,202000001412,2021-01-01,143100000.0,2.78
中央汇金资产管理有限责任公司,510500,5,半年度,2021-06-30,7.0,易方达基金-中央汇金资产管理有限责任公司-易方达基金-汇金资管单一资产管理计划,10108075,202000001412,2021-01-01,40000000.0,0.78
中央汇金投资有限责任公司,510500,6,年度,2021-12-31,1.0,中央汇金投资有限责任公司,10108075,202000001412,2021-01-01,1728426785.0,26.2
中央汇金资产管理有限责任公司,510500,6,年度,2021-12-31,4.0,易方达基金-中央汇金资产管理有限责任公司-易方达基金-汇金资管单一资产管理计划,10108075,202000001412,2021-01-01,160000647.0,2.43
中央汇金投资有限责任公司,510500,5,半年度,2022-06-30,1.0,中央汇金投资有限责任公司,10108075,202000001412,2022-01-01,1728426785.0,29.97
中央汇金资产管理有限责任公司,510500,5,半年度,2022-06-30,3.0,易方达基金-中央汇金资产管理有限责任公司-易方达基金-汇金资管单一资产管理计划,10108075,202000001412,2022-01-01,125000047.0,2.17
中央汇金投资有限责任公司,510500,6,年度,2022-12-31,1.0,中央汇金投资有限责任公司,10108075,202000001412,2022-01-01,1979722756.0,19.31
中央汇金资产管理有限责任公司,510500,6,年度,2022-12-31,10.0,易方达基金-中央汇金资产管理有限责任公司-易方达基金-汇金资管单一资产管理计划,10108075,202000001412,2022-01-01,154000004.0,1.5
中央汇金投资有限责任公司,510500,5,半年度,2023-06-30,1.0,中央汇金投资有限责任公司,10108075,202000001412,2023-01-01,1979722756.0,24.91
中央汇金资产管理有限责任公司,510500,5,半年度,2023-06-30,7.0,易方达基金-中央汇金资产管理有限责任公司-易方达基金-汇金资管单一资产管理计划,10108075,202000001412,2023-01-01,128000004.0,1.61
中央汇金投资有限责任公司,510500,6,年度,2023-12-31,1.0,中央汇金投资有限责任公司,10108075,202000001412,2023-01-01,1979722756.0,23.39
中央汇金资产管理有限责任公司,510500,6,年度,2023-12-31,4.0,易方达基金-中央汇金资产管理有限责任公司-易方达基金-汇金资管单一资产管理计划,10108075,202000001412,2023-01-01,124000004.0,1.47
中央汇金投资有限责任公司,510500,5,半年度,2024-06-30,1.0,中央汇金投资有限责任公司,10108075,202000001412,2024-01-01,8235101633.0,55.74
中央汇金资产管理有限责任公司,510500,5,半年度,2024-06-30,4.0,易方达基金－中央汇金资产管理有限责任公司－易方达基金－汇金资管单一资产管理计划,10108075,202000001412,2024-01-01,110000004.0,0.74
中央汇金资产管理有限责任公司,510500,5,半年度,2024-06-30,6.0,中央汇金资产管理有限责任公司,10108075,202000001412,2024-01-01,89439620.0,0.61
中央汇金投资有限责任公司,510500,6,年度,2024-12-31,1.0,中央汇金投资有限责任公司,10108075,202000001412,2024-01-01,8235101633.0,47.08
中央汇金资产管理有限责任公司,510500,6,年度,2024-12-31,2.0,中央汇金资产管理有限责任公司,10108075,202000001412,2024-01-01,2615889755.0,14.95
中央汇金资产管理有限责任公司,510500,6,年度,2024-12-31,4.0,易方达基金－中央汇金资产管理有限责任公司－易方达基金－汇金资管单一资产管理计划,10108075,202000001412,2024-01-01,196478938.0,1.12
中央汇金投资有限责任公司,510500,5,半年度,2025-06-30,1.0,中央汇金投资有限责任公司,10108075,202000001412,2025-01-01,8235101633.0,43.31
中央汇金资产管理有限责任公司,510500,5,半年度,2025-06-30,2.0,中央汇金资产管理有限责任公司,10108075,202000001412,2025-01-01,5981977518.0,31.46
中央汇金资产管理有限责任公司,510500,5,半年度,2025-06-30,3.0,易方达基金－中央汇金资产管理有限责任公司－易方达基金－汇金资管单一资产管理计划,10108075,202000001412,2025-01-01,190080598.0,1.0
中央汇金投资有限责任公司,510500,6,年度,2025-12-31,1.0,中央汇金投资有限责任公司,10108075,202000001412,2025-01-01,8235101633.0,43.2
中央汇金资产管理有限责任公司,510500,6,年度,2025-12-31,2.0,中央汇金资产管理有限责任公司,10108075,202000001412,2025-01-01,5981977518.0,31.38
中央汇金资产管理有限责任公司,510500,6,年度,2025-12-31,4.0,易方达基金－中央汇金资产管理有限责任公司－易方达基金－汇金资管单一资产管理计划,10108075,202000001412,2025-01-01,190080598.0,1.0
中央汇金资产管理有限责任公司,510630,6,年度,2020-12-31,1.0,华夏基金－中央汇金资产管理有限责任公司－华夏基金－汇金资管单一资产管理计划,10110578,202000001416,2020-01-01,9916300.0,14.46
中央汇金资产管理有限责任公司,510630,5,半年度,2021-06-30,1.0,华夏基金－中央汇金资产管理有限责任公司－华夏基金－汇金资管单一资产管理计划,10110578,202000001416,2021-01-01,41000000.0,13.65
中央汇金资产管理有限责任公司,510630,6,年度,2021-12-31,1.0,华夏基金－中央汇金资产管理有限责任公司－华夏基金－汇金资管单一资产管理计划,10110578,202000001416,2021-01-01,41000000.0,10.81
中央汇金资产管理有限责任公司,510630,5,半年度,2022-06-30,1.0,华夏基金－中央汇金资产管理有限责任公司－华夏基金－汇金资管单一资产管理计划,10110578,202000001416,2022-01-01,41000000.0,13.3
中央汇金资产管理有限责任公司,510630,6,年度,2022-12-31,1.0,华夏基金－中央汇金资产管理有限责任公司－华夏基金－汇金资管单一资产管理计划,10110578,202000001416,2022-01-01,45000000.0,11.99
中央汇金资产管理有限责任公司,510880,5,半年度,2020-06-30,4.0,华夏基金－中央汇金资产管理有限责任公司－华夏基金－汇金资管单一资产管理计划,10103414,202000001420,2020-01-01,5979700.0,0.32
中央汇金资产管理有限责任公司,510880,6,年度,2020-12-31,1.0,华夏基金－中央汇金资产管理有限责任公司－华夏基金－汇金资管单一资产管理计划,10103414,202000001420,2020-01-01,39433500.0,1.18
中央汇金资产管理有限责任公司,510900,6,年度,2020-12-31,6.0,华夏基金－中央汇金资产管理有限责任公司－华夏基金－汇金资管单一资产管理计划,10102933,202000001421,2020-01-01,186608200.0,2.19
中央汇金资产管理有限责任公司,510900,5,半年度,2021-06-30,3.0,华夏基金－中央汇金资产管理有限责任公司－华夏基金－汇金资管单一资产管理计划,10102933,202000001421,2021-01-01,285808200.0,4.42
中央汇金资产管理有限责任公司,512000,6,年度,2021-12-31,8.0,华夏基金－中央汇金资产管理有限责任公司－华夏基金－汇金资管单一资产管理计划,10381441,202000004789,2021-01-01,80000000.0,0.38
中央汇金资产管理有限责任公司,512010,5,半年度,2020-06-30,2.0,易方达基金－中央汇金资产管理有限责任公司－易方达基金－汇金资管单一资产管理计划,10118765,202000001940,2020-01-01,158000000.0,19.57
中央汇金资产管理有限责任公司,512010,6,年度,2020-12-31,1.0,易方达基金－中央汇金资产管理有限责任公司－易方达基金－汇金资管单一资产管理计划,10118765,202000001940,2020-01-01,70000060.0,9.34
中央汇金资产管理有限责任公司,512010,6,年度,2020-12-31,2.0,华夏基金－中央汇金资产管理有限责任公司－华夏基金－汇金资管单一资产管理计划,10118765,202000001940,2020-01-01,56000000.0,7.47
中央汇金资产管理有限责任公司,512010,5,半年度,2023-06-30,4.0,华夏基金－中央汇金资产管理有限责任公司－华夏基金－汇金资管单一资产管理计划,10118765,202000001940,2023-01-01,487254200.0,1.11
中央汇金资产管理有限责任公司,512010,6,年度,2023-12-31,1.0,华夏基金－中央汇金资产管理有限责任公司－华夏基金－汇金资管单一资产管理计划,10118765,202000001940,2023-01-01,867625400.0,1.75
中央汇金资产管理有限责任公司,512010,5,半年度,2024-06-30,1.0,华夏基金－中央汇金资产管理有限责任公司－华夏基金－汇金资管单一资产管理计划,10118765,202000001940,2024-01-01,867625400.0,1.66
中央汇金资产管理有限责任公司,512010,6,年度,2024-12-31,4.0,华夏基金－中央汇金资产管理有限责任公司－华夏基金－汇金资管单一资产管理计划,10118765,202000001940,2024-01-01,893273700.0,1.39
中央汇金资产管理有限责任公司,512010,6,年度,2024-12-31,10.0,易方达基金－中央汇金资产管理有限责任公司－易方达基金－汇金资管单一资产管理计划,10118765,202000001940,2024-01-01,309968500.0,0.48
中央汇金资产管理有限责任公司,512010,5,半年度,2025-06-30,4.0,华夏基金－中央汇金资产管理有限责任公司－华夏基金－汇金资管单一资产管理计划,10118765,202000001940,2025-01-01,893273700.0,1.6
中央汇金资产管理有限责任公司,512010,5,半年度,2025-06-30,5.0,易方达基金－中央汇金资产管理有限责任公司－易方达基金－汇金资管单一资产管理计划,10118765,202000001940,2025-01-01,846000000.0,1.51
中央汇金资产管理有限责任公司,512010,6,年度,2025-12-31,1.0,华夏基金－中央汇金资产管理有限责任公司－华夏基金－汇金资管单一资产管理计划,10118765,202000001940,2025-01-01,893273700.0,1.99
中央汇金资产管理有限责任公司,512010,6,年度,2025-12-31,2.0,易方达基金－中央汇金资产管理有限责任公司－易方达基金－汇金资管单一资产管理计划,10118765,202000001940,2025-01-01,846000000.0,1.89
中央汇金资产管理有限责任公司,512070,5,半年度,2020-06-30,2.0,易方达基金－中央汇金资产管理有限责任公司－易方达基金－汇金资管单一资产管理计划,10133267,202000002340,2020-01-01,10000000.0,0.99
中央汇金资产管理有限责任公司,512070,6,年度,2020-12-31,3.0,华夏基金－中央汇金资产管理有限责任公司－华夏基金－汇金资管单一资产管理计划,10133267,202000002340,2020-01-01,40000000.0,3.02
中央汇金资产管理有限责任公司,512090,6,年度,2020-12-31,1.0,华夏基金－中央汇金资产管理有限责任公司－华夏基金－汇金资管单一资产管理计划,10432425,202000007929,2020-01-01,33921800.0,8.84
中央汇金资产管理有限责任公司,512090,5,半年度,2021-06-30,1.0,华夏基金－中央汇金资产管理有限责任公司－华夏基金－汇金资管单一资产管理计划,10432425,202000007929,2021-01-01,52000000.0,14.46
中央汇金投资有限责任公司,512100,5,半年度,2024-06-30,1.0,中央汇金投资有限责任公司,10383627,202000004930,2024-01-01,8956692256.0,73.67
中央汇金投资有限责任公司,512100,6,年度,2024-12-31,1.0,中央汇金投资有限责任公司,10383627,202000004930,2024-01-01,8956692256.0,40.25
中央汇金资产管理有限责任公司,512100,6,年度,2024-12-31,2.0,中央汇金资产管理有限责任公司,10383627,202000004930,2024-01-01,7557031966.0,33.96
中央汇金资产管理有限责任公司,512100,5,半年度,2025-06-30,1.0,中央汇金资产管理有限责任公司,10383627,202000004930,2025-01-01,13212186794.0,52.13
中央汇金投资有限责任公司,512100,5,半年度,2025-06-30,2.0,中央汇金投资有限责任公司,10383627,202000004930,2025-01-01,8956692256.0,35.34
中央汇金资产管理有限责任公司,512100,6,年度,2025-12-31,1.0,中央汇金资产管理有限责任公司,10383627,202000004930,2025-01-01,13212186794.0,51.51
中央汇金投资有限责任公司,512100,6,年度,2025-12-31,2.0,中央汇金投资有限责任公司,10383627,202000004930,2025-01-01,8956692256.0,34.92
中央汇金资产管理有限责任公司,512160,6,年度,2020-12-31,1.0,华夏基金中央汇金资产管理有限责任公司华夏基金汇金资管单一资产管理计划,10431964,202000007817,2020-01-01,26000000.0,5.1
中央汇金资产管理有限责任公司,512160,5,半年度,2021-06-30,1.0,华夏基金-中央汇金资产管理有限责任公司-华夏基金-汇金资管单一资产管理计划,10431964,202000007817,2021-01-01,41000000.0,11.15
中央汇金资产管理有限责任公司,512170,6,年度,2021-12-31,1.0,华夏基金－中央汇金资产管理有限责任公司－华夏基金－汇金资管单一资产管理计划,10456241,202000019921,2021-01-01,347607400.0,1.67
中央汇金资产管理有限责任公司,512170,5,半年度,2022-06-30,1.0,华夏基金－中央汇金资产管理有限责任公司－华夏基金－汇金资管单一资产管理计划,10456241,202000019921,2022-01-01,647540000.0,2.58
中央汇金资产管理有限责任公司,512170,6,年度,2022-12-31,1.0,华夏基金－中央汇金资产管理有限责任公司－华夏基金－汇金资管单一资产管理计划,10456241,202000019921,2022-01-01,1606709506.0,4.69
中央汇金资产管理有限责任公司,512170,5,半年度,2023-06-30,2.0,华夏基金－中央汇金资产管理有限责任公司－华夏基金－汇金资管单一资产管理计划,10456241,202000019921,2023-01-01,755089206.0,1.4
中央汇金资产管理有限责任公司,512170,6,年度,2023-12-31,3.0,华夏基金－中央汇金资产管理有限责任公司－华夏基金－汇金资管单一资产管理计划,10456241,202000019921,2023-01-01,396809206.0,0.58
中央汇金资产管理有限责任公司,512170,5,半年度,2024-06-30,1.0,华夏基金－中央汇金资产管理有限责任公司－华夏基金－汇金资管单一资产管理计划,10456241,202000019921,2024-01-01,396809206.0,0.54
中央汇金资产管理有限责任公司,512170,6,年度,2024-12-31,2.0,华夏基金－中央汇金资产管理有限责任公司－华夏基金－汇金资管单一资产管理计划,10456241,202000019921,2024-01-01,328145106.0,0.43
中央汇金资产管理有限责任公司,512170,5,半年度,2025-06-30,5.0,华夏基金－中央汇金资产管理有限责任公司－华夏基金－汇金资管单一资产管理计划,10456241,202000019921,2025-01-01,229701606.0,0.29
中央汇金资产管理有限责任公司,512170,6,年度,2025-12-31,7.0,华夏基金－中央汇金资产管理有限责任公司－华夏基金－汇金资管单一资产管理计划,10456241,202000019921,2025-01-01,229701606.0,0.31
中央汇金资产管理有限责任公司,512200,5,半年度,2022-06-30,1.0,易方达基金-中央汇金资产管理有限责任公司-易方达基金-汇金资管单一资产管理计划,10406667,202000006748,2022-01-01,400000000.0,4.29
中央汇金资产管理有限责任公司,512380,6,年度,2020-12-31,2.0,华夏基金－中央汇金资产管理有限责任公司－华夏基金－汇金资管单一资产管理计划,10437547,202000008884,2020-01-01,45235600.0,19.77
中央汇金资产管理有限责任公司,512380,5,半年度,2021-06-30,2.0,华夏基金－中央汇金资产管理有限责任公司－华夏基金－汇金资管单一资产管理计划,10437547,202000008884,2021-01-01,38100000.0,19.76
中央汇金资产管理有限责任公司,512400,6,年度,2020-12-31,1.0,华夏基金中央汇金资产管理有限责任公司华夏基金汇金资管单一资产管理计划,10406796,202000006791,2020-01-01,250000000.0,5.75
中央汇金资产管理有限责任公司,512400,5,半年度,2021-06-30,1.0,华夏基金-中央汇金资产管理有限责任公司-华夏基金-汇金资管单一资产管理计划,10406796,202000006791,2021-01-01,373136800.0,9.04
中央汇金资产管理有限责任公司,512400,6,年度,2021-12-31,1.0,华夏基金-中央汇金资产管理有限责任公司-华夏基金-汇金资管单一资产管理计划,10406796,202000006791,2021-01-01,70000000.0,2.52
中央汇金资产管理有限责任公司,512400,5,半年度,2022-06-30,1.0,易方达基金-中央汇金资产管理有限责任公司-易方达基金-汇金资管单一资产管理计划,10406796,202000006791,2022-01-01,140000000.0,5.14
中央汇金资产管理有限责任公司,512400,5,半年度,2023-06-30,1.0,华夏基金-中央汇金资产管理有限责任公司-华夏基金-汇金资管单一资产管理计划,10406796,202000006791,2023-01-01,122110300.0,3.16
中央汇金资产管理有限责任公司,512400,6,年度,2023-12-31,1.0,华夏基金-中央汇金资产管理有限责任公司-华夏基金-汇金资管单一资产管理计划,10406796,202000006791,2023-01-01,245463000.0,5.89
中央汇金资产管理有限责任公司,512400,5,半年度,2024-06-30,1.0,华夏基金-中央汇金资产管理有限责任公司-华夏基金-汇金资管单一资产管理计划,10406796,202000006791,2024-01-01,263242600.0,6.09
中央汇金资产管理有限责任公司,512400,6,年度,2024-12-31,1.0,华夏基金－中央汇金资产管理有限责任公司－华夏基金－汇金资管单一资产管理计划,10406796,202000006791,2024-01-01,264048800.0,5.88
中央汇金资产管理有限责任公司,512400,6,年度,2024-12-31,2.0,易方达基金－中央汇金资产管理有限责任公司－易方达基金－汇金资管单一资产管理计划,10406796,202000006791,2024-01-01,160000000.0,3.56
中央汇金资产管理有限责任公司,512400,5,半年度,2025-06-30,2.0,易方达基金－中央汇金资产管理有限责任公司－易方达基金－汇金资管单一资产管理计划,10406796,202000006791,2025-01-01,219365619.0,5.31
中央汇金资产管理有限责任公司,512400,5,半年度,2025-06-30,3.0,华夏基金－中央汇金资产管理有限责任公司－华夏基金－汇金资管单一资产管理计划,10406796,202000006791,2025-01-01,203940500.0,4.94
中央汇金资产管理有限责任公司,512400,6,年度,2025-12-31,3.0,华夏基金－中央汇金资产管理有限责任公司－华夏基金－汇金资管单一资产管理计划,10406796,202000006791,2025-01-01,225076700.0,2.11
中央汇金资产管理有限责任公司,512480,5,半年度,2020-06-30,4.0,华夏基金－中央汇金资产管理有限责任公司－华夏基金－汇金资管单一资产管理计划,10456240,202000019920,2020-01-01,10844900.0,0.39
中央汇金资产管理有限责任公司,512480,5,半年度,2024-06-30,9.0,易方达基金－中央汇金资产管理有限责任公司－易方达基金－汇金资管单一资产管理计划,10456240,202000019920,2024-01-01,100000000.0,0.35
中央汇金资产管理有限责任公司,512500,6,年度,2019-12-31,1.0,华夏基金－中央汇金资产管理有限责任公司－华夏基金－汇金资管单一资产管理计划,10144477,202000002903,2019-01-01,107853200.0,5.12
中央汇金资产管理有限责任公司,512500,5,半年度,2020-06-30,1.0,华夏基金－中央汇金资产管理有限责任公司－华夏基金－汇金资管单一资产管理计划,10144477,202000002903,2020-01-01,183741900.0,11.3
中央汇金资产管理有限责任公司,512500,6,年度,2020-12-31,1.0,华夏基金－中央汇金资产管理有限责任公司－华夏基金－汇金资管单一资产管理计划,10144477,202000002903,2020-01-01,287874700.0,17.49
中央汇金资产管理有限责任公司,512500,5,半年度,2021-06-30,2.0,华夏基金－中央汇金资产管理有限责任公司－华夏基金－汇金资管单一资产管理计划,10144477,202000002903,2021-01-01,28900000.0,2.58
中央汇金资产管理有限责任公司,512500,6,年度,2021-12-31,1.0,华夏基金－中央汇金资产管理有限责任公司－华夏基金－汇金资管单一资产管理计划,10144477,202000002903,2021-01-01,188000000.0,12.03
中央汇金资产管理有限责任公司,512500,5,半年度,2023-06-30,1.0,华夏基金－中央汇金资产管理有限责任公司－华夏基金－汇金资管单一资产管理计划,10144477,202000002903,2023-01-01,220000000.0,13.96
中央汇金资产管理有限责任公司,512500,6,年度,2023-12-31,2.0,华夏基金－中央汇金资产管理有限责任公司－华夏基金－汇金资管单一资产管理计划,10144477,202000002903,2023-01-01,229500000.0,10.48
中央汇金投资有限责任公司,512500,5,半年度,2024-06-30,1.0,中央汇金投资有限责任公司,10144477,202000002903,2024-01-01,2050885600.0,45.08
中央汇金资产管理有限责任公司,512500,5,半年度,2024-06-30,3.0,华夏基金－中央汇金资产管理有限责任公司－华夏基金－汇金资管单一资产管理计划,10144477,202000002903,2024-01-01,249200000.0,5.48
中央汇金投资有限责任公司,512500,6,年度,2024-12-31,1.0,中央汇金投资有限责任公司,10144477,202000002903,2024-01-01,2050885600.0,47.18
中央汇金资产管理有限责任公司,512500,6,年度,2024-12-31,3.0,华夏基金－中央汇金资产管理有限责任公司－华夏基金－汇金资管单一资产管理计划,10144477,202000002903,2024-01-01,255000000.0,5.87
中央汇金投资有限责任公司,512500,5,半年度,2025-06-30,1.0,中央汇金投资有限责任公司,10144477,202000002903,2025-01-01,2050885600.0,51.05
中央汇金资产管理有限责任公司,512500,5,半年度,2025-06-30,2.0,华夏基金－中央汇金资产管理有限责任公司－华夏基金－汇金资管单一资产管理计划,10144477,202000002903,2025-01-01,404500000.0,10.07
中央汇金投资有限责任公司,512500,6,年度,2025-12-31,1.0,中央汇金投资有限责任公司,10144477,202000002903,2025-01-01,2050885600.0,47.26
中央汇金资产管理有限责任公司,512500,6,年度,2025-12-31,2.0,华夏基金－中央汇金资产管理有限责任公司－华夏基金－汇金资管单一资产管理计划,10144477,202000002903,2025-01-01,803000000.0,18.5
中央汇金资产管理有限责任公司,512660,6,年度,2019-12-31,5.0,易方达基金－中央汇金资产管理有限责任公司－易方达基金－汇金资管单一资产管理计划,10378247,202000004650,2019-01-01,65000037.0,2.01
中央汇金资产管理有限责任公司,512660,5,半年度,2020-06-30,2.0,易方达基金－中央汇金资产管理有限责任公司－易方达基金－汇金资管单一资产管理计划,10378247,202000004650,2020-01-01,249999981.0,9.45
中央汇金资产管理有限责任公司,512660,6,年度,2020-12-31,2.0,易方达基金－中央汇金资产管理有限责任公司－易方达基金－汇金资管单一资产管理计划,10378247,202000004650,2020-01-01,300000025.0,3.75
中央汇金资产管理有限责任公司,512660,5,半年度,2021-06-30,5.0,易方达基金－中央汇金资产管理有限责任公司－易方达基金－汇金资管单一资产管理计划,10378247,202000004650,2021-01-01,61549025.0,0.54
中央汇金资产管理有限责任公司,512660,6,年度,2021-12-31,1.0,华夏基金－中央汇金资产管理有限责任公司－华夏基金－汇金资管单一资产管理计划,10378247,202000004650,2021-01-01,440993000.0,5.41
中央汇金资产管理有限责任公司,512660,5,半年度,2022-06-30,1.0,华夏基金－中央汇金资产管理有限责任公司－华夏基金－汇金资管单一资产管理计划,10378247,202000004650,2022-01-01,375993000.0,3.7
中央汇金资产管理有限责任公司,512660,6,年度,2022-12-31,1.0,易方达基金－中央汇金资产管理有限责任公司－易方达基金－汇金资管单一资产管理计划,10378247,202000004650,2022-01-01,220000000.0,2.26
中央汇金资产管理有限责任公司,512660,6,年度,2022-12-31,3.0,华夏基金－中央汇金资产管理有限责任公司－华夏基金－汇金资管单一资产管理计划,10378247,202000004650,2022-01-01,175189500.0,1.8
中央汇金资产管理有限责任公司,512660,5,半年度,2023-06-30,5.0,华夏基金－中央汇金资产管理有限责任公司－华夏基金－汇金资管单一资产管理计划,10378247,202000004650,2023-01-01,145652000.0,1.59
中央汇金资产管理有限责任公司,512660,6,年度,2023-12-31,2.0,华夏基金－中央汇金资产管理有限责任公司－华夏基金－汇金资管单一资产管理计划,10378247,202000004650,2023-01-01,172791500.0,1.8
中央汇金资产管理有限责任公司,512660,5,半年度,2024-06-30,3.0,华夏基金－中央汇金资产管理有限责任公司－华夏基金－汇金资管单一资产管理计划,10378247,202000004650,2024-01-01,194167700.0,2.18
中央汇金资产管理有限责任公司,512660,6,年度,2024-12-31,3.0,华夏基金－中央汇金资产管理有限责任公司－华夏基金－汇金资管单一资产管理计划,10378247,202000004650,2024-01-01,167681300.0,1.75
中央汇金资产管理有限责任公司,512660,5,半年度,2025-06-30,4.0,易方达基金－中央汇金资产管理有限责任公司－易方达基金－汇金资管单一资产管理计划,10378247,202000004650,2025-01-01,300000000.0,2.2
中央汇金资产管理有限责任公司,512660,5,半年度,2025-06-30,5.0,华夏基金－中央汇金资产管理有限责任公司－华夏基金－汇金资管单一资产管理计划,10378247,202000004650,2025-01-01,167681300.0,1.23
中央汇金资产管理有限责任公司,512660,6,年度,2025-12-31,2.0,易方达基金－中央汇金资产管理有限责任公司－易方达基金－汇金资管单一资产管理计划,10378247,202000004650,2025-01-01,300000000.0,3.86
中央汇金资产管理有限责任公司,512660,6,年度,2025-12-31,7.0,华夏基金－中央汇金资产管理有限责任公司－华夏基金－汇金资管单一资产管理计划,10378247,202000004650,2025-01-01,118564900.0,1.53
中央汇金资产管理有限责任公司,512670,6,年度,2020-12-31,1.0,华夏基金－中央汇金资产管理有限责任公司－华夏基金－汇金资管单一资产管理计划,10457924,202000021188,2020-01-01,34000000.0,8.5
中央汇金资产管理有限责任公司,512690,6,年度,2020-12-31,1.0,华夏基金－中央汇金资产管理有限责任公司－华夏基金－汇金资管单一资产管理计划,10454067,202000009186,2020-01-01,110999925.0,11.1
中央汇金资产管理有限责任公司,512690,6,年度,2020-12-31,2.0,易方达基金－中央汇金资产管理有限责任公司－易方达基金－汇金资管单一资产管理计划,10454067,202000009186,2020-01-01,25000000.0,2.5
中央汇金资产管理有限责任公司,512690,6,年度,2021-12-31,1.0,华夏基金－中央汇金资产管理有限责任公司－华夏基金－汇金资管单一资产管理计划,10454067,202000009186,2021-01-01,412454616.0,6.52
中央汇金资产管理有限责任公司,512690,6,年度,2022-12-31,7.0,华夏基金－中央汇金资产管理有限责任公司－华夏基金－汇金资管单一资产管理计划,10454067,202000009186,2022-01-01,174539900.0,1.68
中央汇金资产管理有限责任公司,512690,5,半年度,2024-06-30,4.0,易方达基金－中央汇金资产管理有限责任公司－易方达基金－汇金资管单一资产管理计划,10454067,202000009186,2024-01-01,300000000.0,1.91
中央汇金资产管理有限责任公司,512690,6,年度,2024-12-31,3.0,易方达基金－中央汇金资产管理有限责任公司－易方达基金－汇金资管单一资产管理计划,10454067,202000009186,2024-01-01,460000000.0,2.26
中央汇金资产管理有限责任公司,512690,5,半年度,2025-06-30,3.0,易方达基金－中央汇金资产管理有限责任公司－易方达基金－汇金资管单一资产管理计划,10454067,202000009186,2025-01-01,581000021.0,2.55
中央汇金资产管理有限责任公司,512690,6,年度,2025-12-31,1.0,易方达基金－中央汇金资产管理有限责任公司－易方达基金－汇金资管单一资产管理计划,10454067,202000009186,2025-01-01,581000021.0,1.65
中央汇金资产管理有限责任公司,512710,6,年度,2020-12-31,5.0,华夏基金－中央汇金资产管理有限责任公司－华夏基金－汇金资管单一资产管理计划,10457461,202000021110,2020-01-01,182179942.0,5.48
中央汇金资产管理有限责任公司,512710,6,年度,2021-12-31,10.0,华夏基金－中央汇金资产管理有限责任公司－华夏基金－汇金资管单一资产管理计划,10457461,202000021110,2021-01-01,40000000.0,0.86
中央汇金资产管理有限责任公司,512710,5,半年度,2022-06-30,5.0,华夏基金－中央汇金资产管理有限责任公司－华夏基金－汇金资管单一资产管理计划,10457461,202000021110,2022-01-01,125000000.0,2.2
中央汇金资产管理有限责任公司,512800,6,年度,2020-12-31,9.0,华夏基金－中央汇金资产管理有限责任公司－华夏基金－汇金资管单一资产管理计划,10406733,202000006778,2020-01-01,70000000.0,0.87
中央汇金资产管理有限责任公司,512800,5,半年度,2021-06-30,1.0,华夏基金－中央汇金资产管理有限责任公司－华夏基金－汇金资管单一资产管理计划,10406733,202000006778,2021-01-01,414999834.0,6.17
中央汇金资产管理有限责任公司,512800,5,半年度,2022-06-30,5.0,华夏基金－中央汇金资产管理有限责任公司－华夏基金－汇金资管单一资产管理计划,10406733,202000006778,2022-01-01,134491100.0,1.45
中央汇金资产管理有限责任公司,512800,6,年度,2022-12-31,3.0,华夏基金－中央汇金资产管理有限责任公司－华夏基金－汇金资管单一资产管理计划,10406733,202000006778,2022-01-01,231709600.0,3.35
中央汇金资产管理有限责任公司,512990,6,年度,2020-12-31,1.0,华夏基金－中央汇金资产管理有限责任公司－华夏基金－汇金资管单一资产管理计划,10140875,202000002748,2020-01-01,77552800.0,16.34
中央汇金资产管理有限责任公司,512990,5,半年度,2021-06-30,1.0,华夏基金－中央汇金资产管理有限责任公司－华夏基金－汇金资管单一资产管理计划,10140875,202000002748,2021-01-01,77008000.0,20.11
中央汇金资产管理有限责任公司,513050,6,年度,2020-12-31,1.0,易方达基金－中央汇金资产管理有限责任公司－易方达基金－汇金资管单一资产管理计划,10397523,202000005770,2020-01-01,206071200.0,7.68
中央汇金资产管理有限责任公司,513050,5,半年度,2021-06-30,2.0,易方达基金－中央汇金资产管理有限责任公司－易方达基金－汇金资管单一资产管理计划,10397523,202000005770,2021-01-01,700000055.0,6.83
中央汇金资产管理有限责任公司,513050,6,年度,2021-12-31,1.0,易方达基金－中央汇金资产管理有限责任公司－易方达基金－汇金资管单一资产管理计划,10397523,202000005770,2021-01-01,847000029.0,3.15
中央汇金资产管理有限责任公司,513050,5,半年度,2022-06-30,1.0,易方达基金－中央汇金资产管理有限责任公司－易方达基金－汇金资管单一资产管理计划,10397523,202000005770,2022-01-01,913000029.0,2.57
中央汇金资产管理有限责任公司,513050,6,年度,2022-12-31,2.0,易方达基金－中央汇金资产管理有限责任公司－易方达基金－汇金资管单一资产管理计划,10397523,202000005770,2022-01-01,950000029.0,2.67
中央汇金资产管理有限责任公司,513050,5,半年度,2023-06-30,2.0,易方达基金－中央汇金资产管理有限责任公司－易方达基金－汇金资管单一资产管理计划,10397523,202000005770,2023-01-01,1020000029.0,2.85
中央汇金资产管理有限责任公司,513050,6,年度,2023-12-31,2.0,易方达基金－中央汇金资产管理有限责任公司－易方达基金－汇金资管单一资产管理计划,10397523,202000005770,2023-01-01,945000029.0,2.64
中央汇金资产管理有限责任公司,513050,5,半年度,2024-06-30,2.0,易方达基金－中央汇金资产管理有限责任公司－易方达基金－汇金资管单一资产管理计划,10397523,202000005770,2024-01-01,980000029.0,2.87
中央汇金资产管理有限责任公司,513050,6,年度,2024-12-31,2.0,易方达基金－中央汇金资产管理有限责任公司－易方达基金－汇金资管单一资产管理计划,10397523,202000005770,2024-01-01,834760029.0,2.66
中央汇金资产管理有限责任公司,513050,5,半年度,2025-06-30,1.0,易方达基金－中央汇金资产管理有限责任公司－易方达基金－汇金资管单一资产管理计划,10397523,202000005770,2025-01-01,970000029.0,3.96
中央汇金资产管理有限责任公司,513050,6,年度,2025-12-31,1.0,易方达基金－中央汇金资产管理有限责任公司－易方达基金－汇金资管单一资产管理计划,10397523,202000005770,2025-01-01,970000029.0,3.59
中央汇金资产管理有限责任公司,513180,6,年度,2022-12-31,3.0,华夏基金－中央汇金资产管理有限责任公司－华夏基金－汇金资管单一资产管理计划,10542006,202000027854,2022-01-01,663870500.0,2.16
中央汇金资产管理有限责任公司,513330,5,半年度,2022-06-30,2.0,华夏基金－中央汇金资产管理有限责任公司－华夏基金－汇金资管单一资产管理计划,10523570,202000024971,2022-01-01,1317525000.0,2.5
中央汇金资产管理有限责任公司,513330,5,半年度,2022-06-30,7.0,易方达基金－中央汇金资产管理有限责任公司－易方达基金－汇金资管单一资产管理计划,10523570,202000024971,2022-01-01,380000000.0,0.72
中央汇金资产管理有限责任公司,513330,6,年度,2022-12-31,4.0,易方达基金－中央汇金资产管理有限责任公司－易方达基金－汇金资管单一资产管理计划,10523570,202000024971,2022-01-01,450000000.0,0.84
中央汇金资产管理有限责任公司,515000,6,年度,2020-12-31,1.0,易方达基金－中央汇金资产管理有限责任公司－易方达基金－汇金资管单一资产管理计划,10458744,202000021289,2020-01-01,80000000.0,1.7
中央汇金资产管理有限责任公司,515020,6,年度,2025-12-31,1.0,华夏基金－中央汇金资产管理有限责任公司－华夏基金－汇金资管单一资产管理计划,10460937,202000021600,2025-01-01,67500000.0,12.6
中央汇金资产管理有限责任公司,515030,6,年度,2020-12-31,3.0,华夏基金－中央汇金资产管理有限责任公司－华夏基金－汇金资管单一资产管理计划,10483695,202000022427,2020-02-20,167023500.0,3.36
中央汇金资产管理有限责任公司,515030,5,半年度,2021-06-30,1.0,华夏基金－中央汇金资产管理有限责任公司－华夏基金－汇金资管单一资产管理计划,10483695,202000022427,2021-01-01,407474500.0,12.05
中央汇金资产管理有限责任公司,515030,6,年度,2021-12-31,1.0,华夏基金－中央汇金资产管理有限责任公司－华夏基金－汇金资管单一资产管理计划,10483695,202000022427,2021-01-01,716174465.0,17.64
中央汇金资产管理有限责任公司,515030,5,半年度,2022-06-30,1.0,华夏基金－中央汇金资产管理有限责任公司－华夏基金－汇金资管单一资产管理计划,10483695,202000022427,2022-01-01,723720179.0,13.9
中央汇金资产管理有限责任公司,515030,6,年度,2022-12-31,3.0,华夏基金－中央汇金资产管理有限责任公司－华夏基金－汇金资管单一资产管理计划,10483695,202000022427,2022-01-01,349403889.0,6.3
中央汇金资产管理有限责任公司,515030,5,半年度,2023-06-30,4.0,华夏基金－中央汇金资产管理有限责任公司－华夏基金－汇金资管单一资产管理计划,10483695,202000022427,2023-01-01,203782289.0,2.69
中央汇金资产管理有限责任公司,515030,6,年度,2023-12-31,2.0,华夏基金－中央汇金资产管理有限责任公司－华夏基金－汇金资管单一资产管理计划,10483695,202000022427,2023-01-01,194926489.0,2.77
中央汇金资产管理有限责任公司,515050,6,年度,2021-12-31,1.0,华夏基金－中央汇金资产管理有限责任公司－华夏基金－汇金资管单一资产管理计划,10460741,202000021567,2021-01-01,165000000.0,1.78
中央汇金资产管理有限责任公司,515050,6,年度,2024-12-31,1.0,易方达基金－中央汇金资产管理有限责任公司－易方达基金－汇金资管单一资产管理计划,10460741,202000021567,2024-01-01,239440000.0,3.95
中央汇金资产管理有限责任公司,515050,5,半年度,2025-06-30,1.0,易方达基金－中央汇金资产管理有限责任公司－易方达基金－汇金资管单一资产管理计划,10460741,202000021567,2025-01-01,200000012.0,3.5
中央汇金资产管理有限责任公司,515050,6,年度,2025-12-31,1.0,易方达基金－中央汇金资产管理有限责任公司－易方达基金－汇金资管单一资产管理计划,10460741,202000021567,2025-01-01,200000012.0,5.83
中央汇金资产管理有限责任公司,515120,6,年度,2022-12-31,7.0,华夏基金-中央汇金资产管理有限责任公司-华夏基金-汇金资管单一资产管理计划,10507683,202000024494,2022-01-01,10879000.0,0.45
中央汇金资产管理有限责任公司,515170,5,半年度,2022-06-30,1.0,华夏基金－中央汇金资产管理有限责任公司－华夏基金－汇金资管单一资产管理计划,10513495,202000024723,2022-01-01,554459500.0,10.92
中央汇金资产管理有限责任公司,515170,6,年度,2022-12-31,1.0,华夏基金－中央汇金资产管理有限责任公司－华夏基金－汇金资管单一资产管理计划,10513495,202000024723,2022-01-01,1011183600.0,18.37
中央汇金资产管理有限责任公司,515170,5,半年度,2023-06-30,1.0,华夏基金－中央汇金资产管理有限责任公司－华夏基金－汇金资管单一资产管理计划,10513495,202000024723,2023-01-01,457769300.0,8.82
中央汇金资产管理有限责任公司,515170,6,年度,2023-12-31,1.0,华夏基金－中央汇金资产管理有限责任公司－华夏基金－汇金资管单一资产管理计划,10513495,202000024723,2023-01-01,457769300.0,9.37
中央汇金资产管理有限责任公司,515170,5,半年度,2024-06-30,1.0,华夏基金－中央汇金资产管理有限责任公司－华夏基金－汇金资管单一资产管理计划,10513495,202000024723,2024-01-01,457769300.0,9.63
中央汇金资产管理有限责任公司,515170,6,年度,2024-12-31,1.0,华夏基金－中央汇金资产管理有限责任公司－华夏基金－汇金资管单一资产管理计划,10513495,202000024723,2024-01-01,323327700.0,5.73
中央汇金资产管理有限责任公司,515170,5,半年度,2025-06-30,2.0,华夏基金－中央汇金资产管理有限责任公司－华夏基金－汇金资管单一资产管理计划,10513495,202000024723,2025-01-01,235232600.0,4.17
中央汇金资产管理有限责任公司,515170,6,年度,2025-12-31,2.0,华夏基金－中央汇金资产管理有限责任公司－华夏基金－汇金资管单一资产管理计划,10513495,202000024723,2025-01-01,235232600.0,2.27
中央汇金资产管理有限责任公司,515210,5,半年度,2023-06-30,4.0,华夏基金－中央汇金资产管理有限责任公司－华夏基金－汇金资管单一资产管理计划,10482437,202000022256,2023-01-01,46321000.0,3.73
中央汇金资产管理有限责任公司,515210,6,年度,2023-12-31,5.0,华夏基金－中央汇金资产管理有限责任公司－华夏基金－汇金资管单一资产管理计划,10482437,202000022256,2023-01-01,31525100.0,3.06
中央汇金资产管理有限责任公司,515210,5,半年度,2024-06-30,1.0,华夏基金－中央汇金资产管理有限责任公司－华夏基金－汇金资管单一资产管理计划,10482437,202000022256,2024-01-01,47084200.0,5.43
中央汇金资产管理有限责任公司,515210,6,年度,2024-12-31,1.0,华夏基金－中央汇金资产管理有限责任公司－华夏基金－汇金资管单一资产管理计划,10482437,202000022256,2024-01-01,48793500.0,6.61
中央汇金资产管理有限责任公司,515210,5,半年度,2025-06-30,4.0,华夏基金－中央汇金资产管理有限责任公司－华夏基金－汇金资管单一资产管理计划,10482437,202000022256,2025-01-01,40926800.0,4.26
中央汇金资产管理有限责任公司,515210,6,年度,2025-12-31,7.0,华夏基金－中央汇金资产管理有限责任公司－华夏基金－汇金资管单一资产管理计划,10482437,202000022256,2025-01-01,35331100.0,1.29
中央汇金资产管理有限责任公司,515220,6,年度,2023-12-31,4.0,华夏基金－中央汇金资产管理有限责任公司－华夏基金－汇金资管单一资产管理计划,10482322,202000022248,2023-01-01,18616800.0,2.26
中央汇金资产管理有限责任公司,515220,6,年度,2024-12-31,9.0,华夏基金－中央汇金资产管理有限责任公司－华夏基金－汇金资管单一资产管理计划,10482322,202000022248,2024-01-01,22446000.0,0.89
中央汇金资产管理有限责任公司,515230,5,半年度,2023-06-30,4.0,华夏基金－中央汇金资产管理有限责任公司－华夏基金－汇金资管单一资产管理计划,10524389,202000025200,2023-01-01,100538800.0,6.99
中央汇金资产管理有限责任公司,515230,6,年度,2023-12-31,2.0,华夏基金－中央汇金资产管理有限责任公司－华夏基金－汇金资管单一资产管理计划,10524389,202000025200,2023-01-01,119452800.0,9.18
中央汇金资产管理有限责任公司,515230,5,半年度,2024-06-30,2.0,华夏基金－中央汇金资产管理有限责任公司－华夏基金－汇金资管单一资产管理计划,10524389,202000025200,2024-01-01,112457500.0,7.41
中央汇金资产管理有限责任公司,515250,6,年度,2022-12-31,9.0,华夏基金－中央汇金资产管理有限责任公司－华夏基金－汇金资管单一资产管理计划,10511445,202000024634,2022-01-01,10932400.0,1.25
中央汇金资产管理有限责任公司,515250,5,半年度,2023-06-30,7.0,华夏基金－中央汇金资产管理有限责任公司－华夏基金－汇金资管单一资产管理计划,10511445,202000024634,2023-01-01,10932400.0,1.33
中央汇金资产管理有限责任公司,515260,5,半年度,2023-06-30,2.0,华夏基金－中央汇金资产管理有限责任公司－华夏基金－汇金资管单一资产管理计划,10493565,202000023556,2023-01-01,31933500.0,4.78
中央汇金资产管理有限责任公司,515260,6,年度,2023-12-31,1.0,华夏基金－中央汇金资产管理有限责任公司－华夏基金－汇金资管单一资产管理计划,10493565,202000023556,2023-01-01,63074500.0,8.73
中央汇金资产管理有限责任公司,515260,5,半年度,2024-06-30,1.0,华夏基金－中央汇金资产管理有限责任公司－华夏基金－汇金资管单一资产管理计划,10493565,202000023556,2024-01-01,63074500.0,8.16
中央汇金资产管理有限责任公司,515260,6,年度,2024-12-31,1.0,华夏基金－中央汇金资产管理有限责任公司－华夏基金－汇金资管单一资产管理计划,10493565,202000023556,2024-01-01,63074500.0,10.85
中央汇金资产管理有限责任公司,515260,5,半年度,2025-06-30,1.0,华夏基金－中央汇金资产管理有限责任公司－华夏基金－汇金资管单一资产管理计划,10493565,202000023556,2025-01-01,44152200.0,8.65
中央汇金资产管理有限责任公司,515320,5,半年度,2023-06-30,1.0,华夏基金－中央汇金资产管理有限责任公司－华夏基金－汇金资管单一资产管理计划,10505190,202000024350,2023-01-01,64849800.0,18.62
中央汇金资产管理有限责任公司,515320,6,年度,2023-12-31,1.0,华夏基金－中央汇金资产管理有限责任公司－华夏基金－汇金资管单一资产管理计划,10505190,202000024350,2023-01-01,64849800.0,18.0
中央汇金资产管理有限责任公司,515320,5,半年度,2024-06-30,1.0,华夏基金－中央汇金资产管理有限责任公司－华夏基金－汇金资管单一资产管理计划,10505190,202000024350,2024-01-01,64849800.0,19.4
中央汇金资产管理有限责任公司,515630,6,年度,2020-12-31,1.0,华夏基金－中央汇金资产管理有限责任公司－华夏基金－汇金资管单一资产管理计划,10483046,202000022320,2020-02-28,5000000.0,3.25
中央汇金资产管理有限责任公司,515650,6,年度,2020-12-31,1.0,华夏基金中央汇金资产管理有限责任公司华夏基金汇金资管单一资产管理计划,10460117,202000021468,2020-01-01,76597300.0,10.22
中央汇金资产管理有限责任公司,515650,5,半年度,2021-06-30,1.0,华夏基金－中央汇金资产管理有限责任公司－华夏基金－汇金资管单一资产管理计划,10460117,202000021468,2021-01-01,56982300.0,6.86
中央汇金资产管理有限责任公司,515650,6,年度,2022-12-31,5.0,华夏基金－中央汇金资产管理有限责任公司－华夏基金－汇金资管单一资产管理计划,10460117,202000021468,2022-01-01,10748700.0,0.67
中央汇金资产管理有限责任公司,515650,5,半年度,2023-06-30,9.0,华夏基金－中央汇金资产管理有限责任公司－华夏基金－汇金资管单一资产管理计划,10460117,202000021468,2023-01-01,8645400.0,0.44
中央汇金资产管理有限责任公司,515680,6,年度,2023-12-31,7.0,华夏基金－中央汇金资产管理有限责任公司－华夏基金－汇金资管单一资产管理计划,10460123,202000021475,2023-01-01,8096600.0,0.53
中央汇金资产管理有限责任公司,515790,6,年度,2021-12-31,1.0,华夏基金－中央汇金资产管理有限责任公司－华夏基金－汇金资管单一资产管理计划,10509952,202000024558,2021-01-01,425607436.0,5.14
中央汇金资产管理有限责任公司,515790,5,半年度,2022-06-30,1.0,华夏基金－中央汇金资产管理有限责任公司－华夏基金－汇金资管单一资产管理计划,10509952,202000024558,2022-01-01,425607436.0,4.44
中央汇金资产管理有限责任公司,515790,6,年度,2022-12-31,2.0,华夏基金－中央汇金资产管理有限责任公司－华夏基金－汇金资管单一资产管理计划,10509952,202000024558,2022-01-01,396843836.0,3.97
中央汇金资产管理有限责任公司,515790,6,年度,2023-12-31,10.0,华夏基金－中央汇金资产管理有限责任公司－华夏基金－汇金资管单一资产管理计划,10509952,202000024558,2023-01-01,91945200.0,0.71
中央汇金资产管理有限责任公司,515790,6,年度,2025-12-31,9.0,华夏基金－中央汇金资产管理有限责任公司－华夏基金－汇金资管单一资产管理计划,10509952,202000024558,2025-01-01,75091700.0,0.64
中央汇金资产管理有限责任公司,515800,7,其他周期,2019-12-09,1.0,中央汇金资产管理有限责任公司,10459157,202000021324,2019-10-08,1307627911.0,19.81
中央汇金资产管理有限责任公司,515800,6,年度,2019-12-31,1.0,中央汇金资产管理有限责任公司,10459157,202000021324,2019-10-08,1307627911.0,26.33
中央汇金资产管理有限责任公司,515800,5,半年度,2020-06-30,1.0,中央汇金资产管理有限责任公司,10459157,202000021324,2020-01-01,1307627911.0,48.48
中央汇金资产管理有限责任公司,515800,6,年度,2020-12-31,1.0,中央汇金资产管理有限责任公司,10459157,202000021324,2020-01-01,1307627911.0,72.91
中央汇金资产管理有限责任公司,515800,5,半年度,2021-06-30,1.0,中央汇金资产管理有限责任公司,10459157,202000021324,2021-01-01,1307627911.0,80.05
中央汇金资产管理有限责任公司,515800,6,年度,2021-12-31,1.0,中央汇金资产管理有限责任公司,10459157,202000021324,2021-01-01,1307627911.0,82.27
中央汇金资产管理有限责任公司,515800,5,半年度,2022-06-30,1.0,中央汇金资产管理有限责任公司,10459157,202000021324,2022-01-01,1307627911.0,79.09
中央汇金资产管理有限责任公司,515800,6,年度,2022-12-31,1.0,中央汇金资产管理有限责任公司,10459157,202000021324,2022-01-01,1307627911.0,74.92
中央汇金资产管理有限责任公司,515800,5,半年度,2023-06-30,1.0,中央汇金资产管理有限责任公司,10459157,202000021324,2023-01-01,1307627911.0,72.75
中央汇金资产管理有限责任公司,515800,6,年度,2023-12-31,1.0,中央汇金资产管理有限责任公司,10459157,202000021324,2023-01-01,1307627911.0,16.01
中央汇金资产管理有限责任公司,515800,5,半年度,2024-06-30,1.0,中央汇金资产管理有限责任公司,10459157,202000021324,2024-01-01,1307627911.0,17.58
中央汇金资产管理有限责任公司,515800,6,年度,2024-12-31,1.0,中央汇金资产管理有限责任公司,10459157,202000021324,2024-01-01,1307627911.0,21.27
中央汇金资产管理有限责任公司,515800,5,半年度,2025-06-30,1.0,中央汇金资产管理有限责任公司,10459157,202000021324,2025-01-01,1307627911.0,27.83
中央汇金资产管理有限责任公司,515800,6,年度,2025-12-31,1.0,中央汇金资产管理有限责任公司,10459157,202000021324,2025-01-01,1307627911.0,30.48
中央汇金资产管理有限责任公司,515880,6,年度,2022-12-31,10.0,华夏基金－中央汇金资产管理有限责任公司－华夏基金－汇金资管单一资产管理计划,10459413,202000021350,2022-01-01,9638000.0,0.61
中央汇金资产管理有限责任公司,515880,5,半年度,2023-06-30,8.0,华夏基金－中央汇金资产管理有限责任公司－华夏基金－汇金资管单一资产管理计划,10459413,202000021350,2023-01-01,42336200.0,1.69
中央汇金资产管理有限责任公司,515880,6,年度,2023-12-31,2.0,华夏基金－中央汇金资产管理有限责任公司－华夏基金－汇金资管单一资产管理计划,10459413,202000021350,2023-01-01,75393500.0,3.62
中央汇金资产管理有限责任公司,515880,5,半年度,2024-06-30,1.0,华夏基金－中央汇金资产管理有限责任公司－华夏基金－汇金资管单一资产管理计划,10459413,202000021350,2024-01-01,70513000.0,3.52
中央汇金资产管理有限责任公司,516110,5,半年度,2023-06-30,5.0,华夏基金－中央汇金资产管理有限责任公司－华夏基金－汇金资管单一资产管理计划,10527648,202000026213,2023-01-01,63408600.0,3.58
中央汇金资产管理有限责任公司,516110,6,年度,2023-12-31,3.0,华夏基金－中央汇金资产管理有限责任公司－华夏基金－汇金资管单一资产管理计划,10527648,202000026213,2023-01-01,89086800.0,6.61
中央汇金资产管理有限责任公司,516110,5,半年度,2024-06-30,1.0,华夏基金－中央汇金资产管理有限责任公司－华夏基金－汇金资管单一资产管理计划,10527648,202000026213,2024-01-01,71288000.0,13.04
中央汇金资产管理有限责任公司,516110,6,年度,2024-12-31,1.0,华夏基金－中央汇金资产管理有限责任公司－华夏基金－汇金资管单一资产管理计划,10527648,202000026213,2024-01-01,71288000.0,17.28
中央汇金资产管理有限责任公司,516110,5,半年度,2025-06-30,1.0,华夏基金－中央汇金资产管理有限责任公司－华夏基金－汇金资管单一资产管理计划,10527648,202000026213,2025-01-01,62506900.0,20.25
中央汇金资产管理有限责任公司,516110,6,年度,2025-12-31,1.0,华夏基金－中央汇金资产管理有限责任公司－华夏基金－汇金资管单一资产管理计划,10527648,202000026213,2025-01-01,61706900.0,14.92
中央汇金资产管理有限责任公司,516150,5,半年度,2023-06-30,4.0,华夏基金－中央汇金资产管理有限责任公司－华夏基金－汇金资管单一资产管理计划,10526287,202000025879,2023-01-01,17644900.0,0.85
中央汇金资产管理有限责任公司,516150,6,年度,2023-12-31,2.0,华夏基金－中央汇金资产管理有限责任公司－华夏基金－汇金资管单一资产管理计划,10526287,202000025879,2023-01-01,33802900.0,1.67
中央汇金资产管理有限责任公司,516970,6,年度,2023-12-31,10.0,华夏基金-中央汇金资产管理有限责任公司-华夏基金-汇金资管单一资产管理计划,10544726,202000028737,2023-01-01,32597600.0,0.79
中央汇金资产管理有限责任公司,517090,6,年度,2023-12-31,4.0,华夏基金－中央汇金资产管理有限责任公司－华夏基金－汇金资管单一资产管理计划,10564476,202000031642,2023-01-01,8148700.0,2.24
中央汇金投资有限责任公司,560010,5,半年度,2024-06-30,1.0,中央汇金投资有限责任公司,10595449,202000040580,2024-01-01,3799915155.0,66.69
中央汇金资产管理有限责任公司,560010,6,年度,2024-12-31,1.0,中央汇金资产管理有限责任公司,10595449,202000040580,2024-01-01,4236425860.0,45.67
中央汇金投资有限责任公司,560010,6,年度,2024-12-31,2.0,中央汇金投资有限责任公司,10595449,202000040580,2024-01-01,3799915155.0,40.96
中央汇金资产管理有限责任公司,560010,5,半年度,2025-06-30,1.0,中央汇金资产管理有限责任公司,10595449,202000040580,2025-01-01,6749915042.0,57.22
中央汇金投资有限责任公司,560010,5,半年度,2025-06-30,2.0,中央汇金投资有限责任公司,10595449,202000040580,2025-01-01,3799915155.0,32.21
中央汇金资产管理有限责任公司,560010,6,年度,2025-12-31,1.0,中央汇金资产管理有限责任公司,10595449,202000040580,2025-01-01,6749915042.0,58.77
中央汇金投资有限责任公司,560010,6,年度,2025-12-31,2.0,中央汇金投资有限责任公司,10595449,202000040580,2025-01-01,3799915155.0,33.09
中央汇金资产管理有限责任公司,560050,6,年度,2022-12-31,4.0,中央汇金资产管理有限责任公司,10569823,202000032610,2022-01-01,224855500.0,2.42
中央汇金资产管理有限责任公司,560050,5,半年度,2023-06-30,3.0,中央汇金资产管理有限责任公司,10569823,202000032610,2023-01-01,327632559.0,4.09
中央汇金资产管理有限责任公司,560050,6,年度,2023-12-31,1.0,中央汇金资产管理有限责任公司,10569823,202000032610,2023-01-01,453089157.0,6.01
中央汇金资产管理有限责任公司,560050,5,半年度,2024-06-30,2.0,中央汇金资产管理有限责任公司,10569823,202000032610,2024-01-01,453089157.0,5.31
中央汇金资产管理有限责任公司,560050,6,年度,2024-12-31,2.0,中央汇金资产管理有限责任公司,10569823,202000032610,2024-01-01,453089157.0,6.53
中央汇金资产管理有限责任公司,560050,5,半年度,2025-06-30,1.0,中央汇金资产管理有限责任公司,10569823,202000032610,2025-01-01,453089157.0,8.59
中央汇金资产管理有限责任公司,560050,6,年度,2025-12-31,1.0,中央汇金资产管理有限责任公司,10569823,202000032610,2025-01-01,453089157.0,11.85
中央汇金资产管理有限责任公司,561580,5,半年度,2024-06-30,2.0,华夏基金－中央汇金资产管理有限责任公司－华夏基金－汇金资管单一资产管理计划,10803942,202000046592,2024-01-01,17827100.0,4.16
中央汇金资产管理有限责任公司,561580,6,年度,2024-12-31,2.0,华夏基金－中央汇金资产管理有限责任公司－华夏基金－汇金资管单一资产管理计划,10803942,202000046592,2024-01-01,17827100.0,3.37
中央汇金资产管理有限责任公司,561580,5,半年度,2025-06-30,1.0,华夏基金－中央汇金资产管理有限责任公司－华夏基金－汇金资管单一资产管理计划,10803942,202000046592,2025-01-01,33709900.0,7.87
中央汇金资产管理有限责任公司,561580,6,年度,2025-12-31,2.0,华夏基金－中央汇金资产管理有限责任公司－华夏基金－汇金资管单一资产管理计划,10803942,202000046592,2025-01-01,33709900.0,4.11
中央汇金资产管理有限责任公司,562500,5,半年度,2023-06-30,2.0,华夏基金－中央汇金资产管理有限责任公司－华夏基金－汇金资管单一资产管理计划,10571099,202000033428,2023-01-01,54236400.0,8.53
中央汇金资产管理有限责任公司,562500,6,年度,2023-12-31,2.0,华夏基金－中央汇金资产管理有限责任公司－华夏基金－汇金资管单一资产管理计划,10571099,202000033428,2023-01-01,123888200.0,11.35
中央汇金资产管理有限责任公司,562500,5,半年度,2024-06-30,1.0,华夏基金－中央汇金资产管理有限责任公司－华夏基金－汇金资管单一资产管理计划,10571099,202000033428,2024-01-01,98601900.0,7.04
中央汇金资产管理有限责任公司,562500,6,年度,2024-12-31,6.0,华夏基金－中央汇金资产管理有限责任公司－华夏基金－汇金资管单一资产管理计划,10571099,202000033428,2024-01-01,31624800.0,0.59
中央汇金资产管理有限责任公司,562510,6,年度,2023-12-31,1.0,华夏基金－中央汇金资产管理有限责任公司－华夏基金－汇金资管单一资产管理计划,10572305,202000033690,2023-01-01,36493200.0,3.43
中央汇金资产管理有限责任公司,562510,5,半年度,2024-06-30,2.0,华夏基金－中央汇金资产管理有限责任公司－华夏基金－汇金资管单一资产管理计划,10572305,202000033690,2024-01-01,48277600.0,3.59
中央汇金资产管理有限责任公司,562510,6,年度,2024-12-31,2.0,华夏基金－中央汇金资产管理有限责任公司－华夏基金－汇金资管单一资产管理计划,10572305,202000033690,2024-01-01,61996600.0,6.8
中央汇金资产管理有限责任公司,562510,5,半年度,2025-06-30,1.0,华夏基金－中央汇金资产管理有限责任公司－华夏基金－汇金资管单一资产管理计划,10572305,202000033690,2025-01-01,61996600.0,6.0
中央汇金资产管理有限责任公司,562510,6,年度,2025-12-31,1.0,华夏基金－中央汇金资产管理有限责任公司－华夏基金－汇金资管单一资产管理计划,10572305,202000033690,2025-01-01,61996600.0,7.35
中央汇金投资有限责任公司,588050,5,半年度,2024-06-30,1.0,中央汇金投资有限责任公司,10499628,202000024166,2024-01-01,969748343.0,9.02
中央汇金投资有限责任公司,588050,6,年度,2024-12-31,2.0,中央汇金投资有限责任公司,10499628,202000024166,2024-01-01,969748343.0,7.19
中央汇金投资有限责任公司,588050,5,半年度,2025-06-30,2.0,中央汇金投资有限责任公司,10499628,202000024166,2025-01-01,969748343.0,8.6
中央汇金投资有限责任公司,588050,6,年度,2025-12-31,2.0,中央汇金投资有限责任公司,10499628,202000024166,2025-01-01,969748343.0,11.78
中央汇金投资有限责任公司,588080,5,半年度,2024-06-30,1.0,中央汇金投资有限责任公司,10499563,202000024157,2024-01-01,11806564625.0,24.37
中央汇金投资有限责任公司,588080,6,年度,2024-12-31,1.0,中央汇金投资有限责任公司,10499563,202000024157,2024-01-01,11806564625.0,20.31
中央汇金资产管理有限责任公司,588080,6,年度,2024-12-31,2.0,中央汇金资产管理有限责任公司,10499563,202000024157,2024-01-01,5654156574.0,9.73
中央汇金投资有限责任公司,588080,5,半年度,2025-06-30,1.0,中央汇金投资有限责任公司,10499563,202000024157,2025-01-01,11806564625.0,19.38
中央汇金资产管理有限责任公司,588080,5,半年度,2025-06-30,2.0,中央汇金资产管理有限责任公司,10499563,202000024157,2025-01-01,9800143835.0,16.08
中央汇金投资有限责任公司,588080,6,年度,2025-12-31,1.0,中央汇金投资有限责任公司,10499563,202000024157,2025-01-01,11806564625.0,22.92
中央汇金资产管理有限责任公司,588080,6,年度,2025-12-31,2.0,中央汇金资产管理有限责任公司,10499563,202000024157,2025-01-01,9800143835.0,19.03
